customer_id,target
85214,0
12798,0
146435,0
30536,0
16846,0
29436,0
91399,0
92618,0
85837,0
31615,0
105754,0
87989,0
156629,0
149374,0
106914,0
145348,0
91191,0
145392,0
96406,0
30722,0
159479,0
88201,0
139333,0
30063,0
26509,0
87600,0
136035,0
137721,0
82816,0
29848,0
90420,0
93444,0
157605,0
31550,0
27338,0
151294,0
17003,0
144834,0
25709,0
85663,0
157231,0
140751,0
147641,0
143229,0
15381,0
151544,0
32076,0
69989,0
7024,0
185192,0
119170,0
170361,0
153901,0
149425,0
41018,0
34519,0
33513,0
87823,0
47136,0
139561,0
24530,0
130033,0
192076,0
43837,0
47970,0
109777,0
64290,0
58375,0
171746,0
42293,0
80360,0
75149,0
39320,0
177283,0
116004,0
187219,0
6091,0
70099,0
78732,0
85966,0
24415,0
103153,0
81887,0
53081,0
182740,0
108477,0
62479,0
112070,0
120736,0
102844,0
173316,0
22970,0
75362,0
27276,0
128355,0
42707,0
143272,0
59593,0
106523,0
696,0
181661,0
181169,0
63466,0
114540,0
26360,0
173909,0
9858,0
168699,0
150150,0
6386,0
166284,0
177209,0
121568,0
71896,0
71898,0
163379,0
103655,0
22403,0
169920,0
90254,0
123121,0
142501,0
82024,0
100203,0
118012,0
110823,0
94014,0
158238,0
192736,0
110416,0
127580,0
80440,0
9029,0
63776,0
75273,0
78206,0
74132,0
138855,0
147577,0
3525,0
113136,0
122129,0
188776,0
2909,0
83135,0
115135,0
88588,0
185331,0
30228,0
6333,0
117183,0
164391,0
54416,0
113801,0
50318,0
147375,0
22496,0
91503,0
106936,0
65369,0
149354,0
13707,0
147394,0
195136,0
104759,0
91513,0
140588,0
140776,0
91039,0
89327,0
94881,0
38163,0
15548,0
62458,0
7038,0
115671,0
157311,0
31263,0
195044,0
88378,0
184578,0
157720,0
84905,0
52958,0
27107,0
77164,0
17442,0
109731,0
63557,0
143638,0
70400,0
82666,0
184659,0
145771,0
51283,0
158075,0
18980,0
186282,0
72809,0
77876,0
122707,0
46419,0
71941,0
112778,0
107962,0
104246,0
46404,0
20177,0
170880,0
70414,0
139777,0
28057,0
190194,0
74392,0
64417,0
150054,0
29068,0
44450,0
111501,0
60394,0
105538,0
119211,0
41171,0
2510,0
190389,0
82338,0
27314,0
154430,0
95982,0
83606,0
180833,0
124096,0
32201,0
22963,0
24199,0
60185,0
145235,0
110819,0
188458,0
25428,0
61201,0
45968,0
52821,0
79992,0
136623,0
128104,0
164245,0
30293,0
101103,0
2822,0
74950,0
52074,0
171620,0
191661,0
167053,0
112687,0
186557,0
13861,0
188764,0
107704,0
17048,0
140071,0
193197,0
31138,0
130778,0
248,0
70290,0
137060,0
54893,0
80970,0
13114,0
86297,0
127075,0
61887,0
122191,0
39042,0
6627,0
167061,0
168834,0
20607,0
35991,0
93910,0
199324,0
173608,0
104548,0
143539,0
54813,0
193077,0
15255,0
78709,0
155714,0
195697,0
155610,0
105648,0
106704,0
171258,0
11629,0
99234,0
104545,0
30413,0
164634,0
158526,0
77254,0
72608,0
43129,0
170869,0
119111,0
181452,0
80658,0
197305,0
69032,0
37938,0
13889,0
3585,0
101671,0
138447,0
6566,0
37423,0
27255,0
37642,0
21396,0
181309,0
193317,0
168819,0
145499,0
42045,0
28995,0
9935,0
157822,0
50416,0
192154,0
1224,0
116437,0
130521,0
91900,0
131946,0
14558,0
69978,0
83164,0
102544,0
138863,0
176264,0
83988,0
185218,0
130344,0
145587,0
89949,0
61152,0
191227,0
148516,0
173305,0
171106,0
160236,0
24111,0
10052,0
77788,0
76789,0
79130,0
52944,0
28485,0
42304,0
6890,0
15481,0
132471,0
70827,0
146323,0
77825,0
148097,0
11498,0
116852,0
33874,0
127973,0
57480,0
164241,0
76269,0
47725,0
182914,0
15167,0
164938,0
114380,0
28751,0
93230,0
129904,0
150379,0
1944,0
165750,0
21775,0
142438,0
174041,0
158181,0
150583,0
33711,0
53561,0
179833,0
182913,0
115716,0
108724,0
151378,0
52961,0
116949,0
179810,0
167832,0
112489,0
79368,0
90393,0
102543,0
197976,0
50469,0
180174,0
51352,0
82510,0
110886,0
92794,0
143173,0
149515,0
51655,0
126275,0
137083,0
146811,0
58918,0
171488,0
43644,0
70318,0
147648,0
170771,0
58950,0
31498,0
159858,0
155775,0
33346,0
170924,0
34969,0
143972,0
86963,0
152071,0
114123,0
64389,0
43737,0
168378,0
182021,0
15137,0
28495,0
98905,0
1276,0
17234,0
177041,0
193730,0
179789,0
13810,0
135925,0
104598,0
148802,0
168957,0
39518,0
82524,0
47630,0
139810,0
36419,0
87360,0
35604,0
102410,0
169527,0
181985,0
180470,0
138579,0
101296,0
134507,0
112488,0
119555,0
62881,0
76491,0
17953,0
66767,0
57623,0
107431,0
58644,0
167077,0
108516,0
133247,0
8290,0
170761,0
184159,0
46298,0
57818,0
59655,0
108836,0
68497,0
83247,0
41259,0
156855,0
111298,0
95199,0
169183,0
48544,0
68590,0
123783,0
153864,0
9181,0
97780,0
144824,0
66298,0
157076,0
20808,0
97767,0
163909,0
28569,0
51842,0
112582,0
16246,0
72528,0
127538,0
189828,0
175928,0
26670,0
125708,0
166146,0
17712,0
70939,0
108624,0
126881,0
132126,0
58031,0
181597,0
175848,0
126099,0
63742,0
16016,0
13793,0
150212,0
105554,0
70800,0
97678,0
129299,0
41444,0
165723,0
112871,0
39539,0
80262,0
44313,0
39064,0
7082,0
18953,0
107368,0
147899,0
72674,0
194973,0
93036,0
47668,0
150242,0
25798,0
95917,0
15359,0
191487,0
194612,0
57157,0
79604,0
20190,0
199198,0
137651,0
19504,0
13247,0
197111,0
166608,0
176313,0
5699,0
69178,0
37088,0
165791,0
188919,0
15529,0
67323,0
26236,0
105762,0
56051,0
24970,0
67636,0
108493,0
25666,0
119187,0
164312,0
119100,0
21,0
55863,0
43242,0
128817,0
154459,0
183993,0
159704,0
137061,0
162399,0
74464,0
73460,0
100592,0
84908,0
160257,0
113796,0
45065,0
58282,0
82766,0
191011,0
69138,0
128627,0
98652,0
50559,0
169872,0
29512,0
113180,0
44923,0
162729,0
71748,0
173802,0
124655,0
42957,0
4518,0
110658,0
61269,0
86278,0
162432,0
186880,0
37449,0
143825,0
114418,0
171457,0
158616,0
15161,0
134327,0
131321,0
6819,0
74174,0
140734,0
131042,0
36076,0
36177,0
112691,0
64439,0
167800,0
90351,0
108495,0
110336,0
152552,0
67740,0
37802,0
59615,0
36259,0
145183,0
12215,0
136178,0
34657,0
142307,0
92809,0
116526,0
99387,0
85155,0
50252,0
99804,0
38139,0
71376,0
173734,0
19986,0
152164,0
82421,0
183710,0
136121,0
54063,0
27883,0
42509,0
40326,0
17104,0
23467,0
197971,0
40655,0
133915,0
154752,0
140744,0
92653,0
184439,0
42935,0
145084,0
30155,0
92929,0
39947,0
199076,0
169792,0
130719,0
73677,0
2671,0
101168,0
102991,0
44206,0
43070,0
172578,0
89592,0
13765,0
43881,0
132639,0
82846,0
34152,0
183459,0
89124,0
193106,0
189264,0
152029,0
75635,0
190728,0
49532,0
29275,0
55667,0
69347,0
174870,0
36041,0
85926,0
148876,0
16116,0
116881,0
109061,0
94783,0
61989,0
5857,0
186702,0
56743,0
183722,0
143974,0
37615,0
121970,0
178410,0
18043,0
134372,0
140923,0
8032,0
125806,0
53204,0
124045,0
194380,0
36880,0
43040,0
101514,0
22289,0
22090,0
39687,0
142399,0
37568,0
181610,0
198455,0
178788,0
193081,0
85273,0
146221,0
175863,0
5711,0
135121,0
70692,0
24669,0
84285,0
179026,0
102662,0
174670,0
3358,0
56688,0
126147,0
95216,0
86981,0
55410,0
119981,0
85739,0
12394,0
143562,0
168250,0
129007,0
127154,0
91999,0
117084,0
23370,0
114371,0
106507,0
65491,0
115722,0
153766,0
98975,0
191767,0
198620,0
28262,0
56150,0
69000,0
154143,0
69015,0
33390,0
130573,0
174300,0
168982,0
186042,0
73241,0
78596,0
67716,0
91834,0
159245,0
163742,0
192402,0
59654,0
135198,0
54848,0
181968,0
167209,0
33099,0
174049,0
179118,0
103635,0
186971,0
93097,0
69231,0
119812,0
110524,0
195875,0
40234,0
93733,0
2924,0
114774,0
32243,0
93962,0
70412,0
128151,0
145838,0
184450,0
164948,0
29637,0
102539,0
39511,0
78516,0
172120,0
163105,0
13277,0
4632,0
92549,0
27014,0
193799,0
149412,0
165669,0
79816,0
147840,0
134102,0
24631,0
89861,0
107755,0
9988,0
120090,0
183869,0
183939,0
27132,0
39344,0
161561,0
55209,0
130175,0
44858,0
76732,0
109773,0
180563,0
30767,0
69817,0
90928,0
158264,0
189865,0
102361,0
68551,0
99935,0
101769,0
52252,0
100128,0
194497,0
196295,0
92109,0
180167,0
179696,0
182337,0
184349,0
156981,0
145535,0
93169,0
163920,0
196052,0
170114,0
68533,0
162217,0
178885,0
169642,0
40216,0
42795,0
101849,0
102034,0
119549,0
80087,0
34714,0
149317,0
42321,0
81616,0
180699,0
23236,0
140690,0
28729,0
108366,0
78096,0
131149,0
142954,0
159405,0
115079,0
139111,0
67593,0
158205,0
140152,0
117561,0
21363,0
178197,0
127203,0
137523,0
130440,0
180062,0
68656,0
161857,0
2720,0
68671,0
133420,0
21632,0
100476,0
20644,0
150254,0
90377,0
26189,0
20707,0
33685,0
165772,0
142388,0
147793,0
24126,0
40886,0
40885,0
51140,0
189519,0
49901,0
186899,0
36058,0
125156,0
92244,0
190670,0
61124,0
13428,0
180123,0
58696,0
104002,0
196901,0
6353,0
145146,0
36605,0
22557,0
140003,0
49800,0
16518,0
147716,0
101836,0
17989,0
83248,0
62295,0
4796,0
77790,0
21365,0
82027,0
140594,0
2920,0
170932,0
99896,0
165004,0
130032,0
6122,0
155799,0
198929,0
50132,0
16185,0
97309,0
34731,0
9700,0
148325,0
32685,0
191109,0
178644,0
91936,0
168822,0
195830,0
2219,0
85677,0
71439,0
27633,0
1085,0
45644,0
133956,0
93583,0
64709,0
143640,0
82484,0
107932,0
36512,0
53401,0
1650,0
107180,0
30087,0
82697,0
19413,0
128665,0
34405,0
35988,0
103390,0
152373,0
61056,0
191643,0
121512,0
148846,0
156555,0
175824,0
59146,0
119285,0
5678,0
81718,0
86648,0
87071,0
167413,0
155632,0
12831,0
139587,0
66431,0
71487,0
48506,0
32359,0
107609,0
28974,0
77024,0
117676,0
85052,0
46274,0
40251,0
71987,0
111095,0
138252,0
35818,0
43260,0
7933,0
102749,0
102810,0
166281,0
170400,0
154703,0
104621,0
56425,0
171217,0
170382,0
22735,0
159630,0
162863,0
172553,0
74800,0
43100,0
171672,0
197877,0
97256,0
84572,0
191118,0
101635,0
122905,0
106815,0
75933,0
190141,0
83724,0
176363,0
77943,0
65136,0
28642,0
65765,0
15942,0
129476,0
63416,0
151193,0
132154,0
22662,0
12241,0
97314,0
33516,0
102719,0
147964,0
5157,0
128427,0
90139,0
1939,0
186952,0
143395,0
167259,0
84212,0
100463,0
181237,0
135292,0
24752,0
63963,0
5565,0
187168,0
27984,0
147490,0
94875,0
161972,0
65611,0
179,0
103419,0
192184,0
181268,0
161348,0
130589,0
187407,0
160719,0
163857,0
51136,0
156635,0
19698,0
16967,0
122250,0
171911,0
114419,0
156413,0
145559,0
172654,0
53181,0
138420,0
147915,0
125452,0
54238,0
160109,0
194940,0
46920,0
127868,0
32619,0
172924,0
150818,0
173582,0
35831,0
171237,0
93371,0
146958,0
131503,0
178136,0
181263,0
15884,0
178967,0
77685,0
91060,0
47165,0
106412,0
46491,0
19874,0
155612,0
8275,0
89998,0
93696,0
7475,0
26165,0
17423,0
68868,0
114135,0
135853,0
142579,0
68343,0
47790,0
111510,0
76409,0
167650,0
153291,0
148364,0
78385,0
22556,0
11563,0
171546,0
45327,0
29586,0
48152,0
162196,0
17901,0
141995,0
14508,0
110051,0
141016,0
184699,0
11733,0
79488,0
141737,0
89196,0
30614,0
123519,0
89205,0
134044,0
123923,0
27136,0
57643,0
62116,0
61797,0
12297,0
175224,0
22704,0
35431,0
152797,0
120345,0
197620,0
49128,0
156513,0
144778,0
21700,0
126871,0
131655,0
178329,0
73993,0
190483,0
109300,0
32340,0
50475,0
6052,0
5139,0
14013,0
80953,0
38568,0
16332,0
27533,0
6613,0
38471,0
191550,0
105287,0
166138,0
194427,0
13057,0
74019,0
145221,0
105886,0
186487,0
183047,0
157095,0
18371,0
81460,0
708,0
16942,0
67948,0
6195,0
160626,0
28594,0
47493,0
170133,0
106463,0
186781,0
136278,0
100692,0
105004,0
144376,0
70769,0
188233,0
100898,0
119814,0
68200,0
187700,0
83591,0
136994,0
148968,0
171195,0
99438,0
183409,0
198931,0
150656,0
23854,0
49077,0
91505,0
173638,0
25413,0
118418,0
88392,0
27242,0
16381,0
13118,0
4095,0
32159,0
130248,0
178039,0
144767,0
25475,0
79194,0
20370,0
111975,0
77568,0
45502,0
32826,0
51152,0
134279,0
100258,0
34668,0
98363,0
110226,0
8306,0
145245,0
115698,0
30493,0
74632,0
138668,0
100294,0
14441,0
135931,0
142898,0
172795,0
65138,0
40720,0
167200,0
87317,0
53465,0
28067,0
127752,0
154006,0
41915,0
132412,0
169599,0
110168,0
38765,0
170539,0
76367,0
111526,0
32495,0
8840,0
188489,0
154003,0
143600,0
26961,0
177001,0
175191,0
25458,0
198696,0
19006,0
5885,0
193560,0
19097,0
47187,0
152287,0
169932,0
156151,0
14973,0
71173,0
60712,0
16118,0
76810,0
143853,0
150544,0
171769,0
149548,0
125052,0
185295,0
24793,0
129604,0
87899,0
24234,0
86903,0
138168,0
142022,0
16668,0
193085,0
50852,0
73749,0
84128,0
44994,0
62169,0
166539,0
175732,0
109992,0
104115,0
99868,0
78422,0
163243,0
180144,0
198208,0
180709,0
150412,0
159823,0
83784,0
71904,0
58516,0
48422,0
2096,0
86430,0
134022,0
89640,0
185423,0
5745,0
181644,0
150142,0
106213,0
102070,0
62520,0
13152,0
98484,0
144820,0
70473,0
143142,0
95510,0
69621,0
1494,0
155467,0
62829,0
176107,0
199004,0
111729,0
115968,0
50473,0
115149,0
194407,0
147663,0
148148,0
79120,0
121940,0
77238,0
18818,0
187393,0
135751,0
169431,0
102895,0
142985,0
34909,0
57725,0
185026,0
45031,0
76092,0
32522,0
198418,0
181451,0
114769,0
120452,0
65619,0
81386,0
138045,0
15249,0
108853,0
19577,0
134704,0
29747,0
76728,0
161777,0
127753,0
120678,0
174419,0
132526,0
78903,0
62278,0
152650,0
46948,0
52064,0
72617,0
165844,0
168812,0
120109,0
37873,0
188624,0
16742,0
126828,0
14820,0
170063,0
182519,0
133717,0
31737,0
14556,0
91908,0
146553,0
112980,0
188633,0
112331,0
197143,0
97712,0
163573,0
177666,0
105446,0
4764,0
114246,0
9492,0
110083,0
62525,0
196070,0
112553,0
27388,0
29413,0
101138,0
37008,0
58408,0
44218,0
114681,0
71946,0
21389,0
69013,0
118685,0
83437,0
58338,0
79622,0
62586,0
82393,0
54262,0
121318,0
71945,0
155189,0
169765,0
132212,0
177229,0
38176,0
98497,0
125622,0
161797,0
172001,0
165597,0
13051,0
27520,0
15321,0
125926,0
191757,0
8911,0
63593,0
90460,0
131449,0
140104,0
48908,0
66636,0
117864,0
28025,0
93833,0
31348,0
187494,0
152508,0
122341,0
36365,0
131387,0
33066,0
27999,0
49118,0
50775,0
103795,0
118176,0
92466,0
40610,0
152125,0
11572,0
109009,0
191596,0
20053,0
103348,0
163287,0
138151,0
21488,0
27529,0
141521,0
175753,0
173521,0
7592,0
193963,0
160790,0
18038,0
178525,0
169105,0
5655,0
197819,0
49157,0
149943,0
113747,0
73786,0
30033,0
159903,0
122631,0
34546,0
28539,0
131040,0
63252,0
155853,0
197582,0
67642,0
61392,0
127324,0
129613,0
160023,0
119199,0
94339,0
99485,0
199991,0
95614,0
167791,0
38255,0
28536,0
124435,0
124833,0
162951,0
101694,0
186330,0
190341,0
152661,0
74193,0
101898,0
107759,0
524,0
67147,0
115803,0
33173,0
122484,0
167635,0
21112,0
120978,0
68019,0
174737,0
167738,0
115586,0
61673,0
48018,0
82445,0
92598,0
176805,0
4817,0
105090,0
136033,0
58665,0
57427,0
2425,0
76357,0
171070,0
36745,0
154196,0
18527,0
87321,0
162151,0
176700,0
9343,0
21324,0
170994,0
95351,0
171931,0
141070,0
176795,0
47476,0
82549,0
47917,0
10960,0
176660,0
83228,0
173064,0
112370,0
84154,0
182008,0
25229,0
33784,0
178103,0
101079,0
7480,0
31733,0
23400,0
134750,0
61027,0
90429,0
137667,0
40577,0
178640,0
46774,0
105170,0
5883,0
192568,0
61718,0
172289,0
88127,0
168966,0
165922,0
171918,0
155645,0
123544,0
24424,0
128122,0
184123,0
107369,0
92846,0
107105,0
54204,0
140121,0
145800,0
91950,0
126773,0
103448,0
17237,0
5536,0
165571,0
1734,0
43313,0
101678,0
38009,0
65447,0
53765,0
168038,0
112701,0
130117,0
49729,0
29497,0
49736,0
154856,0
107043,0
142414,0
123975,0
85191,0
199724,0
146715,0
102483,0
102734,0
55166,0
134600,0
192710,0
52348,0
165058,0
174520,0
19682,0
55551,0
160181,0
193175,0
114400,0
84015,0
27828,0
36302,0
167520,0
4960,0
112752,0
182969,0
24659,0
59949,0
53721,0
101114,0
78796,0
135862,0
91966,0
37532,0
174722,0
76644,0
34686,0
45303,0
153176,0
19792,0
73068,0
114408,0
145243,0
198316,0
57866,0
27254,0
59643,0
56965,0
176024,0
41328,0
10179,0
134240,0
58464,0
182140,0
168399,0
87689,0
141678,0
37134,0
15869,0
111331,0
13178,0
180245,0
89255,0
198516,0
148701,0
145892,0
147771,0
189292,0
90010,0
118767,0
49072,0
84496,0
150526,0
128301,0
32271,0
34880,0
51017,0
33975,0
73307,0
90344,0
54532,0
123423,0
152082,0
104100,0
164872,0
14172,0
15743,0
120388,0
6070,0
166097,0
100126,0
75897,0
105253,0
102558,0
60603,0
57000,0
48222,0
160015,0
103306,0
100739,0
58474,0
180269,0
178443,0
125031,0
197187,0
64237,0
165710,0
29990,0
135594,0
163077,0
3157,0
146132,0
172354,0
170010,0
106987,0
70806,0
162121,0
65654,0
160104,0
146925,0
102104,0
181406,0
38242,0
145941,0
190741,0
109879,0
182631,0
18664,0
115915,0
109784,0
189921,0
138727,0
175745,0
60739,0
84216,0
133837,0
45605,0
43503,0
60755,0
166589,0
190041,0
41880,0
62224,0
51873,0
114102,0
83829,0
101562,0
86171,0
150633,0
106557,0
57912,0
83706,0
12006,0
178930,0
190460,0
170492,0
107862,0
172337,0
64190,0
132928,0
59422,0
182820,0
28438,0
113187,0
25143,0
146159,0
179167,0
104158,0
15761,0
77718,0
148737,0
83372,0
141928,0
121290,0
141942,0
92442,0
110417,0
120730,0
19741,0
102167,0
69266,0
28659,0
170257,0
103308,0
127562,0
22102,0
78220,0
45820,0
182535,0
110276,0
78323,0
172309,0
59196,0
132739,0
197494,0
42155,0
10016,0
100797,0
161944,0
64148,0
2544,0
90250,0
197766,0
110436,0
15887,0
33443,0
39788,0
178695,0
153951,0
162934,0
178652,0
45487,0
22008,0
28427,0
95911,0
178125,0
25146,0
142083,0
196514,0
99279,0
45086,0
128022,0
72797,0
47420,0
160578,0
161453,0
171292,0
187495,0
40549,0
134752,0
124903,0
3666,0
175335,0
156601,0
105900,0
57585,0
51213,0
131457,0
88874,0
52718,0
22551,0
175500,0
193599,0
10571,0
167189,0
24035,0
186495,0
72983,0
76729,0
119498,0
24179,0
156356,0
80012,0
65072,0
98406,0
96371,0
111152,0
43202,0
76595,0
86936,0
95584,0
118502,0
52794,0
189223,0
138459,0
8129,0
54986,0
160385,0
40663,0
175575,0
105231,0
140948,0
75947,0
11609,0
50925,0
140954,0
173267,0
139624,0
84238,0
70683,0
89126,0
187827,0
149497,0
1497,0
165942,0
161128,0
181719,0
38904,0
51010,0
48070,0
169383,0
9335,0
68403,0
27859,0
1348,0
171021,0
12277,0
75111,0
100025,0
111362,0
105144,0
175671,0
57341,0
112346,0
17064,0
198803,0
125014,0
26946,0
40649,0
152289,0
118327,0
87117,0
159375,0
194044,0
21213,0
101731,0
10930,0
123136,0
174635,0
103533,0
11931,0
67637,0
127769,0
119439,0
61534,0
151357,0
155196,0
104821,0
81388,0
103897,0
79878,0
58347,0
156028,0
50046,0
96843,0
41711,0
127097,0
192588,0
100757,0
9582,0
79822,0
164456,0
111636,0
95647,0
168095,0
180706,0
149731,0
181057,0
13575,0
167700,0
143929,0
122704,0
174072,0
61300,0
111560,0
174135,0
79697,0
177681,0
74040,0
6718,0
11928,0
118577,0
96840,0
60745,0
49988,0
105086,0
143391,0
37302,0
73634,0
63832,0
153476,0
150627,0
70013,0
186840,0
11640,0
109134,0
24150,0
88961,0
192591,0
75118,0
158831,0
68348,0
6490,0
29759,0
39347,0
192337,0
17439,0
174216,0
12239,0
15129,0
85873,0
104773,0
155531,0
24639,0
149155,0
97810,0
50943,0
191627,0
186869,0
9112,0
11228,0
141987,0
159529,0
135729,0
174329,0
6461,0
156832,0
144201,0
95738,0
194461,0
194224,0
171203,0
127512,0
187335,0
174485,0
124523,0
97389,0
147210,0
15115,0
97395,0
146651,0
100880,0
4498,0
49290,0
100858,0
147236,0
87061,0
186226,0
95237,0
21153,0
145121,0
162941,0
104712,0
40958,0
180551,0
130848,0
14328,0
81110,0
190504,0
43093,0
81190,0
125977,0
13853,0
3338,0
30545,0
55101,0
155690,0
31064,0
168862,0
39466,0
141779,0
70654,0
85226,0
143681,0
171710,0
56382,0
51983,0
82646,0
63207,0
63213,0
149018,0
119772,0
130224,0
120184,0
70115,0
66499,0
31131,0
8545,0
22505,0
59402,0
127354,0
154845,0
84799,0
2737,0
61780,0
20490,0
43286,0
199422,0
17049,0
117802,0
193512,0
105682,0
60917,0
88459,0
44995,0
55544,0
10810,0
104601,0
138686,0
32945,0
145698,0
185067,0
62510,0
87693,0
76896,0
129361,0
126237,0
124075,0
76575,0
58575,0
101277,0
64862,0
151479,0
191406,0
82352,0
45878,0
118879,0
47527,0
198853,0
79618,0
123454,0
176334,0
157572,0
190029,0
194879,0
185005,0
154105,0
131841,0
127052,0
116750,0
123117,0
98122,0
96238,0
148139,0
106157,0
161226,0
154107,0
89276,0
190719,0
93083,0
153660,0
89982,0
87566,0
80092,0
963,0
57695,0
1248,0
165314,0
51259,0
36628,0
95154,0
179334,0
151741,0
60298,0
25589,0
183835,0
172799,0
33469,0
461,0
178022,0
77511,0
58888,0
90528,0
179505,0
179538,0
38208,0
116174,0
196380,0
118713,0
83936,0
103209,0
47944,0
177542,0
121693,0
176762,0
28089,0
111847,0
49421,0
76446,0
105512,0
66775,0
96747,0
114320,0
18007,0
195297,0
138571,0
193074,0
1841,0
38332,0
151682,0
191818,0
126260,0
190530,0
195282,0
56080,0
24858,0
47290,0
169668,0
112831,0
132031,0
123230,0
111954,0
95591,0
20737,0
149293,0
142765,0
140813,0
19925,0
70191,0
189124,0
140311,0
19847,0
114609,0
100690,0
139063,0
107027,0
77137,0
55512,0
145551,0
82377,0
62650,0
49966,0
18363,0
71924,0
28354,0
14956,0
122643,0
106273,0
35652,0
96049,0
42179,0
192194,0
124559,0
174139,0
103240,0
118793,0
151328,0
2007,0
101810,0
95054,0
50149,0
67873,0
152976,0
77365,0
181022,0
129704,0
50178,0
13077,0
153151,0
32957,0
163894,0
74094,0
36039,0
55810,0
160367,0
128755,0
181215,0
67240,0
101265,0
7636,0
155222,0
178746,0
63469,0
132452,0
116842,0
2701,0
106197,0
132159,0
97087,0
128838,0
3523,0
160251,0
155779,0
23637,0
162481,0
101774,0
104296,0
126701,0
93023,0
147037,0
168737,0
8374,0
24744,0
67822,0
4805,0
29547,0
88992,0
165871,0
183376,0
97726,0
42505,0
125263,0
125123,0
12283,0
149398,0
33344,0
6375,0
123566,0
75862,0
47896,0
111210,0
194433,0
156756,0
176300,0
108173,0
36452,0
855,0
41404,0
258,0
131772,0
181654,0
85881,0
194133,0
170666,0
118272,0
27141,0
121894,0
23096,0
156961,0
42591,0
196774,0
112206,0
119742,0
54671,0
124331,0
188522,0
125039,0
66316,0
57182,0
56687,0
159379,0
197072,0
62051,0
100071,0
95489,0
75237,0
6436,0
68506,0
151788,0
92444,0
24016,0
42645,0
105167,0
48471,0
80848,0
9374,0
18661,0
143111,0
99091,0
183067,0
71444,0
50733,0
184749,0
194535,0
123610,0
39639,0
42580,0
12836,0
26926,0
193720,0
185531,0
110037,0
75381,0
51189,0
34830,0
24566,0
32070,0
26321,0
89220,0
175542,0
10569,0
172470,0
91602,0
9198,0
48118,0
65951,0
137495,0
112030,0
52113,0
125925,0
108005,0
76348,0
91022,0
185996,0
83639,0
15403,0
196990,0
188277,0
14380,0
108324,0
54618,0
72539,0
75464,0
14900,0
184148,0
51467,0
89117,0
135503,0
25973,0
66061,0
111529,0
88286,0
130433,0
33978,0
190922,0
59483,0
58430,0
135528,0
17630,0
41827,0
45833,0
89193,0
183918,0
48031,0
190928,0
52005,0
163431,0
196016,0
94424,0
17826,0
163393,0
2234,0
131035,0
194334,0
106541,0
125676,0
73514,0
136248,0
92754,0
90054,0
131001,0
36151,0
18858,0
75355,0
184195,0
78507,0
175080,0
3624,0
135072,0
166743,0
36449,0
85789,0
88887,0
77989,0
6239,0
177063,0
68083,0
11303,0
121808,0
57875,0
109137,0
155693,0
34921,0
36744,0
112427,0
93826,0
141846,0
24855,0
72745,0
176782,0
36405,0
66637,0
30452,0
115399,0
69214,0
113097,0
18656,0
83266,0
176891,0
56448,0
165379,0
1262,0
121493,0
115524,0
48642,0
124695,0
146710,0
4158,0
151526,0
125195,0
142238,0
146725,0
45686,0
46994,0
16353,0
168646,0
174528,0
16874,0
68948,0
49912,0
184216,0
55152,0
155360,0
25950,0
174673,0
194004,0
127958,0
197101,0
170183,0
192029,0
123988,0
172529,0
108636,0
12061,0
185599,0
63782,0
12565,0
152808,0
101776,0
151171,0
145943,0
132082,0
3664,0
101377,0
109,0
161117,0
44773,0
44770,0
179481,0
120142,0
339,0
25430,0
145754,0
60331,0
133382,0
162106,0
42262,0
90731,0
189579,0
32838,0
19039,0
189575,0
52698,0
25117,0
107019,0
2674,0
134308,0
180694,0
179027,0
22736,0
159010,0
198571,0
182714,0
198183,0
87035,0
71022,0
145630,0
62748,0
61645,0
44497,0
162490,0
119819,0
26646,0
35477,0
81825,0
95395,0
28506,0
102303,0
13351,0
7681,0
114095,0
100207,0
120300,0
62935,0
593,0
40154,0
103731,0
119711,0
145188,0
5352,0
52086,0
60706,0
236,0
90953,0
63042,0
127215,0
123611,0
190411,0
91297,0
149241,0
62028,0
170699,0
113991,0
11138,0
150082,0
79054,0
154549,0
71168,0
80767,0
175193,0
90479,0
148877,0
114142,0
146623,0
148429,0
172428,0
11723,0
132685,0
123151,0
195648,0
42656,0
37210,0
134298,0
42653,0
108375,0
15287,0
29450,0
153384,0
20310,0
191879,0
147798,0
89093,0
81725,0
165770,0
38868,0
108908,0
10911,0
175089,0
27108,0
126038,0
140773,0
62209,0
130609,0
161201,0
125695,0
176076,0
182989,0
188169,0
183825,0
18584,0
117357,0
145193,0
187692,0
22142,0
34982,0
185884,0
155463,0
155454,0
27994,0
41239,0
166765,0
166757,0
51096,0
48590,0
39029,0
17772,0
98760,0
52353,0
87610,0
43762,0
23982,0
169775,0
42541,0
57073,0
127898,0
32934,0
197422,0
172059,0
105572,0
77373,0
35946,0
97547,0
7292,0
123762,0
35519,0
128416,0
69834,0
90596,0
68616,0
197437,0
52662,0
91920,0
64869,0
199315,0
194391,0
140854,0
189759,0
193760,0
27958,0
18632,0
32922,0
76761,0
177679,0
59809,0
7784,0
163477,0
73103,0
36149,0
5375,0
119904,0
3134,0
14405,0
42893,0
6795,0
168212,0
67411,0
184889,0
97133,0
161537,0
184536,0
23399,0
67669,0
165168,0
90462,0
87026,0
163830,0
87015,0
27321,0
116858,0
181945,0
103102,0
119956,0
104359,0
105530,0
55492,0
161393,0
2445,0
28666,0
184780,0
50041,0
32019,0
29426,0
73715,0
110032,0
179251,0
51825,0
871,0
139748,0
146931,0
104721,0
182766,0
95976,0
88222,0
195456,0
146699,0
102460,0
160337,0
124092,0
85075,0
93082,0
115029,0
23510,0
51916,0
99209,0
46265,0
176507,0
14788,0
20605,0
44726,0
9469,0
113330,0
78382,0
29542,0
158273,0
118823,0
112483,0
70804,0
143798,0
153087,0
136028,0
127981,0
172725,0
15906,0
45194,0
87760,0
192982,0
100827,0
121274,0
46182,0
116169,0
9290,0
100390,0
160350,0
199919,0
79383,0
77791,0
141393,0
176883,0
162720,0
45689,0
1287,0
150138,0
33777,0
178483,0
4064,0
146239,0
127098,0
148251,0
169637,0
109001,0
23586,0
25086,0
158824,0
109008,0
83909,0
111191,0
114958,0
177346,0
164893,0
44145,0
47306,0
4836,0
76898,0
62190,0
159166,0
184964,0
153691,0
54399,0
164864,0
22273,0
19637,0
11502,0
128162,0
9471,0
59274,0
157165,0
119725,0
65764,0
44175,0
79951,0
42527,0
48210,0
165570,0
144701,0
179872,0
133012,0
48190,0
32735,0
80488,0
176932,0
11476,0
149476,0
159144,0
148817,0
165460,0
164946,0
13014,0
14078,0
32313,0
165511,0
173345,0
93457,0
2832,0
163040,0
77158,0
138196,0
85665,0
147082,0
40056,0
67992,0
46113,0
40960,0
103285,0
39268,0
97181,0
100404,0
2710,0
78929,0
18950,0
172357,0
55162,0
155767,0
5824,0
12159,0
74252,0
81735,0
189418,0
193234,0
74348,0
167388,0
168859,0
46257,0
55981,0
74309,0
964,0
4313,0
12780,0
163996,0
161980,0
129089,0
64353,0
79068,0
82545,0
41985,0
51788,0
11886,0
13579,0
45096,0
21029,0
168147,0
180866,0
153009,0
158250,0
146079,0
2724,0
13,0
162213,0
96161,0
42017,0
78177,0
19804,0
73109,0
182492,0
49883,0
140648,0
127325,0
27036,0
29783,0
136187,0
160205,0
160196,0
168026,0
30973,0
107819,0
63989,0
174529,0
10624,0
142795,0
71856,0
50800,0
74853,0
132359,0
31207,0
142345,0
164409,0
24975,0
17224,0
131515,0
42372,0
68321,0
201,0
53448,0
19748,0
159073,0
105956,0
149137,0
116488,0
164251,0
69115,0
71857,0
66397,0
56549,0
39553,0
162866,0
124928,0
193626,0
91955,0
79811,0
74582,0
5920,0
156881,0
166387,0
127147,0
61802,0
85682,0
121329,0
188275,0
151413,0
164143,0
12829,0
133230,0
969,0
133554,0
5995,0
103921,0
83221,0
112645,0
153878,0
142407,0
33017,0
184059,0
26083,0
6176,0
150343,0
63012,0
83136,0
11267,0
78197,0
164441,0
101236,0
12471,0
120727,0
44429,0
89908,0
183185,0
76735,0
57880,0
172966,0
132661,0
78465,0
145071,0
47016,0
22140,0
132088,0
172000,0
9505,0
65011,0
113436,0
149043,0
18936,0
38108,0
164996,0
22586,0
121098,0
69110,0
165048,0
113072,0
155015,0
182161,0
148532,0
25445,0
170355,0
149101,0
58433,0
58450,0
196470,0
98882,0
107485,0
141893,0
114771,0
196955,0
20455,0
115243,0
60711,0
155542,0
144569,0
199133,0
20520,0
155745,0
100900,0
105350,0
12607,0
81219,0
56811,0
143267,0
187778,0
114415,0
112195,0
147643,0
185262,0
119908,0
34864,0
161072,0
103011,0
36599,0
124466,0
50447,0
105784,0
115967,0
154024,0
75507,0
109516,0
150796,0
194479,0
80413,0
166587,0
168773,0
35666,0
193267,0
175163,0
66965,0
120238,0
97327,0
109302,0
181355,0
115392,0
84835,0
6599,0
158,0
55941,0
129829,0
1689,0
91524,0
59600,0
109458,0
189628,0
11795,0
193933,0
88625,0
185788,0
167629,0
175628,0
55934,0
174988,0
106824,0
159594,0
29069,0
140879,0
26556,0
652,0
11576,0
20815,0
152928,0
98109,0
146760,0
26437,0
57306,0
30590,0
115024,0
126970,0
17460,0
156031,0
145355,0
57454,0
147930,0
171450,0
86570,0
20563,0
123374,0
18511,0
37293,0
57555,0
55335,0
150643,0
107440,0
124558,0
130292,0
119548,0
179830,0
123080,0
81436,0
174436,0
120221,0
143071,0
165858,0
84234,0
130894,0
36193,0
141682,0
115075,0
144075,0
192644,0
185185,0
121930,0
23475,0
120200,0
91378,0
103294,0
193160,0
162194,0
144380,0
37426,0
159939,0
183623,0
192359,0
85286,0
15192,0
13347,0
55288,0
167459,0
138407,0
9772,0
85007,0
111869,0
170262,0
178082,0
135759,0
181295,0
172594,0
174261,0
99069,0
117398,0
183435,0
32521,0
192958,0
158066,0
158201,0
128787,0
5049,0
39900,0
135134,0
16308,0
121250,0
28855,0
37091,0
180676,0
45882,0
150569,0
187198,0
131080,0
104819,0
186732,0
85078,0
178226,0
32203,0
88187,0
126549,0
113873,0
190680,0
152753,0
158035,0
189467,0
196505,0
17483,0
186551,0
96187,0
169614,0
50582,0
161585,0
107351,0
9487,0
57267,0
112340,0
68687,0
9248,0
65778,0
35882,0
98071,0
118253,0
105495,0
106780,0
154635,0
37122,0
150231,0
6051,0
65856,0
187943,0
26983,0
138527,0
155458,0
128262,0
29156,0
57038,0
82071,0
11003,0
104350,0
35851,0
195233,0
37525,0
9426,0
20666,0
80151,0
47520,0
40558,0
31242,0
31236,0
13416,0
165064,0
27822,0
38713,0
9448,0
11488,0
57447,0
89401,0
96029,0
62261,0
115035,0
149417,0
47802,0
97931,0
149244,0
179638,0
5215,0
56566,0
21407,0
23428,0
56557,0
180357,0
164267,0
154610,0
96279,0
115287,0
11646,0
41203,0
48779,0
185892,0
164,0
28030,0
95579,0
66878,0
113343,0
56110,0
167268,0
49300,0
74431,0
10896,0
50847,0
88995,0
128405,0
108551,0
83691,0
143212,0
115956,0
195826,0
148281,0
87663,0
19283,0
43626,0
18909,0
194291,0
87577,0
66112,0
130464,0
56884,0
50934,0
139045,0
16340,0
62005,0
6440,0
3235,0
4231,0
66307,0
118027,0
48359,0
198873,0
89396,0
99646,0
63004,0
99655,0
45501,0
26349,0
63126,0
158368,0
133045,0
82961,0
78822,0
20159,0
150752,0
127348,0
190556,0
45648,0
107789,0
27089,0
39886,0
110414,0
178782,0
7903,0
162444,0
53660,0
108091,0
197598,0
37363,0
23292,0
17106,0
114466,0
133363,0
6568,0
31016,0
175248,0
80884,0
91773,0
152927,0
117441,0
49989,0
104971,0
13805,0
43314,0
38352,0
137004,0
117143,0
138365,0
128547,0
137836,0
60300,0
145258,0
113321,0
61458,0
36180,0
52269,0
119268,0
73613,0
123334,0
173592,0
104583,0
145869,0
82954,0
152006,0
23992,0
152010,0
27297,0
10004,0
70660,0
82041,0
165878,0
108928,0
44940,0
115257,0
113104,0
102696,0
113548,0
71606,0
120830,0
197835,0
18955,0
58764,0
129616,0
133397,0
29067,0
151147,0
33879,0
17400,0
93675,0
117518,0
58969,0
108892,0
151138,0
59479,0
148563,0
61885,0
34168,0
124071,0
148812,0
114574,0
163302,0
60971,0
195314,0
144324,0
22564,0
173944,0
31524,0
196216,0
58181,0
13825,0
74144,0
77497,0
3062,0
10303,0
29376,0
8706,0
20512,0
130482,0
49767,0
102252,0
79701,0
19357,0
83631,0
182284,0
111092,0
143896,0
108410,0
54116,0
123314,0
10038,0
31930,0
40986,0
21612,0
168751,0
115550,0
83531,0
103194,0
127854,0
155157,0
58200,0
159140,0
159683,0
132153,0
82842,0
2923,0
4758,0
92130,0
73746,0
186231,0
105879,0
149755,0
170474,0
120954,0
103883,0
184583,0
84885,0
197761,0
150359,0
61522,0
37019,0
175171,0
12109,0
120554,0
49314,0
54078,0
132135,0
179679,0
46392,0
126164,0
186742,0
3613,0
188616,0
150409,0
119471,0
88494,0
139440,0
36990,0
73796,0
31556,0
57907,0
175105,0
46424,0
165918,0
13757,0
109688,0
187699,0
147660,0
60713,0
36563,0
5766,0
24227,0
20420,0
125105,0
99156,0
171499,0
45343,0
178688,0
62958,0
199177,0
62105,0
154283,0
109963,0
199975,0
151069,0
181542,0
119116,0
140562,0
47118,0
112763,0
169214,0
133626,0
16723,0
74375,0
69649,0
70127,0
34334,0
41163,0
62301,0
104842,0
26169,0
18887,0
194184,0
167358,0
24990,0
191366,0
90802,0
32876,0
187704,0
75575,0
62290,0
86773,0
109771,0
43933,0
82843,0
88902,0
83037,0
59272,0
18265,0
109825,0
32890,0
43447,0
174075,0
60829,0
72692,0
23830,0
158378,0
132124,0
50561,0
178273,0
182142,0
130675,0
141255,0
6244,0
173789,0
109383,0
149100,0
47684,0
197918,0
10906,0
47145,0
18330,0
82511,0
108265,0
132787,0
92445,0
173738,0
57021,0
83886,0
70348,0
95696,0
148501,0
186153,0
32708,0
167147,0
107225,0
194467,0
23548,0
127014,0
40701,0
54897,0
52182,0
110972,0
120242,0
119550,0
119746,0
176138,0
197026,0
131967,0
51671,0
19944,0
108256,0
21449,0
9484,0
140059,0
152862,0
127362,0
84514,0
127294,0
18455,0
137531,0
53387,0
135015,0
30243,0
87463,0
167271,0
71701,0
108320,0
89557,0
173468,0
196405,0
115363,0
160143,0
93562,0
140122,0
151643,0
68858,0
191620,0
122629,0
147674,0
119784,0
125464,0
66552,0
148895,0
183207,0
164478,0
108201,0
53606,0
24351,0
189824,0
124247,0
152845,0
50794,0
188894,0
89116,0
91931,0
172088,0
96322,0
180011,0
111788,0
54444,0
151963,0
179212,0
16321,0
101571,0
176020,0
41323,0
117674,0
154402,0
127330,0
92200,0
136811,0
103806,0
67320,0
52885,0
40008,0
77329,0
69362,0
59437,0
3913,0
142402,0
183481,0
120635,0
14357,0
118244,0
96525,0
24242,0
24953,0
128315,0
112682,0
198027,0
58258,0
158471,0
51433,0
196706,0
24856,0
182486,0
120048,0
116965,0
7821,0
48255,0
168675,0
136056,0
21620,0
29867,0
139158,0
128962,0
25360,0
20289,0
52895,0
196231,0
136955,0
169334,0
31727,0
191422,0
168015,0
69035,0
20201,0
135279,0
121300,0
17440,0
14633,0
61697,0
111100,0
74032,0
18602,0
190022,0
109440,0
156208,0
43150,0
165056,0
21753,0
85904,0
92976,0
74500,0
140561,0
23543,0
93555,0
11089,0
66053,0
25568,0
104827,0
34269,0
179199,0
113045,0
22527,0
63802,0
74628,0
69539,0
113203,0
14202,0
136857,0
37024,0
100350,0
9550,0
154275,0
48236,0
135128,0
16568,0
37704,0
110589,0
45008,0
132677,0
139186,0
43154,0
35837,0
11737,0
153273,0
103104,0
133156,0
98829,0
37425,0
46498,0
20129,0
153687,0
177405,0
87938,0
70510,0
144225,0
146993,0
92017,0
7694,0
114779,0
56838,0
153058,0
168850,0
59558,0
983,0
147635,0
4206,0
31136,0
127932,0
106730,0
11764,0
106872,0
67951,0
65004,0
106458,0
57949,0
39702,0
42410,0
54599,0
3862,0
152639,0
54667,0
128628,0
112160,0
195958,0
29801,0
199623,0
141471,0
83399,0
117404,0
121136,0
111746,0
132356,0
128615,0
187438,0
99469,0
190133,0
107585,0
83620,0
160410,0
163209,0
183774,0
103903,0
188206,0
27244,0
179606,0
10664,0
186665,0
143957,0
151043,0
137876,0
151548,0
177817,0
58381,0
198549,0
84269,0
162806,0
50172,0
119789,0
31657,0
67610,0
190692,0
142893,0
96484,0
55356,0
29201,0
171064,0
115058,0
94842,0
141802,0
72233,0
110394,0
101375,0
36455,0
103432,0
43756,0
136670,0
11543,0
166665,0
86042,0
35637,0
45712,0
100716,0
146418,0
167012,0
66733,0
81407,0
50364,0
28636,0
16836,0
72725,0
99484,0
56450,0
134314,0
9173,0
16941,0
61442,0
10573,0
67717,0
91031,0
133871,0
42916,0
190219,0
95786,0
77952,0
149112,0
198782,0
32319,0
163528,0
176484,0
5531,0
189551,0
61836,0
131047,0
62997,0
50056,0
172464,0
21869,0
59591,0
8899,0
33206,0
35344,0
30273,0
44008,0
169397,0
71366,0
13348,0
91260,0
8543,0
28665,0
127229,0
30683,0
1613,0
51745,0
185154,0
3699,0
56747,0
190734,0
44675,0
105198,0
111627,0
166609,0
98276,0
57142,0
91219,0
95539,0
19092,0
193507,0
180315,0
163549,0
19272,0
59353,0
189195,0
360,0
123263,0
198147,0
132818,0
37782,0
179274,0
147862,0
38846,0
121409,0
134859,0
172857,0
122206,0
101787,0
188376,0
25399,0
111124,0
8592,0
119960,0
68942,0
2440,0
178061,0
132641,0
191957,0
163740,0
52387,0
62684,0
97210,0
154930,0
197731,0
61369,0
75279,0
128664,0
79882,0
66380,0
159832,0
161823,0
181460,0
121830,0
127909,0
79031,0
29430,0
15584,0
119254,0
21378,0
183860,0
65599,0
33565,0
140409,0
133912,0
175666,0
149867,0
184166,0
184164,0
119444,0
21208,0
132875,0
8957,0
123788,0
78042,0
62217,0
19289,0
1894,0
166633,0
101781,0
140466,0
79818,0
152724,0
154509,0
2451,0
145926,0
139629,0
58205,0
62610,0
114147,0
60420,0
199550,0
181842,0
142458,0
89339,0
185238,0
162234,0
70511,0
184218,0
172882,0
135564,0
113244,0
116667,0
28390,0
71972,0
15718,0
83496,0
156951,0
33976,0
164631,0
90939,0
151937,0
23649,0
6710,0
177478,0
89989,0
89318,0
199071,0
32675,0
123319,0
119290,0
170514,0
68569,0
9944,0
144781,0
176981,0
181393,0
76362,0
80049,0
196527,0
86990,0
92676,0
41252,0
26124,0
87472,0
167994,0
162667,0
2012,0
150397,0
38941,0
182102,0
144488,0
5173,0
183276,0
36379,0
126388,0
12156,0
190185,0
15074,0
102018,0
182428,0
124518,0
63665,0
18319,0
21154,0
165306,0
165228,0
178677,0
71044,0
128869,0
56201,0
129973,0
80110,0
111936,0
39332,0
45344,0
46202,0
197457,0
90762,0
128558,0
104477,0
190477,0
178670,0
24161,0
199114,0
161502,0
19274,0
82171,0
8141,0
38356,0
191864,0
108011,0
18577,0
56159,0
161425,0
194464,0
71351,0
95700,0
20910,0
47298,0
164038,0
142925,0
60358,0
118808,0
111208,0
41492,0
46363,0
78695,0
158085,0
146518,0
14688,0
120866,0
158511,0
95683,0
135156,0
89900,0
16460,0
59367,0
113916,0
27415,0
190377,0
31078,0
21868,0
68907,0
136866,0
144862,0
110313,0
22329,0
20788,0
143065,0
15278,0
184073,0
63737,0
152016,0
81187,0
25958,0
99255,0
64968,0
100912,0
164365,0
103552,0
190456,0
93615,0
8999,0
102443,0
100279,0
107712,0
140425,0
75926,0
182022,0
199410,0
111079,0
154456,0
93186,0
134755,0
46680,0
171568,0
123122,0
105462,0
110550,0
37643,0
137958,0
189652,0
37625,0
178629,0
27689,0
70289,0
143376,0
81197,0
131767,0
169379,0
140204,0
20340,0
56233,0
154012,0
143773,0
157595,0
78775,0
19675,0
87851,0
24582,0
56613,0
83793,0
68890,0
102561,0
87873,0
60945,0
80908,0
41117,0
189989,0
152277,0
77062,0
74438,0
143822,0
193623,0
161380,0
22371,0
165391,0
82664,0
185950,0
184509,0
8881,0
146284,0
121521,0
187717,0
152160,0
35257,0
180609,0
115125,0
56047,0
70700,0
93244,0
132179,0
58134,0
18641,0
46897,0
127953,0
48200,0
94874,0
49304,0
7737,0
143571,0
103018,0
142596,0
111812,0
52672,0
76351,0
88103,0
166645,0
166047,0
175066,0
153341,0
195911,0
31692,0
22567,0
174845,0
53621,0
1430,0
134984,0
57952,0
175663,0
75795,0
125148,0
122136,0
97268,0
190507,0
197118,0
176612,0
95279,0
140790,0
174970,0
149007,0
1091,0
113733,0
176745,0
28275,0
183034,0
29659,0
89119,0
30688,0
74512,0
88905,0
84551,0
21890,0
10680,0
25663,0
182530,0
124485,0
50371,0
187053,0
150581,0
52987,0
179323,0
8620,0
67338,0
82458,0
162241,0
130903,0
18973,0
172171,0
183976,0
105103,0
105105,0
17640,0
62861,0
116825,0
186849,0
69642,0
67538,0
94156,0
10218,0
17790,0
157933,0
36975,0
159046,0
142348,0
123261,0
71170,0
71006,0
6905,0
104132,0
77512,0
40944,0
78092,0
182363,0
179283,0
9784,0
118771,0
58773,0
90337,0
149153,0
13234,0
178222,0
183550,0
178088,0
55457,0
153026,0
147015,0
4653,0
83434,0
197071,0
79589,0
33405,0
96902,0
144226,0
37420,0
88456,0
20923,0
23231,0
947,0
10717,0
163896,0
5119,0
158045,0
178383,0
4660,0
77839,0
118827,0
133160,0
188885,0
25825,0
100697,0
78045,0
175268,0
36898,0
136970,0
99863,0
160779,0
176367,0
91125,0
51372,0
133417,0
51253,0
149597,0
177245,0
78615,0
173557,0
29911,0
20398,0
41026,0
576,0
7559,0
195283,0
189481,0
125775,0
113421,0
71420,0
177912,0
151315,0
121062,0
109444,0
33229,0
124598,0
5285,0
6828,0
96593,0
114567,0
91423,0
126921,0
158011,0
152054,0
148408,0
109446,0
120307,0
100499,0
102077,0
16053,0
17769,0
105228,0
75161,0
158164,0
127891,0
169980,0
88633,0
128197,0
186961,0
177888,0
56609,0
180475,0
173998,0
45936,0
150423,0
27020,0
105946,0
15985,0
59682,0
36751,0
131897,0
168624,0
173036,0
105497,0
51298,0
88422,0
76256,0
105636,0
38459,0
124644,0
118375,0
85543,0
175438,0
77867,0
10051,0
63642,0
113930,0
41513,0
45252,0
40556,0
26749,0
169545,0
23119,0
151188,0
142695,0
65081,0
198569,0
11054,0
133633,0
186040,0
115009,0
197010,0
175314,0
153621,0
480,0
6258,0
32167,0
39755,0
26028,0
56480,0
159751,0
96212,0
9276,0
172008,0
13705,0
77598,0
196675,0
151269,0
175544,0
2523,0
123464,0
130503,0
122326,0
126293,0
61847,0
164878,0
40521,0
575,0
62597,0
159609,0
71486,0
125674,0
109549,0
1761,0
76852,0
71651,0
152499,0
94633,0
101292,0
82394,0
143117,0
53232,0
71198,0
37361,0
77277,0
61297,0
58352,0
174823,0
132599,0
153455,0
98719,0
95635,0
164385,0
80572,0
52059,0
60637,0
152207,0
180105,0
19550,0
134623,0
96779,0
175830,0
35948,0
75726,0
112649,0
92512,0
55348,0
17775,0
131720,0
30008,0
839,0
117065,0
128375,0
21969,0
181620,0
69628,0
119739,0
188321,0
75717,0
136898,0
139864,0
146812,0
10678,0
56847,0
95616,0
199067,0
8367,0
5505,0
53430,0
126400,0
3352,0
35251,0
105153,0
196659,0
97047,0
39658,0
79934,0
181687,0
105491,0
152624,0
158941,0
140946,0
34495,0
92995,0
37060,0
89898,0
117317,0
13342,0
53241,0
150572,0
109211,0
108855,0
111612,0
67449,0
13701,0
77664,0
14656,0
81297,0
17906,0
75021,0
109177,0
74308,0
57263,0
104931,0
3258,0
98806,0
65732,0
14235,0
161773,0
70653,0
148188,0
24061,0
64306,0
4923,0
94634,0
65695,0
30151,0
198062,0
156150,0
6863,0
138757,0
42966,0
124086,0
95878,0
159027,0
30923,0
95582,0
36791,0
35401,0
169447,0
137465,0
110363,0
170819,0
43107,0
61021,0
45824,0
60159,0
167704,0
173760,0
106479,0
160975,0
128077,0
91411,0
55194,0
155621,0
112207,0
125905,0
169603,0
151022,0
82464,0
94692,0
74459,0
177530,0
131647,0
97433,0
197046,0
3069,0
176767,0
62845,0
111081,0
52004,0
100823,0
176747,0
120162,0
184539,0
108801,0
64595,0
86880,0
3298,0
76720,0
196479,0
106647,0
140270,0
85420,0
3723,0
157786,0
34512,0
151379,0
182101,0
43312,0
8781,0
93028,0
88788,0
95329,0
147411,0
76412,0
187192,0
84738,0
117466,0
51168,0
162577,0
108302,0
171011,0
42449,0
77682,0
87552,0
171975,0
148754,0
7217,0
135437,0
158999,0
166370,0
184846,0
169654,0
168886,0
54587,0
24939,0
65831,0
114517,0
87293,0
81659,0
147738,0
167571,0
29319,0
22305,0
45433,0
29661,0
122576,0
140933,0
124268,0
45868,0
144832,0
87338,0
171102,0
155434,0
148409,0
91429,0
83499,0
137353,0
186456,0
105083,0
174914,0
578,0
84321,0
49482,0
96967,0
25504,0
164737,0
69682,0
29688,0
103514,0
158670,0
134423,0
50128,0
155081,0
85595,0
138998,0
49474,0
48638,0
133824,0
47910,0
13449,0
146666,0
188744,0
193148,0
139351,0
180618,0
105301,0
157087,0
82927,0
11802,0
131607,0
1066,0
64860,0
190072,0
144631,0
35717,0
179495,0
51185,0
129738,0
140671,0
149779,0
71572,0
138927,0
43847,0
110065,0
15116,0
98310,0
88455,0
162049,0
60553,0
177604,0
61359,0
85393,0
35058,0
169166,0
8797,0
129868,0
187444,0
129400,0
123667,0
34716,0
99683,0
194389,0
33215,0
178441,0
159408,0
42359,0
66392,0
149275,0
2988,0
195524,0
83621,0
136654,0
184002,0
64787,0
53703,0
34785,0
136189,0
131988,0
134369,0
11877,0
107610,0
124704,0
191185,0
196951,0
85517,0
5406,0
191781,0
26985,0
199435,0
114632,0
181394,0
36800,0
153171,0
176732,0
132944,0
169346,0
23864,0
27075,0
165061,0
169913,0
159448,0
94190,0
30824,0
197715,0
71354,0
142796,0
186198,0
161437,0
111014,0
123489,0
167098,0
12606,0
66141,0
186186,0
136305,0
24811,0
86093,0
139912,0
101728,0
138722,0
30842,0
146410,0
193508,0
170082,0
135249,0
98377,0
111460,0
183666,0
99106,0
94180,0
83862,0
80561,0
7736,0
115179,0
79786,0
67871,0
92372,0
72121,0
14489,0
92876,0
54709,0
79777,0
146393,0
86287,0
135021,0
89467,0
85180,0
19532,0
157361,0
119889,0
30404,0
184424,0
25281,0
111328,0
58831,0
137795,0
170787,0
177382,0
58523,0
195682,0
150128,0
133274,0
70468,0
20,0
150861,0
172419,0
19054,0
158371,0
23900,0
84215,0
147470,0
143416,0
72641,0
187845,0
149742,0
2386,0
87697,0
198811,0
156147,0
164039,0
73019,0
194929,0
58395,0
101180,0
139248,0
196999,0
46364,0
73179,0
189259,0
143777,0
193123,0
194735,0
150108,0
37290,0
102296,0
38926,0
68920,0
10418,0
89673,0
8257,0
138906,0
63474,0
182160,0
126610,0
16204,0
172248,0
176365,0
8349,0
133961,0
91111,0
76922,0
181830,0
12477,0
2006,0
185053,0
55427,0
75710,0
16650,0
17153,0
122199,0
121992,0
37995,0
176441,0
180569,0
117737,0
199276,0
14050,0
134667,0
191969,0
869,0
3198,0
139006,0
61215,0
85557,0
133712,0
108656,0
35450,0
33072,0
72081,0
45326,0
19482,0
22334,0
69217,0
137033,0
63546,0
96218,0
134034,0
102105,0
196891,0
143532,0
125278,0
167337,0
185289,0
171749,0
115613,0
196614,0
161336,0
172670,0
3741,0
14527,0
189515,0
145624,0
16543,0
107636,0
159202,0
9311,0
125043,0
139309,0
58682,0
163755,0
196628,0
154417,0
139150,0
46204,0
61973,0
146916,0
62131,0
115683,0
54508,0
125366,0
95173,0
91573,0
163407,0
47409,0
21062,0
128417,0
58884,0
198728,0
112174,0
121169,0
156925,0
65257,0
56892,0
42789,0
130404,0
45839,0
87173,0
178676,0
162451,0
54534,0
140850,0
59812,0
137515,0
125206,0
37045,0
85936,0
89286,0
151803,0
43854,0
145564,0
33180,0
147911,0
174471,0
31140,0
31613,0
63558,0
137089,0
54388,0
20692,0
27908,0
91749,0
40784,0
13900,0
140352,0
101321,0
57152,0
175855,0
123944,0
140052,0
134770,0
78820,0
141454,0
182517,0
105443,0
30990,0
56945,0
59329,0
89086,0
15355,0
154405,0
62172,0
196530,0
70097,0
129672,0
112381,0
93213,0
128385,0
73375,0
130214,0
119793,0
150652,0
109968,0
40681,0
160151,0
51194,0
108884,0
185844,0
27868,0
34246,0
38025,0
3865,0
27027,0
136609,0
63993,0
165640,0
142091,0
98175,0
12356,0
196493,0
160934,0
197449,0
38888,0
154841,0
180187,0
83095,0
199888,0
150593,0
158284,0
66148,0
105776,0
178288,0
145021,0
151194,0
32476,0
57594,0
111505,0
106015,0
83238,0
129382,0
135534,0
171316,0
13602,0
1796,0
95685,0
63673,0
11845,0
28701,0
51348,0
38643,0
93127,0
109464,0
136837,0
116076,0
161645,0
167416,0
122560,0
62998,0
188133,0
113870,0
164784,0
138327,0
132650,0
57728,0
64322,0
11952,0
148190,0
172538,0
44352,0
196443,0
127833,0
96348,0
107573,0
157846,0
177036,0
10354,0
85154,0
52415,0
66915,0
146048,0
170952,0
77698,0
34964,0
69881,0
142462,0
179515,0
84921,0
47226,0
113363,0
76739,0
24430,0
11822,0
89760,0
140641,0
85260,0
54976,0
20163,0
186612,0
68116,0
155750,0
190472,0
150800,0
3094,0
59108,0
72807,0
70505,0
125518,0
114387,0
13260,0
30170,0
71513,0
4521,0
151321,0
139239,0
122811,0
83756,0
192816,0
105838,0
44288,0
168787,0
169648,0
151300,0
38734,0
188239,0
129864,0
663,0
138003,0
170325,0
150716,0
8351,0
51634,0
16700,0
62795,0
188060,0
78352,0
126363,0
2048,0
24479,0
72019,0
40004,0
60046,0
106892,0
124937,0
114359,0
185693,0
159527,0
199180,0
147512,0
31665,0
112295,0
42258,0
140924,0
8898,0
40385,0
67543,0
131774,0
139560,0
17131,0
53850,0
23558,0
142874,0
157781,0
152922,0
90360,0
95461,0
29530,0
115356,0
7440,0
103679,0
194669,0
118999,0
159433,0
28103,0
35076,0
27222,0
152418,0
112097,0
12240,0
117494,0
155096,0
168801,0
39460,0
178839,0
97952,0
125811,0
175118,0
131212,0
146158,0
126365,0
6515,0
14777,0
55616,0
78888,0
144327,0
64420,0
167434,0
76078,0
131511,0
111853,0
75038,0
197815,0
186677,0
185278,0
199869,0
71645,0
100502,0
135683,0
67063,0
89216,0
9579,0
25879,0
186911,0
89991,0
20516,0
137793,0
153199,0
4535,0
185050,0
190447,0
118309,0
33021,0
28909,0
92753,0
23573,0
20068,0
81864,0
11415,0
112558,0
45939,0
32145,0
46050,0
13281,0
131604,0
105859,0
41207,0
15098,0
19667,0
26699,0
110723,0
145972,0
189627,0
125524,0
144633,0
91167,0
82718,0
69245,0
112375,0
47743,0
77970,0
167807,0
14139,0
41189,0
145275,0
99111,0
43761,0
156344,0
123665,0
128147,0
195671,0
16822,0
67523,0
43277,0
109867,0
76570,0
66126,0
50675,0
177887,0
120646,0
95027,0
89914,0
89787,0
188870,0
129418,0
127321,0
131656,0
163441,0
71062,0
143186,0
25059,0
124321,0
149639,0
50608,0
10591,0
190478,0
159660,0
76584,0
96016,0
173707,0
1254,0
193484,0
103783,0
67988,0
169229,0
75475,0
144051,0
192137,0
20668,0
33423,0
55702,0
86351,0
121722,0
85128,0
12724,0
86501,0
170852,0
12641,0
34096,0
171650,0
10859,0
180486,0
83552,0
68865,0
157453,0
112217,0
173751,0
169411,0
155063,0
23333,0
27304,0
39258,0
75879,0
6503,0
117694,0
20333,0
61666,0
150157,0
18654,0
122907,0
35583,0
157606,0
1530,0
151655,0
74561,0
48201,0
38892,0
60392,0
9273,0
21003,0
120267,0
149139,0
183008,0
84608,0
59968,0
10046,0
147617,0
54229,0
21760,0
197948,0
84221,0
38213,0
20165,0
168745,0
17227,0
45331,0
121466,0
110738,0
177765,0
163823,0
20617,0
148625,0
126785,0
89038,0
192119,0
32371,0
188013,0
64019,0
85757,0
55087,0
60223,0
55373,0
31326,0
122494,0
159356,0
134177,0
50048,0
150480,0
187461,0
27030,0
122994,0
108739,0
199358,0
108950,0
51116,0
125496,0
137956,0
197684,0
166230,0
112063,0
15006,0
140615,0
96912,0
27259,0
24516,0
191978,0
140985,0
158108,0
188905,0
73861,0
74717,0
157466,0
69905,0
197559,0
67729,0
99654,0
102283,0
199743,0
184793,0
155670,0
92750,0
14039,0
147720,0
183941,0
10891,0
121887,0
13683,0
32485,0
158558,0
143585,0
9086,0
57773,0
198285,0
188152,0
63182,0
148081,0
87826,0
68951,0
76563,0
97922,0
153389,0
126466,0
21147,0
126102,0
22508,0
89582,0
29432,0
64789,0
133088,0
46107,0
177545,0
118197,0
14903,0
94315,0
34721,0
127000,0
1573,0
70588,0
90434,0
100248,0
16974,0
61636,0
34258,0
12326,0
62069,0
144612,0
186032,0
192006,0
115591,0
37145,0
29268,0
171501,0
5342,0
28843,0
16913,0
167679,0
36275,0
150000,0
144278,0
52747,0
100677,0
82786,0
160829,0
142187,0
160138,0
56043,0
96885,0
51833,0
81791,0
20343,0
91176,0
191860,0
27534,0
71874,0
189275,0
177118,0
93489,0
152859,0
95871,0
17222,0
106854,0
176895,0
428,0
157668,0
83863,0
26257,0
77536,0
41048,0
70347,0
86296,0
68419,0
170491,0
21157,0
145169,0
42053,0
2862,0
147131,0
185040,0
144192,0
50927,0
198233,0
23502,0
68125,0
107121,0
122640,0
98296,0
3498,0
170938,0
71507,0
58659,0
63136,0
163954,0
118469,0
163230,0
49104,0
72342,0
182949,0
26777,0
133786,0
151049,0
9633,0
115486,0
55060,0
81579,0
174726,0
132899,0
70803,0
19467,0
10195,0
165825,0
152685,0
196748,0
151457,0
75929,0
167531,0
72410,0
152531,0
135197,0
136394,0
77008,0
81896,0
55387,0
14296,0
57150,0
98541,0
158832,0
10003,0
61247,0
58425,0
110931,0
152998,0
105300,0
114781,0
144373,0
86649,0
58172,0
189377,0
23129,0
156178,0
29079,0
64069,0
12868,0
116086,0
160439,0
60076,0
10032,0
144853,0
127599,0
127536,0
116207,0
158372,0
7892,0
35370,0
733,0
96607,0
196734,0
87587,0
8087,0
192111,0
182745,0
14321,0
53385,0
117508,0
126734,0
143673,0
38607,0
88241,0
126364,0
137104,0
112634,0
12945,0
49324,0
199843,0
88168,0
159730,0
34537,0
138353,0
56427,0
129992,0
68299,0
39137,0
94865,0
186865,0
131874,0
121592,0
183753,0
173490,0
48859,0
78477,0
135599,0
559,0
168344,0
8161,0
120822,0
39084,0
95132,0
182544,0
162966,0
133869,0
110273,0
61892,0
74370,0
29914,0
34540,0
65137,0
111459,0
161032,0
89441,0
193639,0
147382,0
15378,0
56994,0
189139,0
88559,0
16788,0
15847,0
54873,0
199354,0
165384,0
45816,0
113213,0
167632,0
69025,0
190290,0
156640,0
107256,0
47627,0
128099,0
111381,0
160683,0
74767,0
36409,0
184760,0
152760,0
65459,0
88242,0
62311,0
86028,0
2500,0
39313,0
46347,0
131594,0
748,0
46374,0
76119,0
17881,0
170011,0
45209,0
157599,0
119467,0
107810,0
43019,0
77980,0
7875,0
57310,0
85454,0
72900,0
99104,0
9522,0
139140,0
24296,0
161657,0
167216,0
38036,0
112116,0
73831,0
190899,0
150642,0
62420,0
193180,0
35362,0
191403,0
172349,0
133278,0
169854,0
116308,0
118714,0
15119,0
101599,0
88524,0
36819,0
193374,0
164831,0
148809,0
16174,0
68472,0
135569,0
173326,0
120040,0
17547,0
199958,0
141694,0
16604,0
131176,0
18616,0
43789,0
192046,0
45085,0
176168,0
183221,0
9621,0
63402,0
107954,0
24149,0
138307,0
98733,0
135385,0
181664,0
86743,0
81956,0
64489,0
65890,0
120795,0
5761,0
177668,0
23046,0
178202,0
174157,0
42001,0
25932,0
169192,0
191651,0
124540,0
169838,0
88596,0
87170,0
140193,0
126718,0
89780,0
61581,0
113588,0
154962,0
82361,0
133555,0
177640,0
90606,0
48151,0
99336,0
40741,0
44693,0
66222,0
95996,0
62731,0
56887,0
49666,0
55739,0
164503,0
26691,0
35648,0
81261,0
123943,0
77112,0
82921,0
127231,0
78266,0
100292,0
198887,0
97666,0
126269,0
115466,0
19705,0
182478,0
35120,0
104295,0
25937,0
102829,0
189767,0
157509,0
33662,0
127722,0
125670,0
72652,0
171002,0
60901,0
152473,0
138026,0
126641,0
92970,0
23773,0
7492,0
41953,0
141835,0
42341,0
50070,0
161967,0
135024,0
63791,0
82083,0
185842,0
96347,0
176999,0
77602,0
17839,0
159702,0
54765,0
69611,0
158106,0
76169,0
173161,0
161582,0
98407,0
45914,0
190611,0
15557,0
72240,0
34328,0
65471,0
176,0
18988,0
132066,0
131051,0
49999,0
185970,0
152592,0
33053,0
47596,0
42456,0
98206,0
135335,0
137345,0
30891,0
103459,0
140490,0
82864,0
54861,0
129374,0
97101,0
15858,0
146587,0
107144,0
88492,0
97367,0
100431,0
110242,0
144733,0
130378,0
183063,0
75071,0
105775,0
120243,0
136466,0
91072,0
43495,0
98038,0
31817,0
56122,0
3933,0
32943,0
154487,0
143040,0
117980,0
96186,0
151718,0
42508,0
39160,0
60507,0
57739,0
68851,0
100693,0
159779,0
59048,0
102088,0
10721,0
197066,0
198411,0
76561,0
28181,0
30214,0
177934,0
65739,0
113536,0
79571,0
29238,0
107690,0
18545,0
134351,0
12430,0
164183,0
180509,0
102448,0
96512,0
113929,0
34547,0
177564,0
186182,0
81630,0
19447,0
17229,0
155530,0
169619,0
80176,0
73662,0
10150,0
168632,0
97485,0
167172,0
119186,0
170972,0
6374,0
149908,0
9331,0
81503,0
132649,0
186245,0
198617,0
151410,0
26605,0
14801,0
9712,0
61281,0
89567,0
72234,0
1042,0
194159,0
102336,0
84064,0
40982,0
66224,0
64351,0
8852,0
106842,0
47265,0
125875,0
154608,0
4096,0
92478,0
70568,0
69909,0
193558,0
173119,0
109046,0
125720,0
103924,0
172551,0
34310,0
51293,0
33791,0
47500,0
195179,0
187764,0
25758,0
115739,0
58549,0
67329,0
178576,0
155808,0
99416,0
161800,0
119569,0
34947,0
104335,0
141145,0
128610,0
19089,0
147328,0
29536,0
152815,0
162947,0
149725,0
45114,0
184704,0
75373,0
175945,0
140783,0
31840,0
131637,0
168077,0
30474,0
56840,0
178287,0
105986,0
168071,0
135744,0
131453,0
196577,0
5069,0
157637,0
104531,0
135556,0
44791,0
9961,0
29152,0
60817,0
43466,0
188187,0
53686,0
189595,0
81063,0
6505,0
28715,0
64098,0
135772,0
29624,0
103814,0
158752,0
85659,0
37093,0
88502,0
127200,0
175566,0
183251,0
96586,0
166750,0
164123,0
27989,0
23611,0
120982,0
154993,0
131240,0
32547,0
4203,0
49751,0
81553,0
134311,0
62582,0
60079,0
116798,0
87846,0
173263,0
189912,0
39020,0
115250,0
93411,0
152684,0
152298,0
33917,0
23174,0
12171,0
86172,0
40513,0
130996,0
49455,0
159579,0
162115,0
132561,0
56598,0
32181,0
186045,0
138280,0
142165,0
113163,0
88124,0
149618,0
1478,0
186308,0
20937,0
99618,0
30674,0
1373,0
12499,0
144029,0
51718,0
43010,0
131211,0
182727,0
29333,0
105983,0
104985,0
67730,0
6226,0
169482,0
150168,0
136455,0
151150,0
97011,0
66992,0
172763,0
15330,0
108081,0
174183,0
3531,0
59454,0
115893,0
67458,0
166630,0
36476,0
146596,0
66870,0
8519,0
187687,0
136289,0
93627,0
8572,0
193065,0
124737,0
52048,0
4513,0
156805,0
152835,0
41221,0
12742,0
134307,0
99466,0
175840,0
124713,0
109350,0
109604,0
37303,0
36223,0
180477,0
84781,0
84492,0
3482,0
32129,0
124533,0
189734,0
86566,0
50613,0
175380,0
119137,0
56804,0
63350,0
67712,0
199253,0
4885,0
35669,0
189583,0
154014,0
29521,0
120933,0
55744,0
130920,0
14218,0
115360,0
120016,0
73789,0
144052,0
107205,0
63354,0
3552,0
178871,0
193154,0
13553,0
12851,0
93732,0
74701,0
130219,0
1843,0
194237,0
109141,0
75320,0
193016,0
100933,0
193745,0
8869,0
33279,0
183472,0
114855,0
196255,0
152045,0
198157,0
89233,0
162013,0
98630,0
191305,0
179103,0
35894,0
127675,0
195546,0
9964,0
144840,0
188914,0
80095,0
111181,0
120416,0
107334,0
184417,0
120562,0
14561,0
54005,0
1133,0
68669,0
142784,0
179890,0
114966,0
5956,0
44316,0
44844,0
163244,0
104109,0
70032,0
114932,0
134460,0
51465,0
27325,0
33187,0
153861,0
108965,0
90221,0
179217,0
196987,0
183421,0
126372,0
153675,0
51001,0
118187,0
82575,0
13200,0
131751,0
127459,0
5275,0
172893,0
185360,0
125526,0
196074,0
195031,0
125300,0
164353,0
92703,0
137622,0
33459,0
123475,0
111203,0
101061,0
141285,0
118807,0
54062,0
191229,0
190789,0
188050,0
99247,0
132399,0
62880,0
195838,0
57714,0
78581,0
129670,0
158309,0
27416,0
87801,0
165043,0
137803,0
95486,0
107986,0
35572,0
184459,0
124215,0
169413,0
132228,0
135982,0
140031,0
54362,0
79721,0
114621,0
90214,0
76027,0
142103,0
77623,0
195693,0
154621,0
71493,0
47804,0
65681,0
120481,0
164564,0
126960,0
139860,0
163339,0
37141,0
37542,0
190258,0
39921,0
92667,0
95195,0
171801,0
77760,0
184684,0
53823,0
38133,0
80590,0
60617,0
149212,0
17940,0
5492,0
34856,0
32043,0
184085,0
196923,0
51568,0
47450,0
87918,0
177195,0
141891,0
152144,0
15742,0
87258,0
118149,0
51248,0
172903,0
164335,0
167114,0
104370,0
95887,0
108089,0
56334,0
152680,0
21963,0
123693,0
72176,0
195120,0
164723,0
22253,0
175100,0
45887,0
156469,0
49805,0
44527,0
137798,0
100367,0
72038,0
45585,0
20182,0
96759,0
65720,0
72039,0
12242,0
66508,0
124935,0
128832,0
39257,0
43606,0
114694,0
164623,0
63158,0
160688,0
177625,0
81587,0
144275,0
58237,0
134171,0
180532,0
35086,0
67366,0
196685,0
144005,0
10289,0
6300,0
147498,0
25642,0
107536,0
5192,0
99299,0
144390,0
151352,0
17111,0
3391,0
157971,0
3343,0
81364,0
63175,0
16847,0
109664,0
73506,0
153818,0
64249,0
6809,0
120251,0
131020,0
466,0
73630,0
81405,0
174768,0
346,0
152002,0
74166,0
152676,0
193026,0
150450,0
148255,0
153648,0
65664,0
122866,0
49094,0
191186,0
84664,0
193675,0
124795,0
169618,0
47564,0
70847,0
119283,0
50080,0
113589,0
193445,0
166956,0
29076,0
151375,0
124219,0
195645,0
111251,0
186437,0
161491,0
33991,0
1673,0
115520,0
5755,0
12,0
112974,0
104140,0
88786,0
74731,0
113199,0
43412,0
84883,0
119213,0
82162,0
77401,0
34186,0
35529,0
28010,0
87731,0
99135,0
79754,0
23516,0
30128,0
2845,0
9057,0
144566,0
198212,0
67733,0
43564,0
35994,0
41678,0
151857,0
39745,0
48888,0
36896,0
63371,0
65572,0
41920,0
159962,0
22764,0
60941,0
150676,0
118863,0
104811,0
139092,0
173436,0
183895,0
126656,0
65935,0
176116,0
70888,0
163976,0
11920,0
155734,0
198245,0
111011,0
27900,0
61838,0
27224,0
87476,0
63323,0
101121,0
192863,0
56414,0
170050,0
191381,0
107627,0
33058,0
137076,0
73366,0
8616,0
79375,0
6469,0
51599,0
21745,0
15123,0
33617,0
61654,0
65387,0
146808,0
192675,0
194559,0
51662,0
110720,0
72592,0
115000,0
8434,0
192055,0
198106,0
185648,0
48060,0
8894,0
75432,0
85349,0
41193,0
13961,0
128111,0
66795,0
161245,0
16791,0
160135,0
16606,0
82120,0
51101,0
43639,0
98367,0
179165,0
105994,0
185820,0
16752,0
51706,0
45973,0
154500,0
84185,0
78570,0
163709,0
89379,0
122648,0
165608,0
133983,0
51709,0
106223,0
116697,0
65602,0
122555,0
154925,0
135330,0
13905,0
162086,0
98353,0
56864,0
37188,0
52498,0
5472,0
115180,0
51422,0
34846,0
77400,0
163752,0
117531,0
150274,0
77101,0
146075,0
98183,0
165668,0
184928,0
189346,0
52523,0
87192,0
50524,0
15068,0
178006,0
196682,0
161524,0
193181,0
107598,0
111102,0
91975,0
96657,0
28983,0
44653,0
50941,0
10655,0
199470,0
119539,0
161525,0
95161,0
20142,0
87779,0
71059,0
60259,0
69291,0
122099,0
163306,0
104774,0
195152,0
119673,0
12886,0
109694,0
40476,0
161704,0
69824,0
25154,0
58598,0
46922,0
114322,0
134899,0
63981,0
128768,0
40261,0
10849,0
39494,0
14725,0
87588,0
69517,0
167341,0
106477,0
10545,0
188661,0
130356,0
95234,0
136910,0
188428,0
179563,0
172550,0
32083,0
16418,0
60102,0
4781,0
157010,0
17601,0
123697,0
34467,0
36518,0
105137,0
46475,0
139966,0
32490,0
141470,0
130866,0
140525,0
76435,0
35038,0
98435,0
188443,0
20714,0
197446,0
22382,0
54329,0
61492,0
17956,0
31188,0
188873,0
59015,0
171282,0
33298,0
18559,0
115388,0
66923,0
98385,0
74254,0
172045,0
192861,0
135735,0
138112,0
178615,0
142250,0
20119,0
121745,0
137121,0
105954,0
119950,0
113794,0
64705,0
155982,0
56545,0
53392,0
11341,0
2073,0
157870,0
142891,0
161006,0
142389,0
163069,0
5355,0
91181,0
190908,0
91076,0
19060,0
160648,0
181114,0
59147,0
152467,0
38134,0
95121,0
34348,0
121354,0
160383,0
189211,0
176379,0
46764,0
165399,0
162617,0
78048,0
197282,0
16589,0
76760,0
37406,0
29892,0
116343,0
129599,0
108805,0
159900,0
124400,0
31989,0
171007,0
168983,0
199340,0
63449,0
134144,0
184634,0
108287,0
11492,0
121683,0
87732,0
161696,0
73720,0
156318,0
64630,0
102477,0
41896,0
183730,0
158039,0
99518,0
141870,0
168068,0
14587,0
70959,0
44099,0
173863,0
51829,0
141286,0
156082,0
115411,0
96414,0
80943,0
78367,0
54820,0
22968,0
129882,0
156324,0
153611,0
150538,0
142228,0
155304,0
99211,0
78971,0
159152,0
178627,0
171331,0
23631,0
60549,0
53920,0
48032,0
159764,0
170218,0
111575,0
4843,0
101411,0
64454,0
125986,0
30184,0
198950,0
51822,0
173508,0
82923,0
77524,0
9158,0
104987,0
43031,0
108135,0
42528,0
198507,0
20538,0
196754,0
152001,0
189670,0
61065,0
128193,0
69670,0
32021,0
59126,0
198901,0
12364,0
30756,0
169957,0
54101,0
78118,0
30234,0
30667,0
41743,0
155968,0
181537,0
78115,0
22423,0
72468,0
115936,0
138342,0
111454,0
80550,0
126392,0
115735,0
56822,0
166344,0
44800,0
56964,0
66043,0
16924,0
174787,0
4229,0
101020,0
41320,0
149215,0
151409,0
194257,0
171161,0
81968,0
177659,0
12932,0
83036,0
40224,0
582,0
167387,0
3818,0
58881,0
27946,0
31671,0
164840,0
152121,0
174073,0
106026,0
194152,0
166147,0
79894,0
45584,0
196201,0
102962,0
107776,0
194397,0
139610,0
109710,0
136942,0
180623,0
148351,0
50581,0
26989,0
151880,0
3971,0
83659,0
31043,0
197418,0
10738,0
186886,0
135149,0
188234,0
97006,0
120723,0
60822,0
131838,0
149789,0
125232,0
24040,0
90107,0
9261,0
31030,0
34169,0
14137,0
150713,0
158633,0
9432,0
42480,0
179667,0
97456,0
80239,0
170028,0
88606,0
133674,0
50384,0
137650,0
20227,0
103369,0
162680,0
107483,0
124451,0
165581,0
68735,0
175524,0
117587,0
150377,0
76094,0
159233,0
126616,0
195485,0
104448,0
143430,0
67645,0
94023,0
142436,0
127860,0
85986,0
41212,0
167285,0
55403,0
81556,0
82638,0
109454,0
141322,0
137176,0
196323,0
51747,0
96996,0
142618,0
91163,0
61033,0
129471,0
157540,0
91888,0
31549,0
412,0
89595,0
164964,0
50441,0
146028,0
113911,0
87283,0
21362,0
65240,0
2749,0
96091,0
83377,0
108729,0
14596,0
191967,0
53391,0
95293,0
192122,0
160242,0
184322,0
35833,0
402,0
53104,0
193281,0
6074,0
167913,0
195430,0
86062,0
159268,0
13142,0
68172,0
79656,0
76825,0
49837,0
137880,0
118480,0
106871,0
35113,0
13726,0
190439,0
31181,0
124862,0
41057,0
146045,0
181158,0
33506,0
139067,0
67456,0
87370,0
32467,0
167847,0
104205,0
139196,0
83759,0
42408,0
84941,0
98356,0
90159,0
43020,0
197688,0
38296,0
141234,0
30058,0
152515,0
185086,0
117298,0
42612,0
16557,0
26776,0
66801,0
107163,0
1424,0
80347,0
171878,0
175647,0
181800,0
172565,0
52694,0
107657,0
98681,0
156272,0
124605,0
119656,0
179186,0
37564,0
82067,0
25590,0
149006,0
69806,0
92612,0
54785,0
159797,0
141559,0
1653,0
17401,0
18532,0
122226,0
69227,0
147455,0
113889,0
53522,0
180614,0
82798,0
191729,0
174361,0
80271,0
91334,0
197613,0
13433,0
33894,0
195874,0
193988,0
80406,0
45334,0
182656,0
185329,0
154926,0
35945,0
122000,0
34429,0
53912,0
38945,0
38947,0
53908,0
197539,0
14961,0
18063,0
20646,0
36542,0
111528,0
110295,0
199073,0
119106,0
53058,0
144228,0
27001,0
131735,0
90027,0
96940,0
95495,0
198328,0
145884,0
95164,0
171756,0
97740,0
113296,0
126426,0
8428,0
133474,0
23494,0
143098,0
107808,0
110785,0
190689,0
199159,0
36268,0
38007,0
16633,0
166038,0
106940,0
179596,0
168318,0
9571,0
14763,0
141857,0
176755,0
9559,0
94971,0
172833,0
90324,0
40258,0
82655,0
53336,0
19655,0
146672,0
58654,0
117553,0
36173,0
46885,0
9727,0
179400,0
164302,0
116856,0
38781,0
171925,0
128086,0
29048,0
37740,0
170845,0
190576,0
25409,0
160602,0
104142,0
47431,0
170083,0
143522,0
199302,0
145297,0
184237,0
127168,0
161715,0
157403,0
110045,0
40740,0
165541,0
156075,0
199300,0
45512,0
71985,0
3300,0
112100,0
180710,0
73150,0
178214,0
64346,0
182027,0
62345,0
79309,0
183762,0
105629,0
166491,0
65906,0
162889,0
24556,0
21492,0
129887,0
15433,0
87630,0
60736,0
33311,0
104652,0
43527,0
55695,0
103742,0
96475,0
159535,0
126899,0
197921,0
114166,0
163778,0
61155,0
63265,0
176052,0
9655,0
4778,0
166202,0
187137,0
26068,0
158350,0
91280,0
135222,0
83967,0
7128,0
54594,0
135722,0
95886,0
148376,0
33182,0
152201,0
140539,0
6400,0
16373,0
135045,0
49093,0
133534,0
183885,0
132262,0
93841,0
10606,0
171124,0
109745,0
120745,0
97377,0
96051,0
64611,0
55887,0
24356,0
108490,0
163979,0
177262,0
118945,0
109816,0
43590,0
43112,0
146454,0
128284,0
84499,0
112573,0
198273,0
189843,0
189839,0
102674,0
74386,0
142070,0
67521,0
142200,0
21459,0
146015,0
43258,0
154682,0
113456,0
127871,0
68716,0
103863,0
133419,0
89990,0
98929,0
22961,0
28924,0
90333,0
177826,0
18544,0
15728,0
177029,0
96298,0
189352,0
72315,0
138054,0
37391,0
45492,0
48863,0
183797,0
136704,0
13180,0
163759,0
36899,0
114908,0
89381,0
194969,0
135316,0
81558,0
74979,0
77932,0
64538,0
195399,0
199595,0
142545,0
164712,0
182684,0
130295,0
88746,0
127148,0
27103,0
189395,0
49159,0
139312,0
83565,0
14073,0
28958,0
119415,0
121761,0
176696,0
136578,0
34147,0
47911,0
69974,0
59357,0
55898,0
161198,0
37562,0
49136,0
141820,0
22950,0
39793,0
168633,0
147372,0
64511,0
82898,0
155396,0
38872,0
18082,0
168106,0
19763,0
144001,0
63480,0
118696,0
96283,0
122459,0
32780,0
130717,0
26380,0
148102,0
75100,0
56565,0
69074,0
131269,0
179633,0
186658,0
30061,0
114733,0
101191,0
55945,0
108455,0
97260,0
74216,0
146233,0
96050,0
16101,0
106603,0
150453,0
46957,0
152749,0
177538,0
63688,0
58287,0
21754,0
114809,0
5574,0
191989,0
62641,0
33107,0
197869,0
91532,0
108875,0
163032,0
16300,0
140354,0
90071,0
191728,0
162463,0
165678,0
30450,0
12979,0
143008,0
123028,0
165744,0
94268,0
76000,0
22268,0
90439,0
94822,0
110413,0
15462,0
194922,0
1651,0
149399,0
54343,0
134520,0
33407,0
42937,0
147391,0
142904,0
42322,0
15166,0
174432,0
159334,0
136981,0
86444,0
161334,0
10964,0
40195,0
76176,0
84133,0
28011,0
165565,0
55488,0
15323,0
144142,0
71712,0
147791,0
88230,0
118167,0
71147,0
34005,0
61345,0
169203,0
135718,0
57018,0
15876,0
122701,0
128263,0
29111,0
107239,0
135899,0
120031,0
130013,0
150144,0
131670,0
60645,0
166294,0
92147,0
97844,0
153478,0
187039,0
90904,0
121033,0
91681,0
33327,0
75938,0
100656,0
187971,0
32777,0
190335,0
188681,0
18881,0
99080,0
112301,0
37959,0
75847,0
141042,0
107284,0
43803,0
121173,0
17942,0
36500,0
154519,0
95332,0
88836,0
45514,0
180468,0
167144,0
52442,0
199421,0
63619,0
172734,0
8785,0
196265,0
145475,0
45534,0
130408,0
42061,0
103500,0
69141,0
127016,0
74391,0
199401,0
129138,0
124521,0
198234,0
25131,0
149294,0
148090,0
98828,0
195489,0
140308,0
80067,0
101120,0
15963,0
179201,0
61556,0
65217,0
27335,0
139750,0
187464,0
62405,0
141624,0
54322,0
101263,0
170957,0
138954,0
52471,0
26493,0
186365,0
129147,0
9658,0
143597,0
119470,0
125489,0
13027,0
20092,0
96667,0
174474,0
189723,0
142659,0
134533,0
79695,0
199371,0
108386,0
44541,0
27235,0
56242,0
143625,0
67724,0
3422,0
45815,0
45854,0
159089,0
63967,0
129518,0
190927,0
59721,0
49600,0
114535,0
119436,0
90579,0
89857,0
55265,0
62970,0
14896,0
182790,0
190998,0
107580,0
4686,0
73277,0
3051,0
63290,0
20569,0
39441,0
37710,0
139896,0
157844,0
126702,0
123712,0
37742,0
141671,0
61481,0
114300,0
71669,0
120101,0
32470,0
174431,0
199836,0
182784,0
156060,0
23348,0
155822,0
163836,0
106919,0
189572,0
177571,0
15692,0
163748,0
164080,0
35095,0
73722,0
117588,0
131125,0
10702,0
83435,0
131120,0
71873,0
141956,0
26806,0
69150,0
94068,0
168534,0
18761,0
146885,0
64050,0
137588,0
44400,0
28151,0
183742,0
183738,0
39428,0
149802,0
86977,0
15900,0
10026,0
120816,0
124798,0
177220,0
35350,0
175439,0
80852,0
27358,0
84982,0
86020,0
131884,0
88860,0
65463,0
189149,0
72241,0
54995,0
54993,0
64960,0
136656,0
3618,0
115336,0
70118,0
106072,0
81508,0
118326,0
184247,0
155365,0
38836,0
91732,0
1367,0
195717,0
37348,0
74256,0
155595,0
138207,0
130745,0
139168,0
97599,0
141087,0
1828,0
118398,0
154492,0
80940,0
182020,0
167121,0
148118,0
16085,0
66847,0
24865,0
1275,0
109344,0
109860,0
36802,0
13421,0
165091,0
130515,0
30497,0
107101,0
159231,0
54361,0
191826,0
80930,0
143591,0
9493,0
181954,0
84024,0
113676,0
47114,0
140097,0
83004,0
181273,0
70224,0
149645,0
176765,0
167026,0
11706,0
195181,0
131956,0
60156,0
92918,0
29810,0
84354,0
150109,0
175806,0
89049,0
27293,0
172264,0
48081,0
56977,0
86875,0
120608,0
100688,0
181766,0
171804,0
189812,0
112302,0
116576,0
136564,0
102655,0
68608,0
57046,0
189882,0
75609,0
62143,0
10481,0
57117,0
194657,0
144540,0
130472,0
118203,0
32360,0
143225,0
161075,0
156865,0
96503,0
191583,0
120174,0
39717,0
37996,0
41747,0
126870,0
78640,0
24231,0
82058,0
147618,0
185527,0
50826,0
148738,0
122091,0
194149,0
127259,0
6834,0
92335,0
109746,0
28407,0
33806,0
119560,0
138414,0
21797,0
153470,0
5113,0
158505,0
186746,0
49256,0
141620,0
175175,0
141616,0
170650,0
152551,0
111042,0
182646,0
29677,0
68167,0
38731,0
34529,0
60653,0
56185,0
6174,0
70458,0
962,0
181360,0
183764,0
187491,0
76522,0
170983,0
84847,0
35853,0
152134,0
199385,0
79626,0
188451,0
123809,0
49000,0
181448,0
126453,0
78344,0
12557,0
173588,0
103291,0
185857,0
15709,0
15337,0
87854,0
28385,0
114324,0
26326,0
188517,0
129769,0
107811,0
173585,0
71617,0
187652,0
96853,0
5656,0
180346,0
148574,0
48707,0
75109,0
163643,0
159392,0
100487,0
60805,0
33331,0
113231,0
166448,0
23214,0
10803,0
86037,0
69740,0
90036,0
163365,0
117863,0
168587,0
185609,0
170100,0
53166,0
199832,0
55508,0
121775,0
35595,0
7455,0
156036,0
136563,0
116977,0
45692,0
7077,0
39339,0
64224,0
147559,0
174416,0
141847,0
74929,0
65536,0
105959,0
141763,0
59354,0
75215,0
6229,0
118529,0
150474,0
67327,0
159879,0
181151,0
114189,0
50546,0
142401,0
17908,0
183992,0
110160,0
85636,0
76748,0
167556,0
192010,0
138723,0
189095,0
113896,0
20877,0
78489,0
10652,0
109539,0
115776,0
12444,0
13611,0
182132,0
7020,0
180574,0
5161,0
105379,0
108591,0
135092,0
132146,0
181250,0
56019,0
403,0
46982,0
119284,0
110118,0
126497,0
134418,0
74021,0
149145,0
132257,0
186601,0
180644,0
11373,0
99929,0
161791,0
148755,0
63408,0
134818,0
145978,0
325,0
18905,0
115302,0
162791,0
37064,0
73331,0
31627,0
78290,0
109413,0
172245,0
173877,0
125617,0
72944,0
20527,0
49580,0
128459,0
159593,0
15717,0
662,0
58120,0
133745,0
92594,0
115040,0
26876,0
177622,0
19202,0
46008,0
165587,0
35545,0
79366,0
23109,0
125504,0
134131,0
9307,0
109215,0
177985,0
179930,0
79180,0
117898,0
54377,0
34352,0
129727,0
143791,0
192843,0
47066,0
23432,0
72304,0
180406,0
171581,0
13738,0
21314,0
138691,0
62283,0
15319,0
81076,0
108859,0
187128,0
192544,0
113594,0
127102,0
24910,0
115183,0
192558,0
30621,0
160972,0
78023,0
39359,0
181479,0
165970,0
169829,0
96064,0
13198,0
130326,0
77051,0
25469,0
199171,0
126425,0
16547,0
116187,0
94325,0
86572,0
177577,0
180657,0
87422,0
194550,0
132574,0
119682,0
101437,0
101887,0
183416,0
160034,0
192962,0
114743,0
61993,0
174848,0
192021,0
106035,0
22945,0
27953,0
137240,0
27903,0
48624,0
158147,0
119694,0
95727,0
118277,0
160417,0
145673,0
54250,0
45954,0
36456,0
133864,0
86508,0
194399,0
87384,0
99254,0
135366,0
72344,0
85036,0
141783,0
32561,0
64550,0
53547,0
96595,0
156241,0
120417,0
159407,0
90230,0
175661,0
135486,0
128908,0
22705,0
135668,0
37632,0
80768,0
185373,0
26268,0
66620,0
185352,0
104184,0
174984,0
141583,0
30486,0
46228,0
69908,0
45281,0
134560,0
145807,0
197218,0
135166,0
86933,0
139490,0
115617,0
35244,0
136267,0
76580,0
73872,0
93211,0
128011,0
162772,0
107137,0
3120,0
101116,0
5361,0
4477,0
156565,0
116151,0
40025,0
190118,0
192775,0
103891,0
17873,0
59883,0
178937,0
139183,0
89489,0
186277,0
159269,0
106658,0
61509,0
148934,0
112772,0
67933,0
155300,0
107424,0
108787,0
13516,0
134775,0
56340,0
143641,0
72137,0
40562,0
130817,0
169670,0
193647,0
187548,0
161891,0
196346,0
182421,0
79943,0
33232,0
93110,0
145087,0
72249,0
193198,0
31235,0
76541,0
156152,0
91452,0
8653,0
114416,0
192369,0
108520,0
83927,0
151051,0
10758,0
154659,0
33247,0
103767,0
34636,0
98835,0
126724,0
62111,0
111475,0
100668,0
126259,0
149532,0
79789,0
69547,0
75903,0
183994,0
130797,0
12537,0
139052,0
108034,0
34391,0
53740,0
134606,0
300,0
51336,0
174113,0
69089,0
162415,0
196337,0
64344,0
58923,0
84282,0
129022,0
120840,0
65047,0
178523,0
59014,0
82357,0
27269,0
69868,0
199150,0
136306,0
136987,0
144352,0
172588,0
46354,0
100670,0
24270,0
198228,0
118132,0
149297,0
139394,0
135233,0
63892,0
32405,0
99587,0
55160,0
26552,0
166383,0
83450,0
125072,0
143688,0
11909,0
31703,0
190092,0
166167,0
119502,0
81193,0
77191,0
73254,0
94749,0
159886,0
165082,0
144931,0
182039,0
152788,0
1083,0
140403,0
135223,0
79819,0
125574,0
127799,0
111661,0
117782,0
186518,0
126490,0
134617,0
383,0
45341,0
81486,0
72479,0
165023,0
89162,0
103542,0
101027,0
40246,0
138139,0
155933,0
167838,0
161711,0
97541,0
56009,0
66987,0
196619,0
47545,0
193781,0
28840,0
133619,0
174462,0
105451,0
114454,0
93809,0
136457,0
76338,0
14835,0
117547,0
189334,0
14637,0
195145,0
79961,0
11863,0
64837,0
25648,0
128545,0
153567,0
113472,0
165312,0
61732,0
132799,0
117528,0
67524,0
191387,0
106290,0
105910,0
150419,0
22903,0
93750,0
143542,0
140427,0
31877,0
119847,0
14120,0
167826,0
25655,0
153337,0
165441,0
170922,0
44259,0
136960,0
116876,0
2922,0
4004,0
159859,0
178366,0
17211,0
54274,0
121766,0
159190,0
129179,0
188461,0
137003,0
150586,0
24261,0
186288,0
30347,0
72613,0
170731,0
111066,0
64318,0
43338,0
129975,0
11837,0
13521,0
27115,0
153928,0
61216,0
69604,0
135139,0
63603,0
186643,0
155394,0
29551,0
164303,0
190547,0
180025,0
188660,0
169126,0
29145,0
8502,0
161600,0
33767,0
109925,0
135894,0
117962,0
80312,0
180982,0
190295,0
138418,0
131826,0
35125,0
41218,0
12436,0
140326,0
113841,0
175682,0
144672,0
5354,0
89864,0
35110,0
51160,0
173448,0
123836,0
154209,0
130495,0
136094,0
69840,0
130872,0
135603,0
68961,0
73286,0
3056,0
53825,0
123846,0
116294,0
153823,0
189774,0
188266,0
116988,0
55234,0
145804,0
169095,0
20793,0
50692,0
116144,0
129965,0
53381,0
190454,0
190766,0
115791,0
40708,0
34739,0
94859,0
171592,0
15065,0
35607,0
110009,0
39659,0
168720,0
22906,0
171960,0
39500,0
135917,0
20635,0
12256,0
123253,0
116338,0
68882,0
102665,0
50303,0
87598,0
70396,0
32191,0
22298,0
131740,0
178953,0
157048,0
74071,0
113922,0
151318,0
5530,0
49898,0
115167,0
56856,0
162287,0
106613,0
112717,0
11090,0
82588,0
82584,0
55586,0
164364,0
33965,0
141452,0
162614,0
148921,0
184892,0
199685,0
183082,0
115011,0
82978,0
197274,0
61089,0
45406,0
11344,0
199620,0
98131,0
150863,0
180605,0
25093,0
43179,0
125190,0
197496,0
192601,0
15441,0
22291,0
131029,0
3801,0
9032,0
143645,0
175239,0
161428,0
179867,0
159314,0
167196,0
119589,0
150290,0
119603,0
10410,0
49318,0
32793,0
20069,0
29872,0
64532,0
90978,0
80523,0
3599,0
6703,0
151406,0
24112,0
150352,0
126447,0
162122,0
122170,0
127169,0
79574,0
139550,0
156738,0
149143,0
79669,0
179504,0
127105,0
60860,0
85198,0
166876,0
126214,0
15309,0
10295,0
149258,0
104214,0
117636,0
24736,0
136962,0
92165,0
85377,0
81509,0
27733,0
92441,0
195190,0
83655,0
58959,0
15636,0
36892,0
16290,0
41673,0
50158,0
78263,0
77832,0
89530,0
61270,0
27566,0
23476,0
20575,0
163595,0
76629,0
73394,0
36824,0
47180,0
114887,0
196741,0
157684,0
64719,0
174239,0
26549,0
19362,0
9919,0
3407,0
186443,0
66615,0
49494,0
19640,0
110827,0
88858,0
115344,0
77387,0
198425,0
54853,0
116082,0
2608,0
48986,0
46881,0
29930,0
37464,0
191162,0
154569,0
99000,0
42338,0
85619,0
18045,0
186516,0
2589,0
98755,0
135339,0
98412,0
149264,0
189022,0
126195,0
137479,0
47162,0
17815,0
154142,0
161011,0
83541,0
105430,0
69248,0
133275,0
179735,0
54991,0
177922,0
171006,0
154243,0
113479,0
69990,0
44001,0
43995,0
191115,0
190847,0
28708,0
46315,0
14828,0
64793,0
85670,0
36323,0
54997,0
97375,0
172709,0
100734,0
70872,0
52596,0
21167,0
108634,0
134678,0
77422,0
41109,0
184330,0
147304,0
117019,0
138248,0
29605,0
76900,0
193475,0
3601,0
185826,0
55911,0
196491,0
142397,0
32344,0
183936,0
172181,0
142708,0
96388,0
57330,0
78754,0
182945,0
57609,0
5632,0
96433,0
35140,0
51972,0
153615,0
173105,0
33485,0
142831,0
178800,0
31748,0
38523,0
69545,0
106162,0
152047,0
24482,0
38869,0
76486,0
104078,0
19186,0
158396,0
132728,0
72271,0
37194,0
147921,0
184879,0
17431,0
54368,0
116921,0
190612,0
19753,0
59232,0
63592,0
7396,0
151771,0
157244,0
78431,0
69361,0
116233,0
25081,0
54380,0
170179,0
93178,0
47374,0
52176,0
138913,0
89041,0
114281,0
29248,0
158912,0
152272,0
2902,0
83200,0
116311,0
134226,0
48613,0
31913,0
14699,0
53827,0
158967,0
183504,0
66403,0
147508,0
156750,0
58800,0
162579,0
27571,0
48461,0
166103,0
182703,0
122006,0
15411,0
183377,0
87910,0
185395,0
75522,0
197772,0
184596,0
59636,0
114930,0
6155,0
3216,0
194275,0
173054,0
183446,0
194236,0
101279,0
66209,0
63917,0
55071,0
86316,0
126593,0
14414,0
23465,0
85295,0
67751,0
192987,0
55246,0
102288,0
27166,0
80866,0
180818,0
8357,0
50491,0
199459,0
10550,0
171206,0
88519,0
139900,0
28361,0
180516,0
111643,0
55745,0
110689,0
8600,0
140639,0
117666,0
16643,0
8376,0
67777,0
22981,0
180347,0
55785,0
168425,0
28682,0
49723,0
20017,0
133644,0
168755,0
67447,0
189709,0
199982,0
85307,0
67414,0
15630,0
124615,0
186891,0
1853,0
13496,0
199205,0
160617,0
38847,0
126817,0
182063,0
186103,0
73959,0
17497,0
195950,0
110344,0
116388,0
182955,0
102859,0
99417,0
57249,0
80004,0
107931,0
149967,0
16098,0
32680,0
149701,0
29526,0
45455,0
37216,0
171552,0
141141,0
755,0
59203,0
192493,0
38803,0
138422,0
45517,0
156498,0
190999,0
6960,0
91863,0
16710,0
156778,0
50651,0
37861,0
10377,0
3385,0
156033,0
80784,0
94852,0
145327,0
154452,0
116735,0
1045,0
150802,0
75790,0
14897,0
9092,0
92732,0
131657,0
122064,0
138924,0
113702,0
63023,0
44823,0
115189,0
134179,0
137649,0
67401,0
3225,0
71183,0
126158,0
172114,0
138191,0
154746,0
69647,0
181351,0
88912,0
175795,0
173974,0
180462,0
27960,0
175721,0
50837,0
42315,0
187120,0
72666,0
192671,0
114317,0
109257,0
129821,0
190067,0
144300,0
45110,0
193652,0
194587,0
28624,0
194579,0
57114,0
33110,0
93460,0
119577,0
82774,0
39610,0
65914,0
45040,0
3537,0
82743,0
82371,0
60036,0
30554,0
120633,0
116516,0
155135,0
175463,0
34021,0
72688,0
85540,0
65824,0
198709,0
4218,0
24554,0
121531,0
196561,0
159388,0
49363,0
54276,0
3623,0
96792,0
174060,0
146869,0
116956,0
19732,0
80411,0
154439,0
144939,0
126924,0
20335,0
63874,0
179968,0
3329,0
41987,0
46792,0
29768,0
40085,0
84976,0
80535,0
40541,0
80367,0
73343,0
196502,0
21696,0
50541,0
142048,0
158182,0
30523,0
66997,0
54313,0
83176,0
50189,0
192379,0
181064,0
50500,0
55884,0
160049,0
49501,0
171789,0
4141,0
91557,0
163688,0
74111,0
140647,0
151740,0
41849,0
132678,0
39502,0
125779,0
3039,0
64103,0
175149,0
135118,0
111437,0
148152,0
87716,0
77019,0
160821,0
19708,0
145442,0
121126,0
92448,0
121398,0
83364,0
134068,0
52637,0
9545,0
45741,0
72993,0
196583,0
28265,0
105736,0
27206,0
128977,0
77961,0
168893,0
96895,0
134776,0
194415,0
99006,0
48297,0
23799,0
160512,0
57997,0
129910,0
89847,0
119236,0
179115,0
120225,0
25511,0
164827,0
14998,0
111653,0
155890,0
108337,0
83694,0
82541,0
28894,0
111121,0
133107,0
99690,0
71113,0
106635,0
43324,0
77475,0
99678,0
170053,0
33397,0
179277,0
64329,0
25305,0
160568,0
11855,0
44723,0
177488,0
30149,0
540,0
107682,0
18189,0
1129,0
3506,0
180903,0
43265,0
12147,0
164605,0
52029,0
20934,0
5740,0
76138,0
6263,0
147998,0
170280,0
20957,0
127409,0
107058,0
67565,0
173202,0
78289,0
77607,0
185021,0
9993,0
81129,0
149916,0
158466,0
78625,0
50355,0
134789,0
58339,0
63629,0
63687,0
104236,0
22549,0
176693,0
184637,0
181145,0
118417,0
169567,0
104408,0
112457,0
88403,0
99207,0
84143,0
157740,0
199594,0
135423,0
146751,0
142084,0
65895,0
93245,0
158687,0
174003,0
154810,0
36830,0
6131,0
59509,0
20317,0
73704,0
122982,0
90383,0
34526,0
157561,0
17264,0
169315,0
176089,0
58818,0
48033,0
38864,0
197472,0
19967,0
147786,0
144851,0
139932,0
78862,0
30249,0
137695,0
137016,0
174219,0
103031,0
194606,0
16368,0
22295,0
118521,0
153544,0
171277,0
60703,0
43990,0
114062,0
84657,0
147301,0
143933,0
100073,0
66989,0
160712,0
116430,0
122440,0
123536,0
133568,0
150100,0
74754,0
187506,0
133634,0
187578,0
110850,0
133499,0
193590,0
66575,0
11057,0
69949,0
28035,0
88533,0
128605,0
60324,0
111912,0
109500,0
119416,0
134176,0
28825,0
1050,0
43996,0
26486,0
126977,0
87282,0
189169,0
193814,0
92011,0
74594,0
187483,0
34175,0
150075,0
187666,0
106681,0
19338,0
127798,0
13661,0
60113,0
126856,0
10909,0
123495,0
60600,0
49481,0
113427,0
109411,0
82490,0
15903,0
169012,0
106810,0
154159,0
166669,0
25272,0
153375,0
6574,0
199261,0
81948,0
70089,0
85188,0
193141,0
140926,0
16771,0
18135,0
136972,0
119196,0
44098,0
83021,0
31944,0
175176,0
41080,0
165945,0
198453,0
18739,0
79008,0
128889,0
148773,0
147260,0
61593,0
65530,0
106130,0
153178,0
155346,0
3477,0
194691,0
143082,0
78880,0
95594,0
134846,0
127743,0
147351,0
114396,0
83582,0
45166,0
53079,0
73930,0
185075,0
65731,0
84195,0
197250,0
45329,0
138597,0
118316,0
138061,0
45156,0
120185,0
128149,0
135742,0
1383,0
65840,0
169892,0
165595,0
152806,0
78970,0
68242,0
194782,0
155350,0
108835,0
129794,0
168395,0
65003,0
156247,0
142546,0
105804,0
31149,0
148523,0
30235,0
83830,0
43749,0
72117,0
114041,0
180825,0
50493,0
53947,0
137969,0
81929,0
111806,0
30808,0
22991,0
46905,0
35504,0
85098,0
143874,0
172945,0
88592,0
30994,0
110203,0
158005,0
163931,0
64381,0
190827,0
25521,0
173861,0
158062,0
89957,0
128652,0
168542,0
76609,0
15136,0
134758,0
189784,0
89219,0
52913,0
13228,0
188617,0
131931,0
5729,0
130310,0
192431,0
141126,0
51858,0
94285,0
145070,0
118401,0
147242,0
183238,0
153617,0
47483,0
129893,0
60735,0
139797,0
143767,0
60468,0
25564,0
157443,0
136309,0
31248,0
126577,0
161267,0
28223,0
47385,0
84935,0
83103,0
136818,0
186265,0
54118,0
5041,0
137168,0
38191,0
185500,0
199356,0
175448,0
158714,0
48554,0
92826,0
194571,0
28162,0
162318,0
121385,0
97607,0
28795,0
1656,0
132947,0
20719,0
174636,0
137661,0
90540,0
23803,0
63204,0
43276,0
60955,0
161808,0
87303,0
99662,0
108985,0
124689,0
23068,0
141627,0
160671,0
84667,0
36260,0
37320,0
48115,0
179060,0
97799,0
21086,0
43279,0
16242,0
180456,0
5469,0
156796,0
5592,0
85285,0
44588,0
11577,0
42317,0
50405,0
168023,0
85880,0
198057,0
157063,0
16758,0
160635,0
198398,0
136137,0
124122,0
121462,0
53327,0
76552,0
47410,0
144747,0
34662,0
84928,0
178508,0
14599,0
19721,0
88340,0
63099,0
48475,0
42490,0
197791,0
85129,0
53002,0
132239,0
138126,0
187008,0
172532,0
67465,0
112029,0
142850,0
73482,0
171023,0
42024,0
11585,0
199487,0
106262,0
169553,0
90797,0
176698,0
152183,0
128353,0
44841,0
75011,0
120794,0
144169,0
53174,0
118979,0
47575,0
65360,0
65430,0
117665,0
64520,0
63826,0
89092,0
93233,0
124272,0
40133,0
86084,0
20448,0
58610,0
111130,0
153104,0
198143,0
140242,0
107257,0
177977,0
196179,0
152674,0
28367,0
70040,0
38180,0
108642,0
146837,0
40798,0
102352,0
58087,0
53222,0
175653,0
86319,0
52642,0
12244,0
159983,0
38502,0
149115,0
118829,0
125712,0
50525,0
170068,0
4641,0
127867,0
163928,0
191161,0
67256,0
107129,0
190880,0
26548,0
96360,0
98857,0
49875,0
124802,0
91664,0
157490,0
188525,0
138145,0
106433,0
29098,0
154232,0
95075,0
100084,0
41197,0
40984,0
150616,0
139157,0
9048,0
18451,0
95136,0
62937,0
137491,0
85472,0
62082,0
42330,0
123586,0
184162,0
155001,0
70427,0
122446,0
62799,0
150206,0
53953,0
96890,0
172082,0
6497,0
30371,0
101394,0
124529,0
38300,0
97546,0
70890,0
131844,0
11136,0
36182,0
150067,0
66812,0
67908,0
47964,0
66027,0
185188,0
29529,0
190355,0
56996,0
57382,0
183072,0
52079,0
165917,0
10635,0
157108,0
109798,0
8854,0
136550,0
4509,0
10563,0
197458,0
51971,0
152088,0
182237,0
14152,0
81675,0
178517,0
94111,0
185307,0
34800,0
21269,0
99887,0
21284,0
118320,0
105923,0
70245,0
177725,0
123769,0
76095,0
175210,0
71268,0
15626,0
139486,0
99871,0
180559,0
47640,0
158425,0
182158,0
184861,0
113984,0
141261,0
197601,0
105795,0
139364,0
160718,0
11113,0
115631,0
138376,0
180340,0
125902,0
140420,0
105704,0
71457,0
130659,0
359,0
48728,0
21988,0
102423,0
197489,0
1919,0
13390,0
41935,0
106877,0
164403,0
189720,0
143999,0
74273,0
65899,0
25297,0
98523,0
27692,0
175354,0
22207,0
195852,0
77178,0
20249,0
105549,0
45974,0
162803,0
146097,0
91243,0
199539,0
46321,0
36099,0
31203,0
40225,0
138390,0
197619,0
50885,0
136568,0
151143,0
31322,0
183906,0
42588,0
23744,0
142656,0
77495,0
7445,0
33982,0
87882,0
167685,0
83423,0
171245,0
10484,0
111635,0
29290,0
19557,0
7103,0
99732,0
162648,0
40590,0
102479,0
149095,0
48011,0
162660,0
72619,0
33116,0
168681,0
46560,0
19935,0
1106,0
178855,0
155109,0
185799,0
193909,0
53416,0
49967,0
48960,0
38196,0
166966,0
102732,0
14684,0
89909,0
110364,0
26101,0
182850,0
160044,0
52947,0
147764,0
72026,0
121246,0
156646,0
46169,0
81967,0
89929,0
32009,0
55622,0
31847,0
170621,0
125058,0
21656,0
106457,0
183280,0
71784,0
131373,0
56447,0
182013,0
172267,0
6381,0
193827,0
88716,0
96859,0
154210,0
34595,0
135443,0
137191,0
11898,0
147884,0
120706,0
35563,0
15783,0
135345,0
142806,0
134639,0
9132,0
136368,0
50155,0
79265,0
49409,0
59030,0
17052,0
80191,0
9329,0
145544,0
159867,0
59144,0
96110,0
66084,0
134173,0
82700,0
150965,0
13022,0
2834,0
193783,0
199489,0
183859,0
140892,0
96699,0
176705,0
77575,0
6210,0
35285,0
34822,0
49169,0
144710,0
191380,0
145198,0
38594,0
10240,0
155139,0
10537,0
192085,0
120428,0
132274,0
102854,0
45877,0
70899,0
139199,0
71604,0
82056,0
141477,0
32282,0
152634,0
186659,0
42136,0
117304,0
173044,0
145579,0
161960,0
12399,0
140511,0
114896,0
176128,0
113432,0
96302,0
101906,0
20809,0
89176,0
78085,0
99403,0
40983,0
59340,0
21268,0
135670,0
54330,0
27706,0
136700,0
82601,0
11718,0
141992,0
184665,0
125076,0
56800,0
113376,0
149140,0
37692,0
41046,0
169583,0
50679,0
19834,0
166405,0
154984,0
120541,0
48490,0
45787,0
146342,0
6606,0
160191,0
158234,0
73063,0
58889,0
83444,0
153753,0
9651,0
108377,0
22583,0
18390,0
192299,0
95100,0
123545,0
150295,0
21664,0
107420,0
19894,0
190015,0
62447,0
198568,0
82294,0
87256,0
137589,0
86738,0
16232,0
40237,0
90568,0
172116,0
59881,0
179373,0
27399,0
10199,0
87333,0
171901,0
82566,0
198818,0
32765,0
61319,0
159973,0
149873,0
100560,0
159846,0
43062,0
160311,0
32407,0
129841,0
106831,0
61837,0
5208,0
80737,0
107243,0
145422,0
43682,0
135720,0
189852,0
180162,0
119691,0
150173,0
116678,0
134232,0
120762,0
179221,0
118998,0
103341,0
51828,0
18315,0
110995,0
33278,0
30133,0
163432,0
151086,0
33305,0
114565,0
78105,0
58778,0
45985,0
170161,0
17160,0
71660,0
64263,0
33408,0
108270,0
8024,0
108071,0
178447,0
16933,0
172524,0
127236,0
197847,0
188869,0
129633,0
134286,0
132995,0
32135,0
104003,0
190409,0
38285,0
83358,0
197548,0
127355,0
71345,0
59384,0
121000,0
150872,0
82946,0
13857,0
90150,0
163193,0
92384,0
99452,0
101157,0
31114,0
104998,0
167741,0
8627,0
174696,0
195798,0
67336,0
136472,0
144547,0
65198,0
84558,0
121491,0
77099,0
131138,0
143446,0
23968,0
105680,0
176889,0
185584,0
185519,0
73110,0
8393,0
1545,0
87751,0
184671,0
9109,0
176022,0
40614,0
111682,0
168595,0
49606,0
136313,0
186235,0
143715,0
191920,0
39175,0
84938,0
35822,0
15238,0
47029,0
98431,0
168980,0
6684,0
175007,0
55079,0
88847,0
46963,0
186392,0
88636,0
74195,0
112530,0
111126,0
124462,0
123107,0
18906,0
34199,0
132034,0
97616,0
169024,0
1261,0
66281,0
57489,0
165951,0
112688,0
165477,0
17628,0
57403,0
124227,0
174152,0
31770,0
77223,0
128932,0
194737,0
146922,0
142475,0
195223,0
155863,0
112357,0
24152,0
172864,0
36624,0
24950,0
118716,0
104229,0
125361,0
130958,0
165584,0
174012,0
9380,0
48941,0
103371,0
140093,0
99042,0
134701,0
194935,0
143543,0
137154,0
198450,0
196716,0
21618,0
132679,0
66612,0
41482,0
125288,0
103122,0
173377,0
145310,0
184853,0
136382,0
142173,0
97448,0
76274,0
74538,0
161388,0
163777,0
41660,0
139480,0
50644,0
54851,0
93888,0
2157,0
96398,0
129137,0
30233,0
99950,0
19779,0
141217,0
99897,0
154166,0
165479,0
145314,0
74603,0
45319,0
188138,0
45922,0
22120,0
48533,0
115097,0
45095,0
119324,0
187734,0
82781,0
92095,0
163445,0
166393,0
133066,0
141523,0
143256,0
118459,0
33052,0
114533,0
137656,0
108753,0
52096,0
1504,0
157000,0
13312,0
83112,0
59544,0
109970,0
195373,0
24447,0
172213,0
173056,0
3734,0
29148,0
88909,0
161958,0
123388,0
145120,0
131516,0
193875,0
57566,0
45207,0
31633,0
198174,0
191230,0
2257,0
93129,0
120942,0
75915,0
145930,0
193950,0
45653,0
24786,0
16853,0
185184,0
79439,0
116862,0
134225,0
198744,0
114999,0
159345,0
144107,0
25654,0
180637,0
117652,0
97204,0
196385,0
138795,0
26527,0
94265,0
27207,0
14944,0
160757,0
199744,0
126755,0
115539,0
1117,0
87614,0
160907,0
189283,0
64502,0
164250,0
184245,0
136337,0
139257,0
199128,0
181667,0
14631,0
171369,0
157746,0
129961,0
131093,0
173991,0
174522,0
125564,0
60967,0
70558,0
151302,0
160465,0
125646,0
58176,0
70177,0
92869,0
113724,0
159634,0
24721,0
95672,0
137443,0
173948,0
156045,0
73911,0
160721,0
123623,0
95716,0
123798,0
27696,0
126502,0
156427,0
140371,0
113800,0
88321,0
107309,0
32471,0
84987,0
10807,0
117761,0
73414,0
133429,0
171077,0
68082,0
24515,0
84986,0
188308,0
81549,0
15691,0
171087,0
129421,0
195999,0
193308,0
195710,0
155956,0
103717,0
36078,0
1034,0
41898,0
98950,0
31546,0
129433,0
175113,0
103711,0
185306,0
174414,0
179091,0
42216,0
106484,0
145558,0
186814,0
181275,0
136261,0
100887,0
192171,0
42881,0
57452,0
197738,0
141603,0
81385,0
114473,0
11158,0
84329,0
148814,0
112316,0
107041,0
165857,0
53805,0
23287,0
156015,0
41469,0
75909,0
120126,0
24251,0
194698,0
73432,0
87407,0
116894,0
98171,0
14785,0
87813,0
197638,0
106495,0
123686,0
146938,0
12205,0
123948,0
71299,0
152065,0
15163,0
25734,0
71287,0
75811,0
29806,0
182801,0
24640,0
59496,0
53171,0
85289,0
138728,0
50702,0
109388,0
193645,0
135084,0
60558,0
126369,0
181700,0
149260,0
277,0
198423,0
4729,0
36410,0
105279,0
8272,0
48891,0
111762,0
137470,0
93974,0
138730,0
182098,0
68088,0
37543,0
60359,0
43962,0
62281,0
181879,0
143666,0
90840,0
7557,0
15245,0
53303,0
115407,0
40698,0
175035,0
44114,0
181776,0
16213,0
80073,0
156534,0
15285,0
173610,0
44880,0
44408,0
175495,0
198069,0
66315,0
31487,0
8379,0
97784,0
129645,0
198032,0
174590,0
4640,0
53151,0
117584,0
185559,0
144028,0
66228,0
135162,0
115190,0
94704,0
37351,0
13626,0
173529,0
20724,0
49720,0
182311,0
23362,0
8265,0
135662,0
66543,0
79647,0
187633,0
10528,0
225,0
85607,0
49616,0
10228,0
193910,0
110881,0
152346,0
193934,0
91013,0
48680,0
199256,0
91976,0
190009,0
166463,0
19251,0
1337,0
183776,0
41790,0
53846,0
41697,0
114986,0
96148,0
127585,0
112599,0
158359,0
64296,0
176772,0
190861,0
29410,0
121188,0
191146,0
176710,0
98442,0
164296,0
96232,0
184512,0
57561,0
57846,0
110098,0
112843,0
58705,0
46164,0
112615,0
178066,0
112977,0
65312,0
132353,0
83951,0
54333,0
19230,0
118799,0
4245,0
151453,0
125857,0
132269,0
58239,0
188866,0
113373,0
166850,0
165044,0
109207,0
112475,0
20571,0
123185,0
185312,0
79632,0
51763,0
17986,0
134720,0
148956,0
190382,0
35417,0
114746,0
69847,0
153318,0
198459,0
66644,0
172018,0
31076,0
9795,0
22093,0
99517,0
51741,0
16408,0
58780,0
14879,0
173619,0
152442,0
41981,0
26717,0
109027,0
15026,0
119305,0
82695,0
158259,0
194186,0
103455,0
109965,0
178280,0
35629,0
89525,0
136701,0
3845,0
82652,0
85421,0
35784,0
158254,0
105289,0
3234,0
40785,0
108161,0
193965,0
100536,0
599,0
113787,0
20850,0
179340,0
35611,0
136902,0
56703,0
99684,0
144199,0
28363,0
89772,0
35944,0
137085,0
131613,0
155088,0
35269,0
61833,0
109794,0
137916,0
36992,0
177813,0
167818,0
105800,0
188413,0
77105,0
81279,0
132405,0
155747,0
11325,0
148237,0
155190,0
91583,0
147122,0
192212,0
7317,0
80592,0
85366,0
32642,0
168179,0
199669,0
113738,0
55452,0
110167,0
196226,0
192575,0
61706,0
164073,0
46727,0
92847,0
49894,0
187225,0
13988,0
181333,0
70474,0
125554,0
151262,0
111,0
43642,0
43643,0
67137,0
20609,0
143710,0
52480,0
74550,0
62323,0
2628,0
4137,0
160202,0
156453,0
6622,0
178931,0
74639,0
107463,0
11417,0
182072,0
18125,0
80006,0
107499,0
11374,0
62286,0
174246,0
134070,0
108568,0
10917,0
121517,0
181690,0
186975,0
12384,0
74262,0
91638,0
7319,0
50562,0
12493,0
163875,0
4154,0
167350,0
159374,0
179977,0
142210,0
74412,0
144951,0
157550,0
107462,0
151330,0
104351,0
158355,0
75973,0
163080,0
68614,0
123062,0
108877,0
120968,0
98089,0
130626,0
172340,0
176681,0
120926,0
93221,0
148933,0
30839,0
65419,0
185049,0
139747,0
117220,0
95250,0
197328,0
127304,0
132854,0
45594,0
176476,0
127450,0
28621,0
142902,0
33237,0
57201,0
45188,0
23015,0
166681,0
74546,0
19596,0
190002,0
121571,0
163568,0
8825,0
60271,0
179814,0
71375,0
185077,0
38175,0
93010,0
15798,0
74480,0
125358,0
132889,0
108608,0
53306,0
45353,0
103582,0
18885,0
80253,0
168911,0
157479,0
86827,0
92035,0
102102,0
44573,0
29007,0
167269,0
164801,0
101850,0
191432,0
121647,0
11666,0
150427,0
178777,0
194745,0
110246,0
48920,0
114137,0
127622,0
52975,0
117307,0
107893,0
78106,0
115339,0
32919,0
2177,0
25427,0
16798,0
132664,0
140272,0
22348,0
148556,0
114862,0
131528,0
182045,0
142138,0
109292,0
135044,0
190151,0
64141,0
193543,0
193553,0
31867,0
161632,0
142741,0
27355,0
170921,0
142861,0
153672,0
134771,0
66659,0
19127,0
177550,0
133437,0
117432,0
157924,0
43050,0
181155,0
111205,0
192689,0
102729,0
49872,0
137913,0
124683,0
157727,0
146742,0
63608,0
93257,0
140433,0
41838,0
152844,0
140672,0
115602,0
101876,0
77172,0
81009,0
153148,0
189465,0
40769,0
195979,0
163150,0
81207,0
108021,0
51489,0
32576,0
77235,0
188403,0
107063,0
53069,0
39340,0
91422,0
168145,0
81694,0
127447,0
52893,0
34532,0
180701,0
16600,0
65526,0
105673,0
50461,0
109441,0
105658,0
12524,0
6707,0
91193,0
29735,0
193133,0
124786,0
4496,0
6714,0
90220,0
37155,0
4854,0
129786,0
171844,0
75186,0
161113,0
161119,0
41037,0
722,0
49434,0
109831,0
28982,0
26391,0
171731,0
192849,0
7265,0
192866,0
189777,0
17168,0
171223,0
10553,0
24492,0
80597,0
55723,0
64783,0
129566,0
34426,0
115545,0
45469,0
174833,0
49570,0
154528,0
91611,0
164638,0
130558,0
99977,0
178116,0
118514,0
188608,0
45133,0
59718,0
158680,0
143136,0
188886,0
145207,0
84365,0
52207,0
124209,0
23128,0
172252,0
40340,0
139152,0
63000,0
28447,0
35720,0
45783,0
149027,0
119249,0
95152,0
71125,0
40603,0
72522,0
7378,0
82552,0
157110,0
69324,0
99575,0
103984,0
9101,0
33553,0
185363,0
843,0
9618,0
122993,0
114248,0
135994,0
73279,0
33550,0
9043,0
163346,0
170548,0
122728,0
53577,0
34646,0
79387,0
119993,0
187047,0
72208,0
134934,0
68377,0
194118,0
132123,0
158116,0
1142,0
148193,0
193201,0
98509,0
152238,0
58076,0
131408,0
169231,0
153270,0
161192,0
31592,0
83742,0
85942,0
143249,0
35561,0
22082,0
64850,0
193171,0
2336,0
106205,0
69175,0
48419,0
78986,0
83770,0
131998,0
147168,0
188119,0
119513,0
188499,0
153997,0
132125,0
95622,0
162252,0
51696,0
84914,0
68136,0
36003,0
9991,0
58029,0
52421,0
1729,0
179820,0
25092,0
23006,0
42500,0
31762,0
17660,0
39503,0
118580,0
155653,0
26984,0
199015,0
136046,0
7302,0
55537,0
151438,0
176830,0
83463,0
158718,0
134788,0
61766,0
151715,0
10093,0
134887,0
65324,0
120248,0
187132,0
140458,0
54089,0
83486,0
7160,0
144291,0
65912,0
85327,0
61612,0
71262,0
99512,0
168155,0
135903,0
112650,0
148420,0
5153,0
34681,0
33995,0
168244,0
115003,0
173332,0
81821,0
179047,0
60732,0
118347,0
50502,0
163208,0
153092,0
124752,0
150119,0
113816,0
90444,0
53233,0
45104,0
39882,0
89368,0
42792,0
165596,0
42600,0
71180,0
215,0
88529,0
128821,0
173962,0
80887,0
170018,0
158279,0
159626,0
164443,0
23218,0
73077,0
136026,0
20291,0
167769,0
120845,0
187302,0
129006,0
125114,0
161576,0
117994,0
66994,0
41155,0
68857,0
12427,0
188165,0
25017,0
24768,0
141383,0
23252,0
110005,0
195371,0
40673,0
132043,0
134345,0
176906,0
116766,0
82416,0
182395,0
71015,0
105560,0
172652,0
130695,0
16747,0
127586,0
75300,0
9800,0
105097,0
19353,0
157164,0
139112,0
84791,0
17681,0
93676,0
154639,0
83153,0
27986,0
168989,0
21604,0
3287,0
148619,0
141242,0
53917,0
143411,0
128987,0
3922,0
35619,0
14984,0
6451,0
104885,0
114120,0
31605,0
32902,0
14105,0
126257,0
153758,0
73383,0
23044,0
141740,0
29596,0
10283,0
172042,0
87364,0
79257,0
148626,0
175977,0
103112,0
18040,0
53459,0
171831,0
124315,0
166309,0
53544,0
159581,0
179492,0
124716,0
39285,0
186582,0
55314,0
71532,0
153204,0
131849,0
199812,0
184243,0
155607,0
162990,0
96652,0
84817,0
194005,0
162379,0
13811,0
67075,0
152420,0
163423,0
120330,0
178795,0
123039,0
24688,0
80682,0
198302,0
121502,0
137776,0
31915,0
158461,0
64818,0
153209,0
168268,0
111015,0
163061,0
37878,0
52820,0
116337,0
97067,0
178189,0
53478,0
87310,0
3147,0
183174,0
119173,0
145509,0
5050,0
91264,0
63250,0
32439,0
110734,0
110043,0
10692,0
91146,0
87535,0
10828,0
75750,0
57462,0
12229,0
145525,0
103492,0
195963,0
107788,0
20281,0
126525,0
96093,0
117068,0
154294,0
134216,0
176304,0
188665,0
152156,0
137126,0
181464,0
52899,0
54782,0
58182,0
35492,0
188329,0
106832,0
126460,0
116447,0
44948,0
159628,0
70594,0
80879,0
105943,0
92022,0
29712,0
151660,0
21437,0
45913,0
65161,0
114696,0
195877,0
118795,0
179020,0
168648,0
8386,0
136718,0
47601,0
163582,0
186368,0
193040,0
121885,0
138460,0
66955,0
14421,0
169202,0
2852,0
106516,0
62974,0
50575,0
112840,0
69896,0
62539,0
88300,0
106726,0
91705,0
33652,0
118855,0
120015,0
70798,0
147293,0
142008,0
97563,0
150565,0
68094,0
161287,0
10304,0
124863,0
156493,0
197569,0
196560,0
178864,0
76049,0
83257,0
169178,0
16616,0
134933,0
51968,0
32906,0
161322,0
69914,0
65700,0
87765,0
142998,0
130969,0
5964,0
178707,0
80251,0
112830,0
115442,0
11512,0
125619,0
185047,0
99014,0
183394,0
144798,0
183692,0
115185,0
87511,0
44159,0
10468,0
19118,0
158570,0
136737,0
170947,0
22387,0
2162,0
83898,0
133459,0
41260,0
69992,0
135836,0
82824,0
16775,0
13188,0
108748,0
87683,0
4759,0
86865,0
137841,0
80376,0
145735,0
5384,0
14538,0
23789,0
137435,0
20679,0
136416,0
185101,0
158574,0
133901,0
50448,0
85797,0
152070,0
169518,0
155066,0
73092,0
173317,0
92042,0
178836,0
93651,0
159322,0
185708,0
124636,0
98981,0
173004,0
20580,0
176946,0
105051,0
181370,0
616,0
44522,0
63836,0
199412,0
76399,0
140476,0
173236,0
127737,0
195045,0
127300,0
113323,0
116736,0
76251,0
50399,0
56553,0
188372,0
71087,0
49972,0
45290,0
15354,0
149704,0
132562,0
179318,0
62961,0
40557,0
15953,0
43135,0
12898,0
125748,0
182791,0
6442,0
13588,0
197192,0
62343,0
147533,0
157811,0
74737,0
128848,0
28315,0
74715,0
41821,0
127173,0
106469,0
30764,0
196254,0
39568,0
119839,0
177490,0
53931,0
199624,0
83807,0
9221,0
28140,0
140377,0
178277,0
104472,0
188611,0
53905,0
114494,0
180771,0
193214,0
37606,0
85090,0
67673,0
173122,0
190079,0
168767,0
197501,0
136853,0
55820,0
22782,0
34120,0
185150,0
80659,0
8915,0
158622,0
43563,0
54451,0
61562,0
39380,0
156827,0
32482,0
194704,0
138301,0
48893,0
151344,0
137235,0
115812,0
53424,0
45411,0
29731,0
184504,0
96526,0
86007,0
159447,0
194284,0
69618,0
20239,0
948,0
175773,0
158041,0
39841,0
76935,0
85040,0
185136,0
184290,0
13576,0
16199,0
14161,0
30353,0
182613,0
51752,0
125965,0
5889,0
124441,0
82712,0
140243,0
147024,0
121614,0
141851,0
157262,0
151113,0
70617,0
127965,0
71769,0
129985,0
109842,0
124623,0
139649,0
113486,0
193800,0
101017,0
34860,0
175558,0
51520,0
12801,0
173121,0
59204,0
119798,0
165515,0
165756,0
178479,0
78828,0
14635,0
181533,0
119055,0
84424,0
73043,0
125021,0
77676,0
15861,0
123825,0
11140,0
115018,0
109045,0
93727,0
21911,0
26386,0
172292,0
129375,0
132743,0
16054,0
69427,0
97192,0
138771,0
109892,0
38952,0
150893,0
181107,0
13583,0
172855,0
183938,0
89828,0
104045,0
177684,0
19282,0
125826,0
146494,0
65274,0
12912,0
128356,0
19831,0
56782,0
23056,0
12615,0
87996,0
135867,0
23991,0
179361,0
136467,0
68344,0
145819,0
30872,0
39052,0
152151,0
154119,0
63133,0
68574,0
12547,0
125889,0
129547,0
146341,0
63488,0
178734,0
30330,0
185079,0
13026,0
176291,0
92197,0
57189,0
54497,0
112458,0
57581,0
153616,0
3900,0
38909,0
87898,0
3890,0
180656,0
182324,0
179543,0
186453,0
115527,0
184239,0
152769,0
94080,0
64368,0
23818,0
4935,0
186700,0
95564,0
186710,0
12355,0
181331,0
61768,0
29717,0
174458,0
174445,0
188276,0
149961,0
174915,0
38154,0
64302,0
39771,0
93102,0
147415,0
57801,0
187589,0
62621,0
13391,0
187550,0
20479,0
147339,0
69219,0
112837,0
187469,0
181961,0
102474,0
68135,0
20233,0
171893,0
111887,0
152614,0
180156,0
152478,0
37554,0
52597,0
34105,0
32346,0
168865,0
135305,0
12207,0
22490,0
105634,0
196924,0
1923,0
160885,0
105975,0
48572,0
109877,0
122586,0
49827,0
1903,0
85774,0
157459,0
132007,0
27558,0
199303,0
33314,0
120986,0
117253,0
97221,0
10611,0
137,0
108097,0
155727,0
76360,0
110490,0
84415,0
158499,0
45417,0
107443,0
73543,0
166325,0
192532,0
374,0
143077,0
168472,0
16510,0
132885,0
98070,0
191503,0
10045,0
155840,0
131806,0
139691,0
97057,0
99268,0
76065,0
97833,0
76125,0
49907,0
25417,0
198503,0
9889,0
161642,0
118274,0
25562,0
130656,0
105569,0
77026,0
121313,0
160250,0
86163,0
51913,0
99602,0
109369,0
9576,0
141533,0
130453,0
31204,0
120668,0
143563,0
160298,0
123295,0
116709,0
190645,0
21781,0
30,0
133169,0
106927,0
77186,0
16139,0
77208,0
110209,0
162067,0
86817,0
9622,0
142337,0
18147,0
171433,0
106208,0
141636,0
195540,0
71093,0
75159,0
31506,0
28340,0
106586,0
171083,0
155358,0
163815,0
191450,0
74162,0
193822,0
79773,0
193925,0
9014,0
84485,0
19508,0
48540,0
20135,0
3783,0
158592,0
78837,0
130157,0
59385,0
39127,0
9003,0
162708,0
137631,0
48688,0
185614,0
171205,0
190225,0
185832,0
28464,0
93622,0
158827,0
56807,0
109226,0
97556,0
141518,0
115341,0
9019,0
66332,0
148992,0
141688,0
84559,0
26903,0
30354,0
48241,0
36878,0
37055,0
35279,0
13181,0
76832,0
77966,0
46157,0
112555,0
148570,0
64061,0
125784,0
184517,0
78110,0
57744,0
19627,0
157613,0
46282,0
25553,0
132297,0
142387,0
25544,0
58454,0
195899,0
189129,0
118697,0
83465,0
92717,0
121480,0
136780,0
64724,0
121344,0
177787,0
142548,0
4377,0
22695,0
13203,0
57687,0
154541,0
5671,0
83007,0
197206,0
127426,0
47946,0
90204,0
9200,0
157037,0
65992,0
197255,0
157015,0
93499,0
132778,0
82952,0
118287,0
92264,0
108888,0
23889,0
1272,0
176815,0
151077,0
114957,0
142007,0
178261,0
157370,0
118437,0
118424,0
95507,0
6206,0
19735,0
154148,0
6220,0
111960,0
84135,0
34250,0
138256,0
77368,0
50429,0
16008,0
155842,0
2300,0
149437,0
60458,0
86944,0
80311,0
73207,0
155877,0
35844,0
105715,0
80254,0
5318,0
68847,0
73285,0
67797,0
80194,0
168415,0
168316,0
198690,0
116061,0
135363,0
188802,0
73457,0
192427,0
11897,0
129340,0
155979,0
126355,0
187260,0
122897,0
61860,0
109882,0
91026,0
135325,0
18857,0
107212,0
68462,0
96511,0
95661,0
43729,0
25699,0
91476,0
155728,0
42540,0
61730,0
144684,0
110980,0
37674,0
153968,0
87816,0
94488,0
191315,0
61050,0
81670,0
32770,0
86054,0
102202,0
102700,0
3255,0
16126,0
16654,0
180732,0
192842,0
25176,0
188293,0
79664,0
99827,0
115567,0
181096,0
36343,0
44360,0
174364,0
160182,0
2562,0
179560,0
86928,0
66926,0
44417,0
52990,0
19429,0
147219,0
81445,0
180958,0
97166,0
69192,0
93907,0
156056,0
18758,0
72084,0
49969,0
135498,0
110236,0
186193,0
87676,0
156055,0
49891,0
167975,0
167968,0
22973,0
99862,0
172304,0
171668,0
31574,0
148053,0
11433,0
190855,0
135542,0
129556,0
3010,0
68575,0
104328,0
121668,0
151441,0
29294,0
110190,0
2311,0
145328,0
47025,0
153661,0
68906,0
184197,0
7952,0
1147,0
83663,0
64924,0
169422,0
47070,0
191261,0
118602,0
41659,0
51245,0
22577,0
117036,0
184420,0
173231,0
188366,0
172762,0
135507,0
23165,0
98693,0
98302,0
88515,0
128810,0
12737,0
170574,0
24344,0
174479,0
85174,0
117545,0
17274,0
48431,0
97856,0
166275,0
138381,0
130141,0
67527,0
53615,0
56603,0
138901,0
111980,0
97450,0
97545,0
74811,0
136432,0
25978,0
7473,0
74396,0
48838,0
19484,0
128659,0
147166,0
147142,0
193046,0
30538,0
36578,0
191731,0
110936,0
121925,0
57545,0
123882,0
106139,0
76363,0
154971,0
68142,0
187327,0
17374,0
184758,0
85733,0
68220,0
187537,0
144485,0
146591,0
20612,0
187322,0
57467,0
172062,0
117462,0
93418,0
25586,0
174037,0
172097,0
176338,0
190116,0
50457,0
172078,0
176521,0
175252,0
38825,0
57413,0
194977,0
68017,0
96896,0
2600,0
116964,0
120801,0
79052,0
30966,0
83101,0
7733,0
183346,0
132982,0
99565,0
161208,0
162412,0
126973,0
199657,0
60508,0
81227,0
53013,0
183441,0
35536,0
37535,0
44662,0
196753,0
149344,0
159835,0
80119,0
100726,0
162021,0
86860,0
101072,0
63299,0
120217,0
163056,0
52633,0
25487,0
42084,0
199110,0
13488,0
63637,0
11211,0
52875,0
43600,0
13482,0
26212,0
189286,0
162746,0
25061,0
91527,0
45621,0
90909,0
63754,0
140432,0
99219,0
4846,0
10467,0
180081,0
83031,0
79560,0
106823,0
89897,0
181035,0
106686,0
44124,0
182086,0
183866,0
121286,0
99880,0
5401,0
23378,0
99782,0
171300,0
410,0
37042,0
179417,0
468,0
110787,0
42953,0
113441,0
79729,0
11153,0
50547,0
14203,0
130234,0
146704,0
109822,0
192623,0
149482,0
86635,0
14471,0
44391,0
94016,0
21220,0
105080,0
31664,0
136270,0
116257,0
168047,0
101889,0
182413,0
111442,0
161710,0
84334,0
38120,0
27904,0
24671,0
126232,0
126435,0
95715,0
213,0
69452,0
82925,0
62092,0
137710,0
113146,0
14482,0
44272,0
31464,0
190334,0
85283,0
128335,0
68108,0
25194,0
128759,0
87434,0
48218,0
29862,0
190201,0
128708,0
143738,0
11754,0
2010,0
26163,0
97408,0
168154,0
168305,0
91808,0
192418,0
139454,0
60235,0
79299,0
114254,0
56112,0
27404,0
152480,0
10984,0
35198,0
186098,0
26498,0
11728,0
139492,0
174392,0
74566,0
10387,0
190485,0
59936,0
150310,0
67122,0
38022,0
7594,0
34530,0
94449,0
187231,0
189782,0
4560,0
20588,0
147174,0
113249,0
160776,0
97346,0
84968,0
53196,0
11654,0
127250,0
150263,0
80040,0
28890,0
105721,0
170495,0
56435,0
161341,0
73125,0
108434,0
134397,0
3517,0
91211,0
159807,0
142258,0
180788,0
151237,0
63904,0
61049,0
57593,0
71492,0
105375,0
45807,0
89710,0
189052,0
47526,0
54434,0
157350,0
23835,0
142554,0
112985,0
154665,0
180561,0
154919,0
89450,0
6190,0
83394,0
118464,0
196868,0
99004,0
125486,0
158109,0
195576,0
184348,0
23750,0
94951,0
30892,0
148553,0
19977,0
13071,0
7795,0
129409,0
47235,0
47238,0
160312,0
183678,0
17037,0
178137,0
87737,0
23250,0
72177,0
157075,0
83931,0
58784,0
78359,0
160458,0
139053,0
139915,0
92382,0
4475,0
59167,0
65663,0
76084,0
54699,0
183840,0
181472,0
64684,0
176429,0
8250,0
140540,0
146560,0
170394,0
151977,0
190813,0
183947,0
86490,0
123700,0
57359,0
43374,0
42677,0
101124,0
42021,0
58197,0
53886,0
5189,0
18871,0
170232,0
171154,0
76008,0
148727,0
113020,0
146589,0
69328,0
118769,0
99239,0
27177,0
9677,0
113812,0
153722,0
81585,0
36201,0
174555,0
145032,0
188212,0
111008,0
135531,0
169888,0
71787,0
82261,0
11009,0
51626,0
61474,0
128863,0
135575,0
129457,0
95321,0
169972,0
73728,0
61322,0
51515,0
190978,0
189390,0
180758,0
126246,0
144102,0
180925,0
123156,0
116112,0
54803,0
189498,0
3187,0
126762,0
187315,0
130628,0
113565,0
68026,0
43383,0
191572,0
55033,0
91056,0
25907,0
169173,0
96736,0
28837,0
40721,0
136122,0
85688,0
130799,0
155558,0
173743,0
68330,0
50770,0
3297,0
190521,0
159561,0
110331,0
199243,0
155414,0
32606,0
51092,0
180930,0
67590,0
25206,0
107050,0
17345,0
109675,0
70337,0
110716,0
60304,0
137533,0
34610,0
153033,0
23505,0
155946,0
99957,0
51233,0
94347,0
107373,0
130934,0
187141,0
40551,0
4816,0
141078,0
110025,0
181812,0
159393,0
180023,0
113722,0
35876,0
43114,0
109703,0
176743,0
194943,0
140173,0
178361,0
185715,0
165401,0
92595,0
131723,0
166066,0
95358,0
122223,0
151566,0
125740,0
75000,0
166785,0
134680,0
197032,0
58020,0
121558,0
20358,0
63043,0
112584,0
9194,0
78575,0
112424,0
17202,0
97584,0
78223,0
58072,0
158135,0
20220,0
185694,0
65084,0
143215,0
103088,0
58903,0
99385,0
63406,0
45170,0
23059,0
22697,0
195227,0
40262,0
148931,0
158233,0
156992,0
157136,0
108993,0
194130,0
16379,0
27513,0
127306,0
172014,0
56707,0
45855,0
18232,0
93117,0
92180,0
66314,0
25605,0
45047,0
163392,0
12843,0
125183,0
5486,0
56010,0
150508,0
106277,0
39244,0
55891,0
103185,0
114181,0
106296,0
108492,0
88580,0
121378,0
194975,0
192985,0
27845,0
137879,0
4725,0
174725,0
163195,0
88534,0
67309,0
73938,0
113397,0
182190,0
38564,0
89812,0
109525,0
116612,0
197060,0
42352,0
142330,0
26405,0
33902,0
112334,0
21593,0
79494,0
49022,0
56311,0
119405,0
92359,0
47879,0
164690,0
56346,0
166948,0
164708,0
57492,0
195051,0
123520,0
128325,0
131391,0
44469,0
179488,0
15667,0
76040,0
52726,0
49113,0
194996,0
134801,0
58973,0
187902,0
157342,0
4979,0
159714,0
155483,0
15008,0
138533,0
47662,0
99182,0
195026,0
108124,0
148673,0
6794,0
83998,0
100443,0
104273,0
42736,0
4176,0
46954,0
163993,0
148254,0
33453,0
3059,0
64295,0
110170,0
96264,0
26253,0
125663,0
17984,0
164199,0
106264,0
35733,0
53928,0
77328,0
46811,0
20660,0
58612,0
169864,0
12556,0
68757,0
180602,0
131965,0
833,0
173107,0
76528,0
47362,0
26969,0
107031,0
28725,0
135455,0
125449,0
38658,0
72512,0
120143,0
129387,0
77935,0
116097,0
61551,0
58796,0
188171,0
20999,0
151871,0
101622,0
185977,0
21572,0
59680,0
131459,0
74906,0
74939,0
44847,0
185893,0
187107,0
55269,0
3739,0
48824,0
90823,0
149403,0
319,0
84691,0
109756,0
168528,0
579,0
131498,0
6504,0
141580,0
37379,0
133096,0
19465,0
136244,0
82337,0
198430,0
152823,0
79844,0
141305,0
111649,0
44361,0
67499,0
49573,0
74078,0
55874,0
140179,0
67126,0
49357,0
36170,0
124847,0
3669,0
107469,0
8507,0
15281,0
192484,0
94249,0
34256,0
105888,0
105777,0
144619,0
84584,0
111476,0
140928,0
119451,0
34789,0
16050,0
113638,0
39516,0
152137,0
119071,0
166052,0
194537,0
173622,0
103384,0
113085,0
150058,0
134411,0
38360,0
57285,0
38368,0
194849,0
47756,0
115938,0
130681,0
61829,0
88084,0
37969,0
166219,0
197411,0
105676,0
90350,0
124479,0
173904,0
21691,0
112117,0
59490,0
56722,0
30044,0
48519,0
178879,0
88196,0
26458,0
5609,0
72927,0
168823,0
75397,0
89091,0
141717,0
32732,0
62064,0
101913,0
84465,0
114410,0
19334,0
198291,0
180934,0
116603,0
171580,0
95485,0
154648,0
40158,0
116224,0
7509,0
154927,0
170398,0
135692,0
87489,0
110590,0
7442,0
70168,0
86723,0
52847,0
153870,0
87398,0
129802,0
171422,0
102450,0
171075,0
154336,0
73425,0
107599,0
106079,0
160802,0
196824,0
179437,0
165537,0
135346,0
88710,0
142136,0
114990,0
30717,0
54718,0
57455,0
189580,0
134305,0
134666,0
119612,0
124790,0
2813,0
128649,0
73470,0
148806,0
78949,0
120303,0
191689,0
86140,0
52137,0
80790,0
63227,0
125067,0
73365,0
6919,0
33607,0
136934,0
137619,0
48532,0
125410,0
139175,0
107325,0
13292,0
116117,0
2597,0
24298,0
83346,0
121485,0
45391,0
155622,0
85754,0
6270,0
116879,0
96635,0
177368,0
85460,0
64139,0
197492,0
117777,0
101026,0
167495,0
106032,0
24411,0
59843,0
28567,0
70680,0
191769,0
92439,0
181527,0
61165,0
87651,0
96052,0
105718,0
34811,0
71442,0
147758,0
177570,0
1879,0
40160,0
117260,0
186645,0
131792,0
73962,0
49658,0
7620,0
96100,0
196164,0
126302,0
187794,0
45100,0
85134,0
4270,0
43355,0
128299,0
112716,0
43175,0
87820,0
58382,0
6299,0
164281,0
139828,0
116911,0
173351,0
70903,0
61735,0
108641,0
67428,0
173409,0
32632,0
44103,0
41658,0
44091,0
14882,0
901,0
84418,0
56975,0
41988,0
45836,0
86926,0
108919,0
162831,0
185503,0
133243,0
166317,0
180425,0
163826,0
197377,0
149380,0
174889,0
173480,0
37457,0
69746,0
58657,0
12418,0
181906,0
34949,0
44713,0
159346,0
156329,0
141983,0
66124,0
145379,0
159319,0
114350,0
177123,0
40576,0
25806,0
161695,0
192991,0
150312,0
34041,0
124758,0
179656,0
8512,0
42144,0
174801,0
39341,0
73568,0
35541,0
57908,0
132071,0
70006,0
137755,0
177015,0
84166,0
178442,0
61323,0
98897,0
176582,0
70631,0
95675,0
30189,0
194077,0
96247,0
164497,0
183012,0
24009,0
66618,0
158813,0
105252,0
131548,0
75126,0
24598,0
153193,0
65337,0
63078,0
90943,0
31382,0
132663,0
128464,0
194988,0
115814,0
103836,0
36023,0
96204,0
100501,0
30659,0
569,0
142085,0
196446,0
180876,0
3722,0
163231,0
62063,0
84582,0
181706,0
2574,0
12164,0
121017,0
656,0
108948,0
54964,0
170229,0
37972,0
37768,0
178673,0
133817,0
70256,0
121837,0
28533,0
61347,0
50064,0
29272,0
101095,0
3961,0
104222,0
112477,0
37863,0
183438,0
151514,0
84481,0
171629,0
119441,0
66492,0
198389,0
75617,0
127744,0
103374,0
156823,0
58754,0
148008,0
141009,0
140676,0
102609,0
34967,0
8751,0
79707,0
3616,0
36587,0
48583,0
189353,0
74331,0
72074,0
4814,0
120154,0
58954,0
164525,0
188155,0
16055,0
93070,0
129684,0
192441,0
55902,0
58215,0
105688,0
53090,0
145391,0
135439,0
183649,0
106349,0
149193,0
60391,0
19168,0
122780,0
155974,0
76025,0
144785,0
47012,0
143247,0
171291,0
28752,0
6066,0
99248,0
21550,0
174647,0
154812,0
41335,0
19270,0
151532,0
55686,0
98746,0
115806,0
36472,0
10602,0
163963,0
168091,0
131168,0
33512,0
185415,0
94753,0
196119,0
26401,0
114106,0
181323,0
187888,0
167951,0
67450,0
199497,0
73757,0
20549,0
48274,0
9107,0
169348,0
112466,0
160553,0
13093,0
131106,0
30176,0
54554,0
98447,0
138364,0
197299,0
150151,0
48704,0
51143,0
172516,0
152751,0
67227,0
173158,0
117381,0
62737,0
2436,0
36046,0
12372,0
90361,0
118092,0
113892,0
152727,0
92672,0
41297,0
6093,0
186525,0
45282,0
6511,0
160018,0
157146,0
30832,0
112589,0
70475,0
158612,0
52092,0
101548,0
101760,0
190753,0
143421,0
10973,0
140737,0
168777,0
36680,0
12405,0
186585,0
6742,0
37794,0
97034,0
160783,0
153495,0
197208,0
189514,0
127717,0
188584,0
80357,0
28358,0
129447,0
119982,0
165121,0
175854,0
95810,0
92548,0
122356,0
105626,0
49122,0
33860,0
150724,0
58286,0
62135,0
34653,0
64735,0
30253,0
162008,0
83345,0
33007,0
41867,0
167178,0
154580,0
80743,0
166067,0
102270,0
16784,0
193557,0
97527,0
170711,0
154346,0
115014,0
6611,0
189340,0
98355,0
184570,0
123625,0
95677,0
38327,0
7048,0
177775,0
54814,0
140413,0
139720,0
26084,0
113844,0
59319,0
76042,0
107637,0
123194,0
61490,0
153803,0
32115,0
99555,0
132653,0
19595,0
143565,0
135838,0
94353,0
42272,0
106813,0
182369,0
123815,0
126950,0
48937,0
133085,0
164656,0
12350,0
22659,0
197553,0
65994,0
89175,0
96531,0
195533,0
114266,0
38653,0
144354,0
162124,0
9115,0
173431,0
43618,0
6075,0
186049,0
174766,0
84110,0
125578,0
15817,0
50523,0
147075,0
4612,0
148947,0
199170,0
96887,0
90519,0
190729,0
75317,0
198061,0
101051,0
100616,0
81113,0
191850,0
54980,0
97867,0
71200,0
115004,0
83900,0
68697,0
40661,0
9931,0
4499,0
171722,0
57090,0
519,0
118391,0
94570,0
7172,0
159272,0
149296,0
185985,0
80699,0
40328,0
154023,0
92203,0
12594,0
190369,0
44135,0
49897,0
74832,0
184095,0
180527,0
62120,0
84010,0
80070,0
7845,0
38638,0
122290,0
118010,0
57236,0
51593,0
106954,0
180480,0
187956,0
86270,0
134884,0
142866,0
26217,0
180575,0
190970,0
119944,0
181569,0
72882,0
57624,0
31040,0
136966,0
112657,0
53030,0
114650,0
150599,0
148444,0
183488,0
155417,0
35217,0
21092,0
147021,0
81784,0
36187,0
19138,0
120407,0
152905,0
70532,0
104599,0
161580,0
126476,0
192847,0
128798,0
121705,0
41309,0
160949,0
133407,0
35577,0
67668,0
55382,0
189140,0
116585,0
165700,0
137681,0
142107,0
81245,0
126890,0
99564,0
1771,0
150701,0
83692,0
102540,0
9050,0
35131,0
54327,0
62668,0
18515,0
48516,0
44365,0
54965,0
118080,0
148667,0
152213,0
107850,0
52258,0
167278,0
54793,0
179523,0
116072,0
110771,0
89685,0
60582,0
130980,0
178780,0
149150,0
3740,0
66234,0
144526,0
166787,0
69912,0
176277,0
63203,0
184227,0
98685,0
50799,0
166122,0
72095,0
34617,0
155945,0
27212,0
169699,0
111402,0
108761,0
179433,0
69772,0
170422,0
38940,0
40307,0
188770,0
94263,0
135983,0
41004,0
8153,0
125569,0
98696,0
47373,0
155757,0
193010,0
30101,0
148518,0
177692,0
99706,0
118182,0
124214,0
100714,0
165616,0
159821,0
163228,0
190272,0
39834,0
60487,0
105339,0
36045,0
184284,0
172234,0
158856,0
114156,0
5408,0
123998,0
191857,0
10212,0
22000,0
128900,0
184081,0
31212,0
109920,0
183463,0
199021,0
94010,0
122122,0
83561,0
91465,0
58126,0
72868,0
183429,0
126786,0
120528,0
94375,0
151390,0
88413,0
13297,0
195816,0
191702,0
9642,0
42534,0
54823,0
181579,0
170529,0
43786,0
163698,0
142536,0
34743,0
128941,0
152026,0
17123,0
90340,0
35982,0
192643,0
57006,0
29198,0
72753,0
55028,0
104915,0
24912,0
2126,0
191563,0
86947,0
896,0
2928,0
115870,0
100905,0
20885,0
11896,0
194458,0
20062,0
16065,0
150928,0
131701,0
189968,0
194426,0
30649,0
19308,0
46845,0
145142,0
112723,0
186977,0
148176,0
26266,0
129687,0
6982,0
28928,0
124003,0
67784,0
18870,0
187052,0
64078,0
190487,0
7759,0
164401,0
131026,0
199115,0
28148,0
74056,0
81175,0
33284,0
126708,0
102867,0
87629,0
188344,0
13743,0
30024,0
120179,0
54337,0
74761,0
148952,0
195509,0
86699,0
47824,0
61097,0
9685,0
81233,0
199675,0
61200,0
154664,0
170716,0
4060,0
38965,0
53247,0
67286,0
103133,0
123315,0
92737,0
108751,0
66602,0
149874,0
27959,0
29214,0
42903,0
113407,0
14774,0
141351,0
147886,0
79381,0
56716,0
195494,0
51509,0
69654,0
17419,0
30120,0
108351,0
179498,0
147195,0
28706,0
117101,0
83082,0
182986,0
135825,0
83113,0
12113,0
84493,0
17992,0
93564,0
14316,0
133173,0
62777,0
68918,0
39210,0
94994,0
6544,0
59580,0
197245,0
8061,0
96364,0
4638,0
155274,0
128556,0
25532,0
91970,0
7514,0
156547,0
5750,0
125840,0
25164,0
104662,0
179327,0
183873,0
105469,0
196963,0
9073,0
79479,0
63659,0
132745,0
69625,0
6789,0
197088,0
130610,0
69195,0
19603,0
121704,0
140755,0
80061,0
148393,0
100852,0
103890,0
158356,0
118393,0
51701,0
71597,0
94138,0
180552,0
91268,0
66436,0
29218,0
90263,0
109090,0
24317,0
159734,0
97121,0
35060,0
189469,0
22191,0
32491,0
131843,0
179140,0
56496,0
149271,0
28673,0
166524,0
113931,0
186749,0
106156,0
147038,0
75192,0
141904,0
10160,0
7976,0
192915,0
64314,0
135952,0
164243,0
176760,0
42879,0
180923,0
24720,0
134722,0
84927,0
187406,0
33339,0
40418,0
41598,0
176945,0
143632,0
159510,0
33478,0
171050,0
116361,0
48705,0
176619,0
41621,0
181651,0
84316,0
21393,0
129832,0
107942,0
53057,0
118201,0
90287,0
12351,0
13354,0
56595,0
84870,0
103822,0
93885,0
131827,0
97803,0
77034,0
5302,0
11970,0
65134,0
160221,0
5910,0
4083,0
162387,0
136598,0
101182,0
86993,0
185789,0
185303,0
39048,0
126640,0
145039,0
974,0
71777,0
61366,0
27288,0
129115,0
91302,0
71715,0
151824,0
22747,0
180975,0
51811,0
70954,0
48881,0
140941,0
90892,0
162257,0
190842,0
143527,0
104581,0
89517,0
110196,0
175497,0
92590,0
53359,0
47372,0
188593,0
146762,0
38486,0
56232,0
194621,0
7419,0
25824,0
45377,0
38241,0
73091,0
144484,0
154685,0
31593,0
263,0
133109,0
96862,0
28026,0
70112,0
80536,0
7565,0
181055,0
89190,0
3295,0
147471,0
294,0
144282,0
188353,0
41396,0
53472,0
147384,0
117822,0
125198,0
76234,0
181141,0
145407,0
109485,0
194382,0
126784,0
108424,0
113905,0
169239,0
85871,0
187779,0
162844,0
125803,0
73980,0
174701,0
195048,0
130034,0
123862,0
168093,0
114133,0
145644,0
161767,0
49512,0
117274,0
134319,0
149622,0
173110,0
133238,0
188065,0
111610,0
85102,0
172276,0
31265,0
1140,0
126527,0
130051,0
159795,0
61092,0
198655,0
12370,0
159242,0
36701,0
65555,0
40595,0
137954,0
168002,0
146984,0
42438,0
169350,0
138656,0
164812,0
190037,0
107474,0
167960,0
126276,0
72402,0
106882,0
18123,0
101463,0
169259,0
51084,0
146475,0
67345,0
47916,0
22670,0
19188,0
196866,0
8192,0
192624,0
133293,0
80952,0
79027,0
7679,0
154371,0
69995,0
3125,0
136634,0
34968,0
196844,0
41623,0
191684,0
185065,0
107587,0
188174,0
52589,0
20412,0
67044,0
130091,0
57271,0
193233,0
179517,0
26896,0
187654,0
94638,0
176708,0
167457,0
40656,0
83861,0
115920,0
5013,0
63835,0
9815,0
77950,0
143006,0
99478,0
1556,0
39541,0
48482,0
109422,0
17995,0
17473,0
49454,0
33700,0
85830,0
58855,0
79663,0
155578,0
95992,0
73910,0
145382,0
147683,0
158826,0
74351,0
7607,0
44193,0
49789,0
74570,0
139830,0
41333,0
36872,0
53114,0
108506,0
79997,0
175571,0
161438,0
40954,0
65158,0
189740,0
49949,0
112503,0
93526,0
94161,0
63103,0
53276,0
86504,0
110773,0
143398,0
148069,0
41516,0
14181,0
14053,0
103136,0
58240,0
97898,0
65625,0
20054,0
49238,0
108819,0
10092,0
193907,0
62378,0
1777,0
97196,0
146683,0
186787,0
60220,0
25593,0
176766,0
45859,0
10136,0
182632,0
115273,0
96938,0
153198,0
184362,0
8929,0
110933,0
94286,0
80445,0
105334,0
138219,0
99269,0
24792,0
117870,0
74836,0
162198,0
198403,0
120399,0
151685,0
10181,0
138216,0
196859,0
156913,0
150200,0
26970,0
89665,0
84086,0
85037,0
60532,0
156327,0
67141,0
66730,0
194416,0
106693,0
96969,0
73202,0
162165,0
136551,0
22071,0
84472,0
44336,0
34116,0
148982,0
147960,0
79736,0
84864,0
11116,0
12853,0
198660,0
6542,0
59066,0
397,0
79454,0
109387,0
107699,0
148475,0
75335,0
44613,0
194525,0
27286,0
71304,0
178268,0
5388,0
194495,0
44032,0
64713,0
86517,0
91655,0
88870,0
13468,0
112557,0
74283,0
31802,0
168647,0
97334,0
193762,0
146948,0
66007,0
90151,0
73639,0
53273,0
165305,0
187573,0
39773,0
188085,0
124008,0
178010,0
191044,0
61276,0
157240,0
39977,0
12489,0
14822,0
154130,0
75860,0
43027,0
170012,0
76146,0
107946,0
151293,0
172661,0
57371,0
72211,0
51438,0
177994,0
105383,0
164005,0
151860,0
199605,0
144555,0
102169,0
106054,0
132271,0
107995,0
169968,0
41403,0
132488,0
123219,0
72497,0
61149,0
5047,0
3970,0
185096,0
189505,0
51387,0
154536,0
51175,0
183683,0
164242,0
108466,0
169783,0
23894,0
28300,0
110559,0
177852,0
80933,0
68455,0
40586,0
144407,0
37687,0
65632,0
194683,0
20896,0
196067,0
124248,0
137410,0
46581,0
154978,0
138737,0
164088,0
69355,0
50764,0
160300,0
181177,0
18020,0
117058,0
197521,0
68640,0
85759,0
194769,0
64491,0
25912,0
102027,0
190716,0
145349,0
178681,0
142939,0
127431,0
32454,0
71943,0
107211,0
121902,0
47664,0
143044,0
144887,0
155237,0
162847,0
58593,0
76113,0
91358,0
81895,0
71302,0
120997,0
66266,0
46840,0
31321,0
9090,0
197698,0
132576,0
195007,0
70882,0
133133,0
12060,0
30478,0
65863,0
30636,0
42054,0
131855,0
135051,0
169882,0
68217,0
178918,0
17017,0
168278,0
122726,0
191983,0
85468,0
2736,0
198378,0
137768,0
18464,0
25070,0
164393,0
69610,0
54288,0
81252,0
111151,0
81222,0
80,0
163832,0
98382,0
176706,0
174976,0
124201,0
173074,0
99800,0
182270,0
13909,0
147677,0
170311,0
198821,0
50216,0
182341,0
183905,0
184186,0
151289,0
20207,0
137563,0
96124,0
41269,0
2659,0
51134,0
140406,0
149128,0
177976,0
101488,0
176994,0
67830,0
95965,0
178343,0
46865,0
12449,0
26108,0
172275,0
104989,0
53463,0
3146,0
112545,0
54720,0
117697,0
171347,0
42219,0
192289,0
116403,0
78135,0
84820,0
149826,0
59697,0
166830,0
170207,0
41567,0
181002,0
837,0
78807,0
63775,0
191619,0
150712,0
80182,0
58358,0
25792,0
194028,0
134999,0
164036,0
27257,0
124115,0
179895,0
40896,0
4777,0
27164,0
17797,0
150703,0
26161,0
125999,0
3753,0
93683,0
149315,0
154538,0
92137,0
153808,0
162301,0
24124,0
183180,0
106406,0
7437,0
103083,0
5089,0
52378,0
97007,0
195289,0
12608,0
110804,0
85700,0
16594,0
88191,0
63169,0
173296,0
110899,0
190246,0
147576,0
25203,0
183088,0
22467,0
150995,0
106250,0
162148,0
127001,0
75819,0
23673,0
151567,0
96140,0
190019,0
152313,0
107086,0
9821,0
50385,0
57586,0
104838,0
178635,0
98438,0
80675,0
134263,0
151734,0
79384,0
151982,0
1608,0
12708,0
71584,0
157456,0
70986,0
56997,0
75189,0
180827,0
120940,0
30015,0
28299,0
42749,0
110595,0
50043,0
126463,0
1943,0
88327,0
3206,0
189609,0
77942,0
174872,0
12769,0
137583,0
79083,0
159288,0
105588,0
127649,0
88331,0
57459,0
166194,0
127557,0
10869,0
81842,0
121552,0
5580,0
123468,0
158705,0
199447,0
195565,0
191413,0
92991,0
85135,0
83783,0
155976,0
58008,0
192723,0
176547,0
155548,0
188001,0
85351,0
103068,0
21287,0
171970,0
189600,0
131140,0
75902,0
125813,0
190364,0
101147,0
55665,0
96442,0
32265,0
54573,0
98758,0
110022,0
97277,0
166172,0
88333,0
80199,0
89141,0
152959,0
152122,0
131678,0
29903,0
3149,0
8152,0
43269,0
95710,0
110873,0
4162,0
67702,0
158251,0
174352,0
94237,0
153919,0
128896,0
161693,0
89105,0
2645,0
113918,0
108426,0
62193,0
84644,0
18807,0
169921,0
2431,0
40508,0
167218,0
162009,0
88933,0
56535,0
130785,0
142731,0
122386,0
70741,0
130811,0
153196,0
39180,0
129817,0
714,0
23080,0
169032,0
163337,0
132553,0
145788,0
23772,0
67856,0
44574,0
162022,0
56692,0
155763,0
7602,0
188448,0
194110,0
50594,0
180777,0
179045,0
61495,0
98868,0
6598,0
159979,0
76192,0
73080,0
27290,0
23424,0
37247,0
144438,0
74584,0
54211,0
130381,0
131606,0
767,0
38768,0
84675,0
140958,0
54243,0
136473,0
191952,0
61571,0
14430,0
63127,0
56708,0
137985,0
85652,0
48995,0
155227,0
122444,0
67066,0
39220,0
173981,0
30211,0
174174,0
72134,0
170927,0
48438,0
55900,0
137493,0
194585,0
149946,0
197570,0
177807,0
134055,0
16115,0
56317,0
81955,0
168456,0
126562,0
133579,0
118057,0
87284,0
167296,0
113266,0
96250,0
69148,0
99569,0
127127,0
197824,0
65358,0
175093,0
188548,0
40400,0
117436,0
157461,0
49996,0
154248,0
110308,0
62754,0
141934,0
159695,0
172199,0
175483,0
48843,0
190230,0
44734,0
29455,0
126279,0
59056,0
68834,0
11183,0
174424,0
145565,0
154295,0
51798,0
190410,0
168129,0
193977,0
144615,0
44913,0
156781,0
66050,0
102936,0
135819,0
177894,0
76905,0
163215,0
164779,0
165257,0
146103,0
97687,0
86371,0
35585,0
149813,0
82199,0
197859,0
184761,0
54011,0
75972,0
2453,0
176746,0
77626,0
171179,0
150946,0
180729,0
55792,0
157927,0
51402,0
79607,0
56770,0
181133,0
130184,0
145643,0
4273,0
70465,0
136314,0
41611,0
6755,0
98974,0
115430,0
107073,0
6722,0
179619,0
30520,0
188874,0
67100,0
16622,0
169604,0
152638,0
142336,0
143873,0
197382,0
45716,0
68889,0
19436,0
152609,0
49544,0
96395,0
29974,0
102258,0
157199,0
167745,0
141666,0
154793,0
127268,0
19398,0
162126,0
127933,0
113300,0
152846,0
8193,0
143596,0
128015,0
166985,0
117846,0
137664,0
53487,0
43211,0
2572,0
76072,0
177920,0
150391,0
170835,0
34910,0
44241,0
69946,0
92038,0
18374,0
187994,0
79129,0
146357,0
34282,0
3814,0
138786,0
171655,0
78375,0
61032,0
11487,0
191009,0
122468,0
150605,0
70826,0
152109,0
151498,0
115120,0
160767,0
146626,0
48035,0
47633,0
176292,0
149551,0
73560,0
173469,0
54796,0
3880,0
126390,0
150262,0
90967,0
145610,0
129213,0
183103,0
43583,0
55192,0
67633,0
62331,0
60357,0
58321,0
73438,0
170487,0
177541,0
58246,0
83734,0
48039,0
133402,0
65974,0
25673,0
67628,0
186893,0
102647,0
190497,0
114767,0
50481,0
150249,0
134858,0
13672,0
32718,0
112410,0
115849,0
82075,0
110801,0
106052,0
35970,0
88140,0
168987,0
54996,0
21022,0
199310,0
88366,0
157674,0
41718,0
169019,0
34808,0
10448,0
10581,0
48006,0
176267,0
152027,0
70832,0
181296,0
186393,0
70663,0
46762,0
32848,0
23808,0
110148,0
56926,0
67082,0
20832,0
6987,0
75984,0
49539,0
67069,0
180535,0
190930,0
165731,0
167911,0
156656,0
25460,0
154344,0
134779,0
23087,0
130721,0
99480,0
164997,0
51026,0
73031,0
116116,0
63915,0
116322,0
172165,0
73453,0
177410,0
54739,0
70557,0
152178,0
170616,0
33547,0
128775,0
163609,0
166262,0
171338,0
178201,0
34385,0
168360,0
49486,0
182822,0
11818,0
170851,0
198999,0
74988,0
157330,0
11541,0
117646,0
194056,0
22224,0
33093,0
155302,0
49708,0
47391,0
156851,0
12833,0
17189,0
195488,0
4757,0
21422,0
7738,0
195367,0
88893,0
89531,0
105735,0
55653,0
46041,0
107080,0
10146,0
77850,0
172732,0
20533,0
14272,0
92132,0
8932,0
143482,0
179725,0
81992,0
144517,0
95541,0
146370,0
36005,0
51691,0
39572,0
184329,0
131210,0
106648,0
25863,0
29700,0
151881,0
13082,0
134961,0
191685,0
175097,0
109224,0
11216,0
137952,0
117098,0
86968,0
193266,0
110659,0
129695,0
23599,0
172587,0
8094,0
149772,0
180487,0
24646,0
183328,0
184854,0
140163,0
120186,0
92309,0
58963,0
147251,0
68738,0
177376,0
32895,0
23987,0
31083,0
78347,0
19648,0
68087,0
126066,0
186560,0
10395,0
139326,0
135912,0
132781,0
20585,0
148055,0
118189,0
146489,0
64743,0
130586,0
160229,0
196485,0
78333,0
54846,0
125157,0
148751,0
3812,0
2266,0
5336,0
165716,0
155084,0
182738,0
165098,0
119155,0
56210,0
122010,0
163897,0
51006,0
165861,0
61120,0
26621,0
136883,0
170691,0
190262,0
69440,0
67026,0
111939,0
161865,0
137919,0
42474,0
25345,0
76667,0
6433,0
66343,0
178455,0
154800,0
54542,0
47067,0
52800,0
26466,0
5220,0
184917,0
93378,0
58845,0
87251,0
181797,0
43578,0
74097,0
174231,0
175400,0
85087,0
143869,0
131708,0
160127,0
153370,0
199648,0
98764,0
28371,0
38894,0
192398,0
125093,0
194438,0
170327,0
125465,0
31025,0
120447,0
120744,0
81637,0
119310,0
197398,0
47779,0
125634,0
19410,0
71307,0
73084,0
73399,0
2068,0
38676,0
140014,0
31252,0
54863,0
129412,0
104411,0
153127,0
181796,0
117069,0
53864,0
171517,0
111935,0
77055,0
178528,0
198092,0
8462,0
176124,0
193205,0
68879,0
190527,0
2471,0
111534,0
69511,0
199775,0
93574,0
25926,0
105043,0
29875,0
151029,0
82475,0
151033,0
59894,0
100085,0
12980,0
171907,0
6930,0
172004,0
11125,0
10433,0
98025,0
66220,0
119037,0
122698,0
23005,0
31241,0
189565,0
95242,0
75866,0
190630,0
135324,0
94627,0
140148,0
154672,0
137046,0
20116,0
48437,0
47645,0
66717,0
86076,0
23626,0
129136,0
148422,0
168952,0
197725,0
99167,0
46889,0
154388,0
54286,0
36106,0
48530,0
50376,0
9256,0
88809,0
141973,0
158942,0
167461,0
83064,0
117741,0
132010,0
145123,0
83313,0
85015,0
155599,0
51138,0
165050,0
102098,0
110736,0
53390,0
59380,0
100006,0
59440,0
96008,0
179915,0
46699,0
6470,0
180495,0
64644,0
66344,0
84398,0
56563,0
162593,0
125026,0
85331,0
104267,0
125510,0
23691,0
36052,0
5072,0
51961,0
9300,0
174482,0
91312,0
160586,0
94070,0
104004,0
153390,0
106061,0
51072,0
55685,0
173254,0
49816,0
11310,0
55370,0
29125,0
29392,0
184848,0
106744,0
93014,0
195604,0
191494,0
138720,0
24610,0
161028,0
188467,0
72389,0
49758,0
6389,0
106859,0
19181,0
99051,0
88489,0
107809,0
17121,0
158857,0
131016,0
134069,0
64983,0
116345,0
42767,0
58334,0
14371,0
24113,0
134874,0
100632,0
83398,0
131952,0
41226,0
147655,0
418,0
196865,0
182557,0
80568,0
166497,0
153217,0
53378,0
4739,0
11022,0
65763,0
176044,0
60624,0
75568,0
22952,0
129880,0
162800,0
142267,0
150848,0
8638,0
181955,0
103130,0
83416,0
54410,0
30593,0
96605,0
109106,0
28173,0
63107,0
97944,0
72610,0
157504,0
12674,0
123662,0
10765,0
65365,0
165112,0
82940,0
57040,0
73527,0
75182,0
193528,0
79174,0
127470,0
133629,0
146217,0
58832,0
154588,0
97915,0
87531,0
41270,0
30600,0
65773,0
186228,0
110975,0
14716,0
28589,0
39536,0
160696,0
184933,0
198289,0
85860,0
23758,0
151273,0
193166,0
149174,0
4595,0
72044,0
93968,0
134338,0
59543,0
168194,0
35658,0
137478,0
93593,0
128294,0
185056,0
139273,0
119663,0
55529,0
73200,0
59577,0
100142,0
169004,0
76057,0
57290,0
194016,0
193447,0
182997,0
135237,0
42967,0
80419,0
194631,0
172967,0
24046,0
37056,0
151987,0
11319,0
138763,0
182630,0
122403,0
132033,0
96850,0
41599,0
136678,0
138635,0
142443,0
154940,0
172633,0
131728,0
61767,0
125335,0
79481,0
4826,0
7159,0
145897,0
98798,0
42604,0
49895,0
131556,0
117089,0
57629,0
21859,0
112524,0
94815,0
140050,0
180589,0
153156,0
101290,0
80294,0
38232,0
146343,0
180989,0
12908,0
173210,0
78262,0
119123,0
118965,0
142660,0
114507,0
148843,0
51251,0
22453,0
58260,0
50204,0
25001,0
40967,0
75431,0
183571,0
110878,0
52202,0
173232,0
38784,0
98417,0
151699,0
186498,0
14010,0
104762,0
71106,0
147943,0
10473,0
162238,0
12555,0
105445,0
21622,0
61662,0
189448,0
159127,0
50622,0
148137,0
102001,0
17328,0
162739,0
44718,0
135818,0
8667,0
113508,0
98315,0
165157,0
117154,0
99638,0
137935,0
196740,0
90358,0
2860,0
18013,0
6884,0
56673,0
155543,0
86548,0
119991,0
4367,0
105099,0
137472,0
100733,0
147022,0
64800,0
80022,0
39397,0
102663,0
84198,0
32452,0
102165,0
46165,0
14781,0
70204,0
150831,0
154864,0
59618,0
145730,0
45029,0
3327,0
155124,0
140610,0
78817,0
124773,0
191445,0
196882,0
112844,0
69363,0
162307,0
134705,0
111351,0
15721,0
118112,0
125364,0
193397,0
89938,0
146084,0
134570,0
56442,0
36036,0
179335,0
193668,0
171902,0
107247,0
69795,0
30643,0
33802,0
77773,0
11280,0
190231,0
80512,0
80629,0
190085,0
26026,0
121275,0
93672,0
119371,0
91242,0
13452,0
181032,0
163951,0
75196,0
65616,0
106350,0
184048,0
68188,0
122137,0
42514,0
84728,0
182853,0
14757,0
56530,0
166048,0
172239,0
2607,0
45988,0
12653,0
73208,0
13584,0
29244,0
183829,0
113016,0
107633,0
59222,0
142956,0
66826,0
192087,0
170071,0
54027,0
156590,0
44987,0
77222,0
141430,0
149116,0
18408,0
151917,0
43612,0
115763,0
166849,0
89508,0
140618,0
57616,0
12648,0
82568,0
19694,0
148785,0
124125,0
35308,0
163200,0
190494,0
67938,0
112623,0
81395,0
131933,0
188716,0
501,0
122755,0
159145,0
154106,0
130575,0
18720,0
105816,0
70169,0
58717,0
61055,0
3215,0
24887,0
16560,0
74038,0
148949,0
3935,0
173525,0
80807,0
70917,0
90272,0
66016,0
110018,0
91132,0
75994,0
79837,0
188671,0
78742,0
59943,0
114193,0
92173,0
59453,0
131918,0
188620,0
161830,0
154319,0
51286,0
69359,0
57029,0
67129,0
46477,0
182233,0
1548,0
1018,0
112539,0
53224,0
30786,0
13526,0
116011,0
95728,0
7163,0
199480,0
111319,0
87896,0
187868,0
161463,0
45544,0
170967,0
63924,0
78187,0
37903,0
145157,0
192619,0
199406,0
31880,0
148372,0
102716,0
186795,0
72374,0
64528,0
198602,0
19587,0
32609,0
96993,0
49747,0
95585,0
131147,0
31304,0
68644,0
174560,0
82233,0
106865,0
73823,0
71005,0
9245,0
4773,0
199345,0
194754,0
33231,0
28753,0
1208,0
170379,0
111524,0
99755,0
126932,0
103760,0
126683,0
129982,0
166380,0
76671,0
149569,0
41618,0
194144,0
76227,0
118845,0
93930,0
165851,0
197402,0
23728,0
10112,0
112336,0
144174,0
179231,0
108084,0
165530,0
187684,0
131455,0
177237,0
156261,0
20196,0
115896,0
142184,0
122662,0
191925,0
77459,0
69302,0
195318,0
54081,0
166063,0
111380,0
187324,0
110904,0
199661,0
161256,0
186183,0
132872,0
19233,0
179008,0
162170,0
110543,0
33503,0
63164,0
127406,0
110620,0
120605,0
71833,0
89296,0
105388,0
115701,0
146063,0
67803,0
57527,0
117769,0
43520,0
152453,0
44144,0
127073,0
74909,0
157486,0
175554,0
20608,0
195713,0
101768,0
44599,0
5642,0
140139,0
24100,0
104839,0
1390,0
152024,0
112590,0
175984,0
21748,0
112729,0
44822,0
72946,0
79644,0
1647,0
96102,0
102605,0
160464,0
10147,0
66514,0
48812,0
117936,0
136240,0
44252,0
27433,0
79135,0
118370,0
103565,0
163803,0
106672,0
135270,0
16843,0
136820,0
35744,0
48353,0
72394,0
147850,0
166403,0
159180,0
127936,0
46098,0
177982,0
40719,0
61158,0
115044,0
12631,0
70033,0
193428,0
71751,0
166498,0
148493,0
14661,0
111572,0
138403,0
109450,0
61482,0
42959,0
186411,0
88441,0
66743,0
108442,0
191944,0
24339,0
145225,0
37180,0
68841,0
105316,0
79011,0
78531,0
72500,0
133669,0
45545,0
188172,0
31981,0
50051,0
124030,0
118235,0
87497,0
25259,0
90335,0
15920,0
2638,0
93975,0
123355,0
197560,0
75668,0
132822,0
135465,0
35397,0
30982,0
97725,0
181578,0
149093,0
12238,0
10986,0
192179,0
33599,0
190400,0
47017,0
92839,0
141397,0
100096,0
98074,0
136134,0
22663,0
171489,0
135846,0
144195,0
87756,0
105515,0
17558,0
19110,0
77834,0
5351,0
152688,0
9855,0
106766,0
92630,0
83239,0
54113,0
8239,0
4303,0
145414,0
96288,0
177730,0
192190,0
100185,0
9896,0
159444,0
131544,0
156395,0
178111,0
33824,0
91780,0
194542,0
198607,0
105768,0
184486,0
169636,0
20579,0
100295,0
174536,0
20652,0
179500,0
166358,0
80897,0
166997,0
113385,0
40325,0
21524,0
23582,0
162031,0
189424,0
146455,0
143052,0
143478,0
88375,0
99737,0
168185,0
172102,0
19823,0
1038,0
12728,0
183543,0
187321,0
186904,0
3790,0
72730,0
33054,0
102823,0
52012,0
89915,0
42842,0
54837,0
170588,0
123626,0
37066,0
113814,0
130754,0
48086,0
26787,0
42145,0
141573,0
185782,0
163476,0
28489,0
16517,0
167887,0
120289,0
100939,0
55624,0
135231,0
189246,0
131505,0
180744,0
47401,0
177183,0
104891,0
38382,0
34761,0
93401,0
170141,0
10007,0
77733,0
174661,0
62735,0
132335,0
125404,0
197726,0
140057,0
99398,0
147906,0
148343,0
15425,0
50411,0
193253,0
188335,0
9557,0
86695,0
182244,0
138236,0
193579,0
169626,0
162939,0
125923,0
138077,0
111999,0
101729,0
41808,0
195760,0
126114,0
107352,0
60809,0
1329,0
115902,0
20568,0
122714,0
178406,0
100906,0
181042,0
171719,0
28458,0
73188,0
191027,0
172537,0
104082,0
57806,0
61931,0
182297,0
25960,0
197677,0
115723,0
152645,0
13966,0
188298,0
132508,0
188148,0
9436,0
14042,0
16617,0
95183,0
132351,0
36806,0
169665,0
49053,0
109276,0
139444,0
196235,0
108931,0
109415,0
35838,0
49075,0
58491,0
132898,0
97646,0
96613,0
188684,0
132570,0
45321,0
87155,0
35330,0
67285,0
141091,0
4853,0
111468,0
103293,0
74000,0
110727,0
82286,0
120574,0
10923,0
31388,0
43879,0
77095,0
7504,0
21010,0
101238,0
48628,0
113063,0
37785,0
116465,0
60384,0
180159,0
157820,0
2263,0
133612,0
58569,0
191429,0
30818,0
3839,0
69375,0
104693,0
165409,0
64096,0
169544,0
8665,0
39208,0
193280,0
89966,0
101133,0
175428,0
27546,0
59194,0
50154,0
146874,0
44481,0
93631,0
109332,0
85113,0
57571,0
78216,0
192421,0
102685,0
3340,0
130067,0
70179,0
122857,0
38479,0
80630,0
2227,0
183327,0
57209,0
148750,0
104007,0
121920,0
110461,0
147871,0
141879,0
90418,0
6254,0
97993,0
175810,0
93365,0
14200,0
131822,0
185637,0
166096,0
185561,0
48113,0
18298,0
42127,0
102402,0
121743,0
119175,0
143354,0
141791,0
165413,0
171759,0
57357,0
183141,0
14114,0
194886,0
132877,0
143030,0
128092,0
178600,0
165613,0
141604,0
195146,0
122144,0
114352,0
166496,0
5543,0
1488,0
117791,0
154466,0
62834,0
116088,0
11062,0
109626,0
183423,0
10226,0
167283,0
51353,0
74429,0
117112,0
28800,0
70129,0
18695,0
181506,0
91842,0
46465,0
96015,0
24120,0
46621,0
25846,0
126141,0
113633,0
19707,0
30900,0
70443,0
159528,0
134017,0
121526,0
23496,0
74676,0
57733,0
58867,0
72193,0
126573,0
71403,0
178379,0
105478,0
191063,0
100008,0
60721,0
102575,0
54876,0
34295,0
15895,0
199673,0
17188,0
99788,0
140429,0
88620,0
131243,0
136335,0
186653,0
35273,0
77902,0
20593,0
13086,0
95509,0
180465,0
126766,0
140000,0
147064,0
60138,0
20973,0
128751,0
140807,0
62565,0
151066,0
117670,0
61175,0
93022,0
196641,0
44441,0
177548,0
105843,0
183419,0
169551,0
106751,0
18886,0
196551,0
136802,0
110642,0
49439,0
178312,0
4138,0
191421,0
52586,0
106289,0
16328,0
43182,0
70855,0
50875,0
46504,0
118851,0
144481,0
64833,0
86387,0
112043,0
61284,0
50268,0
170739,0
115304,0
105016,0
34586,0
128474,0
60621,0
29331,0
78034,0
55279,0
173846,0
89755,0
58155,0
31422,0
23820,0
74967,0
40188,0
187392,0
140988,0
158365,0
142837,0
35404,0
46290,0
63114,0
8387,0
32744,0
102660,0
164568,0
133484,0
75140,0
4215,0
159482,0
134274,0
97717,0
22772,0
86391,0
143420,0
109139,0
98883,0
177384,0
172573,0
141262,0
112007,0
46943,0
43907,0
139518,0
126860,0
50184,0
164671,0
184660,0
160977,0
95353,0
39747,0
130976,0
77666,0
73461,0
81381,0
979,0
157948,0
142595,0
121281,0
191844,0
85156,0
137899,0
151368,0
116769,0
108130,0
44197,0
194409,0
19322,0
170614,0
5381,0
6002,0
171385,0
118647,0
117353,0
120937,0
7792,0
97001,0
80227,0
57437,0
131002,0
22277,0
19407,0
121596,0
109498,0
36244,0
165837,0
46001,0
52452,0
121924,0
95914,0
95604,0
40000,0
117367,0
192893,0
123730,0
128243,0
98580,0
23813,0
149431,0
105265,0
160854,0
36189,0
50543,0
59398,0
6018,0
146941,0
110728,0
99983,0
43514,0
117546,0
163497,0
18748,0
10393,0
189666,0
34541,0
153049,0
6845,0
108452,0
5605,0
177254,0
68090,0
144233,0
85335,0
184908,0
26014,0
122828,0
155553,0
178234,0
58188,0
69516,0
177375,0
164366,0
68379,0
196726,0
38444,0
173563,0
65842,0
3259,0
30707,0
96900,0
197516,0
139340,0
134893,0
85814,0
73758,0
162709,0
57926,0
28046,0
56461,0
70822,0
83868,0
153700,0
52977,0
135979,0
191119,0
191148,0
108815,0
103052,0
198189,0
105933,0
117928,0
87713,0
140685,0
37435,0
66240,0
40279,0
159029,0
98788,0
191216,0
181168,0
140230,0
169610,0
129715,0
58637,0
103945,0
483,0
133884,0
54105,0
20251,0
51529,0
93776,0
169953,0
74772,0
146190,0
103064,0
79353,0
117895,0
93820,0
157349,0
150584,0
141491,0
106176,0
122259,0
185928,0
162491,0
126600,0
199782,0
40499,0
37147,0
28034,0
190062,0
135489,0
175216,0
158975,0
46309,0
74320,0
126086,0
4433,0
83045,0
46525,0
72411,0
45559,0
84616,0
115262,0
112169,0
101316,0
33502,0
18636,0
2998,0
2554,0
147111,0
35502,0
56628,0
149687,0
137426,0
130630,0
63080,0
145091,0
37345,0
15511,0
119011,0
36296,0
13618,0
56830,0
90435,0
105284,0
156262,0
191338,0
35869,0
18347,0
59978,0
116177,0
134512,0
122986,0
9400,0
44427,0
76336,0
87068,0
43161,0
138756,0
145412,0
151711,0
154982,0
8001,0
37202,0
197764,0
174865,0
106786,0
111431,0
33583,0
95419,0
13855,0
135955,0
46304,0
95640,0
16585,0
155038,0
105005,0
171938,0
111020,0
115798,0
165988,0
22591,0
14929,0
188534,0
123481,0
87583,0
45432,0
9596,0
147701,0
40735,0
92568,0
3046,0
153710,0
89942,0
140724,0
146552,0
173192,0
129302,0
101141,0
19679,0
40058,0
87840,0
125283,0
155418,0
171923,0
57198,0
173466,0
64482,0
146514,0
169238,0
185114,0
160631,0
191495,0
153502,0
135,0
96524,0
38557,0
143046,0
138659,0
109988,0
69776,0
52890,0
83551,0
184074,0
46607,0
180655,0
199823,0
142459,0
181073,0
15463,0
168924,0
76062,0
185041,0
185235,0
116103,0
183838,0
71528,0
187507,0
27250,0
81635,0
162759,0
163871,0
2341,0
153324,0
13129,0
91568,0
147826,0
72078,0
144791,0
176540,0
182977,0
72664,0
47982,0
163829,0
68228,0
149675,0
2579,0
194992,0
42539,0
178950,0
16482,0
34079,0
44327,0
49558,0
84477,0
131649,0
105830,0
23608,0
103324,0
44373,0
101715,0
125082,0
145458,0
122513,0
34355,0
156239,0
143920,0
8520,0
82144,0
21256,0
34049,0
78188,0
63632,0
109552,0
44142,0
185419,0
170594,0
59493,0
44213,0
128311,0
94091,0
9832,0
108832,0
73596,0
93081,0
166376,0
118487,0
47356,0
188925,0
183178,0
66548,0
75265,0
150629,0
124961,0
147458,0
143466,0
48780,0
156737,0
75087,0
185681,0
18305,0
100816,0
122429,0
175344,0
97510,0
197686,0
188878,0
161925,0
161936,0
141391,0
137610,0
108022,0
49201,0
166426,0
28045,0
71136,0
126135,0
93862,0
110423,0
74702,0
135030,0
134316,0
39940,0
3462,0
50165,0
122685,0
142062,0
38010,0
195691,0
159342,0
46898,0
103149,0
168297,0
31413,0
143129,0
166088,0
16515,0
181789,0
332,0
104757,0
181889,0
104260,0
97315,0
118858,0
30597,0
97412,0
177942,0
108705,0
156339,0
114232,0
157921,0
55334,0
106797,0
124851,0
108216,0
174143,0
118912,0
5416,0
173807,0
180746,0
130936,0
42357,0
4996,0
30394,0
150945,0
183896,0
160305,0
151773,0
175011,0
131819,0
8736,0
6231,0
162881,0
150517,0
120669,0
101275,0
74381,0
62868,0
193309,0
68885,0
121862,0
82983,0
11750,0
124832,0
86651,0
77045,0
158654,0
3683,0
118031,0
67884,0
148600,0
42897,0
42873,0
118822,0
153802,0
193786,0
46753,0
135755,0
198972,0
66313,0
189333,0
17691,0
125367,0
52382,0
161088,0
92140,0
44877,0
3766,0
86721,0
125891,0
166577,0
177880,0
192173,0
90482,0
188977,0
23478,0
182461,0
104330,0
40315,0
195126,0
135497,0
118797,0
79463,0
143631,0
20167,0
51970,0
66759,0
58220,0
4630,0
27835,0
117851,0
35348,0
74817,0
82586,0
97775,0
35758,0
197934,0
39924,0
786,0
110694,0
139876,0
50504,0
125839,0
188021,0
199554,0
89143,0
165887,0
182070,0
87219,0
94117,0
35591,0
42637,0
67404,0
101479,0
73871,0
160709,0
55658,0
16909,0
39641,0
135597,0
59165,0
1347,0
110740,0
58861,0
163466,0
160629,0
21948,0
133642,0
37937,0
169114,0
97105,0
48277,0
90793,0
161361,0
52818,0
89774,0
11407,0
94577,0
98015,0
26070,0
83161,0
75852,0
43537,0
100060,0
144132,0
133565,0
41667,0
82177,0
19388,0
191750,0
10380,0
131104,0
129574,0
15573,0
1352,0
108638,0
195023,0
20226,0
115852,0
17399,0
92830,0
58380,0
106771,0
41487,0
2136,0
10420,0
148795,0
143880,0
100890,0
31515,0
171622,0
4730,0
157773,0
1186,0
125621,0
187903,0
50148,0
99831,0
45782,0
114163,0
186438,0
44251,0
72514,0
34775,0
77379,0
170624,0
121591,0
152127,0
90647,0
37298,0
130989,0
83817,0
109453,0
1432,0
104216,0
5884,0
148543,0
171136,0
89736,0
108188,0
177595,0
89573,0
125376,0
177073,0
93072,0
128112,0
92915,0
13115,0
63722,0
123516,0
63702,0
115023,0
31907,0
195172,0
184516,0
197195,0
4413,0
38655,0
16276,0
148331,0
22193,0
41820,0
21465,0
53305,0
170978,0
163579,0
53350,0
36804,0
36953,0
9899,0
189083,0
95762,0
89987,0
139846,0
177022,0
33262,0
17766,0
7805,0
46316,0
178225,0
98415,0
113005,0
63645,0
183741,0
18088,0
194424,0
54925,0
20653,0
161205,0
94813,0
150230,0
153259,0
120657,0
55670,0
11828,0
156388,0
198522,0
8438,0
3774,0
55990,0
63302,0
192913,0
5601,0
99792,0
71166,0
171691,0
145046,0
94800,0
54892,0
74469,0
36444,0
169311,0
5232,0
86975,0
56510,0
121979,0
56519,0
41208,0
65961,0
52303,0
49556,0
175618,0
174584,0
89165,0
108977,0
110141,0
34012,0
124984,0
172835,0
7640,0
71201,0
49477,0
79142,0
94927,0
25695,0
81672,0
6431,0
40747,0
31679,0
139417,0
56808,0
185626,0
55811,0
145065,0
82350,0
5407,0
141298,0
59585,0
159815,0
51221,0
155352,0
73167,0
94480,0
55054,0
109112,0
160991,0
133925,0
187347,0
32263,0
162435,0
171213,0
67264,0
111240,0
7249,0
109483,0
116081,0
62673,0
99806,0
19419,0
91130,0
86010,0
152197,0
145676,0
67241,0
129440,0
102427,0
169270,0
123674,0
104871,0
2001,0
56364,0
192465,0
70223,0
174225,0
28913,0
2536,0
39081,0
73400,0
85771,0
122372,0
190856,0
199880,0
104460,0
24200,0
81522,0
141467,0
19374,0
74720,0
107958,0
138826,0
167058,0
197318,0
123268,0
100040,0
194857,0
149068,0
116181,0
134831,0
55455,0
186960,0
192495,0
139504,0
67656,0
86409,0
43354,0
123742,0
123073,0
135873,0
116281,0
185885,0
87060,0
21569,0
120083,0
51539,0
105205,0
155512,0
63041,0
3427,0
109592,0
193362,0
84300,0
165860,0
156484,0
9165,0
127994,0
84552,0
123438,0
143447,0
79145,0
120721,0
30748,0
134949,0
165233,0
109157,0
23981,0
18141,0
8697,0
66304,0
25394,0
184110,0
130277,0
113893,0
123797,0
162139,0
66276,0
149609,0
131972,0
89504,0
83119,0
58357,0
45775,0
138233,0
169176,0
198377,0
63675,0
124969,0
105045,0
136421,0
39062,0
136879,0
155539,0
42268,0
74221,0
62052,0
74609,0
107696,0
193722,0
136451,0
102366,0
33361,0
37349,0
104133,0
93737,0
141946,0
166851,0
163785,0
39217,0
47452,0
103818,0
56444,0
185780,0
117992,0
197809,0
128023,0
56189,0
189335,0
82713,0
157819,0
44702,0
32952,0
27100,0
129192,0
154633,0
38234,0
149977,0
20626,0
72953,0
55027,0
24735,0
9648,0
104649,0
5235,0
116414,0
153500,0
166584,0
63223,0
102251,0
157170,0
64403,0
125137,0
108548,0
65995,0
108643,0
174594,0
2782,0
28957,0
77046,0
69593,0
116271,0
130943,0
91198,0
161547,0
104280,0
101105,0
157580,0
125213,0
71998,0
9701,0
45221,0
110375,0
134310,0
45842,0
169793,0
46734,0
121573,0
22435,0
194968,0
154523,0
7616,0
14948,0
126281,0
112393,0
139337,0
140515,0
131085,0
47935,0
127720,0
42899,0
156123,0
154614,0
2754,0
11517,0
744,0
110610,0
36603,0
190031,0
142061,0
45866,0
170500,0
138643,0
101862,0
65470,0
125652,0
137496,0
192192,0
126025,0
44311,0
70269,0
100544,0
144779,0
173943,0
182748,0
176707,0
121666,0
91278,0
11188,0
133746,0
39266,0
147608,0
79118,0
124210,0
121143,0
97818,0
115790,0
13821,0
190171,0
132605,0
94496,0
179673,0
162540,0
70344,0
55200,0
62118,0
50424,0
171523,0
17733,0
105335,0
15606,0
64445,0
110373,0
186602,0
137827,0
198817,0
108828,0
16114,0
171214,0
95228,0
179914,0
87448,0
43457,0
43926,0
95497,0
320,0
24728,0
174282,0
19895,0
141099,0
149592,0
135169,0
41688,0
133375,0
80223,0
69551,0
95860,0
161253,0
143629,0
60340,0
60294,0
76957,0
41687,0
157488,0
130985,0
103566,0
107396,0
180334,0
187616,0
114093,0
96915,0
7927,0
47210,0
184388,0
122733,0
64647,0
186356,0
36073,0
12784,0
80457,0
7409,0
126197,0
145106,0
55662,0
105681,0
1180,0
79877,0
188772,0
125820,0
98409,0
121138,0
100138,0
133498,0
73010,0
38128,0
136735,0
82329,0
33318,0
195585,0
62742,0
161231,0
15267,0
195432,0
25389,0
102197,0
39322,0
146845,0
164643,0
49876,0
127030,0
29877,0
11921,0
32003,0
198199,0
94568,0
22678,0
84920,0
188841,0
167937,0
115445,0
182057,0
85717,0
191871,0
80628,0
232,0
74738,0
381,0
89053,0
94988,0
54454,0
199797,0
84603,0
98834,0
109129,0
124147,0
53038,0
149003,0
134748,0
63081,0
54160,0
99281,0
16805,0
65946,0
9897,0
146194,0
86241,0
48075,0
193867,0
176589,0
180510,0
183801,0
75035,0
151712,0
123612,0
165961,0
82867,0
57634,0
25338,0
107817,0
39027,0
82749,0
126706,0
107773,0
173043,0
102536,0
148950,0
113064,0
139752,0
10078,0
132718,0
194094,0
195064,0
15647,0
33100,0
770,0
11619,0
75478,0
137396,0
45082,0
182676,0
21250,0
24849,0
41329,0
194338,0
24788,0
38287,0
109016,0
28518,0
117179,0
129238,0
130432,0
111082,0
170728,0
170194,0
114520,0
98087,0
65577,0
145014,0
5881,0
47864,0
47856,0
130402,0
197069,0
26031,0
26774,0
92286,0
20391,0
23030,0
30732,0
175466,0
132443,0
7127,0
131784,0
190815,0
42788,0
130368,0
74757,0
152435,0
90503,0
57297,0
106610,0
146525,0
1662,0
35087,0
64160,0
1668,0
16388,0
95861,0
82282,0
59238,0
191125,0
25751,0
111711,0
35738,0
12713,0
125656,0
165457,0
144955,0
13161,0
89666,0
108505,0
47556,0
171172,0
188558,0
50125,0
25954,0
56866,0
135264,0
48348,0
49598,0
6748,0
47777,0
164148,0
153681,0
150269,0
179688,0
68901,0
103434,0
165472,0
53690,0
83794,0
177833,0
141074,0
76163,0
46313,0
100469,0
166046,0
32289,0
187021,0
32520,0
86844,0
15592,0
135170,0
41847,0
89398,0
104783,0
82206,0
7299,0
63400,0
78885,0
80106,0
70085,0
76222,0
166072,0
16320,0
28487,0
139049,0
78181,0
118384,0
197233,0
33297,0
67840,0
116944,0
50267,0
135221,0
103391,0
75561,0
104799,0
192768,0
17761,0
109644,0
60418,0
63912,0
140589,0
177835,0
99332,0
33224,0
114089,0
71951,0
28241,0
150609,0
115460,0
163311,0
136475,0
177481,0
199093,0
58721,0
56575,0
100259,0
48652,0
129986,0
26306,0
140281,0
54776,0
49417,0
172173,0
83058,0
70922,0
139562,0
152663,0
193483,0
178492,0
101609,0
177051,0
32430,0
134629,0
49419,0
22374,0
153651,0
85943,0
89521,0
126146,0
104914,0
162277,0
27396,0
72743,0
112520,0
93168,0
79614,0
146438,0
27394,0
39085,0
128452,0
119260,0
31639,0
76627,0
20817,0
171400,0
125435,0
93900,0
25536,0
160923,0
193719,0
64204,0
7556,0
56211,0
33704,0
102837,0
54387,0
8154,0
81872,0
154207,0
183595,0
188014,0
22200,0
25062,0
111453,0
113587,0
108433,0
23052,0
177565,0
145833,0
99839,0
180641,0
198070,0
122486,0
97276,0
46733,0
17938,0
14087,0
9781,0
137088,0
36971,0
186426,0
105908,0
161804,0
7730,0
15708,0
137439,0
79112,0
66661,0
172039,0
147589,0
114341,0
55829,0
125461,0
79404,0
65065,0
130839,0
195380,0
23020,0
177568,0
174203,0
5201,0
150090,0
137287,0
142134,0
4182,0
155544,0
69268,0
18042,0
163719,0
164377,0
51690,0
115932,0
87544,0
64839,0
60792,0
7335,0
71684,0
161266,0
37790,0
91252,0
71613,0
117127,0
85765,0
153114,0
86012,0
151277,0
42523,0
85628,0
178140,0
18008,0
138421,0
51362,0
3380,0
172390,0
45958,0
173157,0
169733,0
120392,0
126697,0
28343,0
140688,0
171428,0
22799,0
77841,0
10474,0
155280,0
163831,0
103827,0
142074,0
87673,0
35286,0
187815,0
71819,0
24195,0
173402,0
94743,0
3199,0
70281,0
2367,0
160497,0
77412,0
40475,0
146199,0
95254,0
64082,0
15019,0
83448,0
173800,0
124254,0
135295,0
67778,0
73333,0
22850,0
64009,0
41918,0
160440,0
35932,0
50866,0
115034,0
185603,0
175675,0
74052,0
98263,0
165301,0
59639,0
179074,0
178266,0
38759,0
44942,0
27364,0
27362,0
63678,0
62513,0
175799,0
189063,0
9044,0
197696,0
89051,0
20209,0
98223,0
182119,0
67346,0
114981,0
49775,0
103997,0
162541,0
42212,0
100973,0
30041,0
19139,0
158730,0
55610,0
161721,0
19752,0
135643,0
52731,0
136372,0
99744,0
5451,0
154055,0
797,0
66865,0
154312,0
119358,0
140250,0
163300,0
171254,0
39899,0
85085,0
175267,0
101702,0
82553,0
70150,0
66714,0
1238,0
101708,0
149195,0
36422,0
97308,0
78421,0
175553,0
108098,0
42266,0
103912,0
186336,0
70993,0
82454,0
27128,0
20392,0
67591,0
48100,0
59448,0
165502,0
84095,0
5339,0
94230,0
11193,0
62400,0
26187,0
64935,0
50073,0
194502,0
89431,0
25105,0
84087,0
137543,0
132788,0
166193,0
38618,0
176064,0
45435,0
106527,0
65480,0
38828,0
25089,0
60871,0
48905,0
91257,0
97586,0
31161,0
176366,0
151865,0
120278,0
76521,0
76510,0
109979,0
131979,0
86336,0
48798,0
149021,0
72480,0
12412,0
1422,0
124289,0
43284,0
128454,0
904,0
147662,0
199284,0
124411,0
44525,0
116643,0
58965,0
123593,0
179396,0
163982,0
158468,0
180309,0
162945,0
180330,0
150560,0
196029,0
140530,0
110244,0
194824,0
76605,0
76041,0
116806,0
193,0
144950,0
15888,0
194709,0
110908,0
167049,0
27407,0
3707,0
53996,0
98097,0
17395,0
188651,0
142718,0
23081,0
140475,0
37257,0
97836,0
153895,0
169590,0
110047,0
43066,0
3073,0
42714,0
95186,0
12534,0
184798,0
57560,0
24986,0
7590,0
190135,0
164160,0
81265,0
13992,0
197175,0
86162,0
175990,0
196276,0
33480,0
94954,0
108840,0
133773,0
135734,0
111163,0
78435,0
151185,0
51161,0
84613,0
155432,0
93184,0
95085,0
133942,0
59236,0
51614,0
27230,0
59376,0
177987,0
12148,0
101107,0
44939,0
86766,0
69819,0
123910,0
17132,0
157073,0
66334,0
106144,0
68731,0
7204,0
169490,0
179044,0
138156,0
111069,0
84337,0
130151,0
40088,0
59212,0
143093,0
30601,0
74791,0
22729,0
150360,0
11429,0
192320,0
189721,0
44121,0
67136,0
144021,0
147147,0
195789,0
49476,0
90723,0
80324,0
127020,0
17897,0
189135,0
188797,0
192616,0
53748,0
103925,0
72902,0
119724,0
26114,0
186402,0
156153,0
31476,0
47096,0
129782,0
38097,0
29591,0
49645,0
64995,0
73203,0
92495,0
125479,0
94405,0
120587,0
67242,0
107323,0
142522,0
181763,0
73868,0
146786,0
168700,0
17933,0
85106,0
127041,0
142090,0
111738,0
73305,0
72871,0
132564,0
158244,0
71279,0
60654,0
62740,0
168186,0
150127,0
35683,0
122832,0
131054,0
190425,0
195702,0
122414,0
22792,0
196846,0
83750,0
49358,0
32725,0
195988,0
67592,0
198230,0
72824,0
120464,0
64856,0
176676,0
73281,0
19639,0
45553,0
106502,0
8451,0
110875,0
25600,0
55471,0
127739,0
29157,0
120900,0
83470,0
32555,0
83686,0
48341,0
95694,0
122077,0
108307,0
29286,0
179704,0
2795,0
188779,0
85361,0
110856,0
187164,0
159423,0
61310,0
189030,0
166369,0
192905,0
40199,0
170615,0
12990,0
12245,0
180050,0
154386,0
108263,0
67394,0
113802,0
140176,0
192283,0
155251,0
145291,0
177705,0
42197,0
56925,0
94337,0
149435,0
89691,0
80177,0
121267,0
19654,0
11547,0
176176,0
179829,0
73706,0
118846,0
93405,0
39942,0
69799,0
165980,0
130435,0
82891,0
98904,0
77005,0
26339,0
57135,0
174198,0
123887,0
42460,0
70232,0
130057,0
161415,0
44043,0
3946,0
81341,0
158423,0
60330,0
130955,0
121282,0
104502,0
162625,0
199765,0
189385,0
29173,0
28210,0
16358,0
40248,0
94986,0
138721,0
25678,0
44120,0
116536,0
161221,0
92518,0
78938,0
13169,0
9250,0
13010,0
47847,0
49629,0
12714,0
99965,0
152120,0
8574,0
134445,0
172388,0
66728,0
95262,0
193576,0
187370,0
52876,0
173475,0
120469,0
193629,0
94684,0
154069,0
197065,0
5420,0
57836,0
18816,0
129234,0
132345,0
167537,0
142482,0
19681,0
77390,0
193853,0
118737,0
34389,0
118701,0
186449,0
132244,0
186478,0
87895,0
185829,0
60636,0
502,0
165108,0
120295,0
92581,0
58269,0
140930,0
59884,0
74372,0
7063,0
136149,0
19312,0
100163,0
190061,0
90990,0
96701,0
148684,0
187595,0
62606,0
107235,0
76619,0
69843,0
94628,0
88690,0
138456,0
124808,0
88010,0
159585,0
179322,0
88001,0
153246,0
127514,0
126865,0
179317,0
191746,0
117967,0
9860,0
32409,0
68003,0
120826,0
139815,0
117987,0
2092,0
81022,0
100324,0
67990,0
119248,0
7413,0
144641,0
134953,0
60109,0
36056,0
21544,0
152755,0
195536,0
167672,0
24888,0
137416,0
194017,0
85556,0
185663,0
45822,0
155817,0
131929,0
145252,0
70652,0
157858,0
123072,0
65346,0
68607,0
195228,0
97704,0
79834,0
121235,0
173304,0
157543,0
48,0
32799,0
59829,0
11299,0
29878,0
43486,0
113506,0
171177,0
9997,0
90129,0
78365,0
79491,0
148940,0
181502,0
40071,0
158507,0
103765,0
10071,0
9776,0
106354,0
127631,0
78332,0
37573,0
120687,0
52774,0
103939,0
101028,0
58971,0
183552,0
160394,0
121039,0
90676,0
81674,0
160240,0
162637,0
83344,0
125802,0
149362,0
118953,0
21735,0
134098,0
107549,0
149766,0
199705,0
70056,0
26300,0
114353,0
149031,0
126282,0
10357,0
100600,0
150994,0
33015,0
58695,0
45525,0
160644,0
113528,0
150641,0
133027,0
130019,0
42631,0
199228,0
149912,0
14803,0
29523,0
91327,0
171621,0
37305,0
17144,0
171267,0
160101,0
102279,0
59492,0
107828,0
10128,0
101024,0
103364,0
106464,0
78440,0
13414,0
180383,0
121735,0
193042,0
152991,0
49420,0
154705,0
195966,0
31399,0
153511,0
110126,0
16855,0
41595,0
195375,0
165990,0
31835,0
68873,0
128700,0
168382,0
186363,0
46540,0
168010,0
85831,0
97365,0
187166,0
52125,0
53776,0
41296,0
6417,0
195454,0
104736,0
29200,0
51871,0
127749,0
187274,0
30605,0
84989,0
25535,0
185389,0
117420,0
98664,0
85666,0
55637,0
144182,0
151370,0
68521,0
33815,0
86748,0
131203,0
116252,0
117016,0
41511,0
146684,0
68036,0
170265,0
12748,0
187872,0
111447,0
153804,0
11507,0
193009,0
6709,0
85055,0
17650,0
127809,0
17348,0
84210,0
24144,0
168075,0
191597,0
176371,0
195810,0
111570,0
174852,0
47833,0
106080,0
5982,0
23131,0
134578,0
31362,0
77283,0
175399,0
38652,0
58198,0
171989,0
56290,0
49235,0
123339,0
72063,0
41088,0
144774,0
138570,0
186013,0
28936,0
51108,0
190427,0
76906,0
172339,0
153885,0
117919,0
128485,0
28584,0
72691,0
174382,0
109217,0
8385,0
177295,0
194203,0
152477,0
74837,0
88803,0
169177,0
58147,0
87608,0
164915,0
152973,0
31594,0
97819,0
12894,0
146911,0
175809,0
164667,0
16902,0
195765,0
115770,0
102952,0
123037,0
102949,0
194023,0
36524,0
123448,0
36094,0
193540,0
87368,0
154612,0
53068,0
4463,0
165370,0
195087,0
44212,0
165253,0
9395,0
170258,0
142035,0
192835,0
177310,0
60213,0
192744,0
132567,0
94185,0
184683,0
54462,0
176989,0
103317,0
125432,0
39699,0
73629,0
13213,0
19385,0
164942,0
45726,0
3489,0
65097,0
112961,0
16986,0
184538,0
129056,0
11871,0
9440,0
145922,0
115657,0
107074,0
132666,0
62399,0
103363,0
114902,0
189098,0
195319,0
108746,0
140048,0
113476,0
57969,0
132083,0
144104,0
38389,0
176609,0
20105,0
74494,0
25967,0
54903,0
86952,0
15356,0
40370,0
129125,0
53866,0
115240,0
62779,0
72591,0
21782,0
113340,0
74394,0
124826,0
146539,0
169984,0
56814,0
36534,0
21241,0
137125,0
8966,0
173708,0
70283,0
20134,0
169036,0
160840,0
56271,0
175322,0
139041,0
149558,0
193509,0
33006,0
36385,0
162155,0
102971,0
140906,0
59743,0
128578,0
103462,0
39166,0
74920,0
112028,0
197891,0
113831,0
482,0
171729,0
143582,0
99783,0
43409,0
66105,0
63473,0
25266,0
67188,0
190872,0
167630,0
40053,0
27279,0
159129,0
115053,0
180680,0
188730,0
18273,0
36683,0
74043,0
100967,0
102192,0
157241,0
154138,0
45510,0
189581,0
67273,0
21319,0
104432,0
173374,0
170821,0
194640,0
101485,0
25836,0
55966,0
79012,0
66057,0
97914,0
82810,0
143808,0
127114,0
138615,0
63430,0
125142,0
102785,0
160190,0
65911,0
67095,0
26337,0
86143,0
118217,0
17418,0
144592,0
37242,0
131733,0
159972,0
139174,0
174270,0
125694,0
189184,0
153898,0
14427,0
192140,0
117100,0
124063,0
43136,0
127706,0
16000,0
108189,0
111496,0
187153,0
168618,0
180631,0
179958,0
9610,0
142396,0
183500,0
69972,0
127607,0
132361,0
41805,0
122686,0
62227,0
19919,0
50094,0
104202,0
140009,0
102701,0
96949,0
106851,0
41538,0
127170,0
142700,0
117086,0
110420,0
22292,0
182582,0
78899,0
63808,0
159004,0
75798,0
122397,0
107459,0
52236,0
58689,0
57540,0
150738,0
159946,0
80100,0
51326,0
59348,0
137693,0
4283,0
165738,0
59497,0
63501,0
108940,0
165448,0
178553,0
152811,0
84201,0
88178,0
45704,0
91895,0
118745,0
127984,0
117010,0
148762,0
163134,0
140966,0
129279,0
35486,0
57514,0
197003,0
22955,0
97188,0
165960,0
169148,0
191816,0
99261,0
91387,0
80530,0
153806,0
27088,0
80028,0
152334,0
71179,0
104348,0
17591,0
90450,0
108055,0
11106,0
22046,0
67164,0
39915,0
23965,0
121217,0
60550,0
46004,0
86948,0
181306,0
186734,0
4451,0
94518,0
58488,0
123045,0
125665,0
150257,0
90363,0
7879,0
22969,0
152321,0
26219,0
46551,0
66862,0
166298,0
156104,0
166518,0
147535,0
90694,0
114308,0
83072,0
110182,0
65203,0
56120,0
156096,0
110127,0
67844,0
152868,0
79800,0
36979,0
184658,0
22976,0
120878,0
181482,0
47859,0
8766,0
134973,0
178083,0
73873,0
28274,0
51058,0
153733,0
181458,0
96839,0
27440,0
133651,0
178211,0
66930,0
122976,0
43966,0
61794,0
69726,0
142937,0
68069,0
153073,0
165655,0
51608,0
101256,0
147076,0
162230,0
97251,0
4371,0
150311,0
69864,0
951,0
90882,0
166988,0
161836,0
178856,0
160303,0
134297,0
3048,0
117033,0
111965,0
88562,0
90331,0
100215,0
158073,0
44651,0
43654,0
67621,0
158677,0
80210,0
182809,0
167435,0
34239,0
180236,0
121834,0
181760,0
160188,0
130598,0
121518,0
163588,0
114423,0
62921,0
39271,0
104995,0
70276,0
152956,0
189894,0
16871,0
188111,0
191236,0
43702,0
79361,0
139493,0
74627,0
65684,0
28074,0
98592,0
33855,0
124782,0
181421,0
196089,0
51954,0
157194,0
66916,0
48895,0
62758,0
2774,0
154263,0
107068,0
147194,0
154908,0
152242,0
53607,0
147550,0
129873,0
105759,0
109617,0
124876,0
12775,0
39450,0
196892,0
70751,0
40588,0
71034,0
76079,0
24637,0
106204,0
79205,0
158370,0
171484,0
181484,0
99932,0
25881,0
73326,0
167310,0
8589,0
190198,0
26288,0
128156,0
26090,0
198492,0
1870,0
37507,0
46187,0
60913,0
11807,0
185769,0
13019,0
27662,0
23040,0
121429,0
70561,0
59897,0
89274,0
194979,0
164180,0
59607,0
5146,0
26432,0
197780,0
75296,0
14015,0
8645,0
25841,0
177931,0
64557,0
169323,0
47840,0
118135,0
11803,0
24962,0
130844,0
49725,0
147787,0
124824,0
48621,0
154776,0
76144,0
31644,0
92366,0
88277,0
165508,0
85910,0
123098,0
34314,0
24678,0
189170,0
53329,0
121824,0
104702,0
259,0
128139,0
166588,0
96603,0
75350,0
71917,0
115212,0
72433,0
12121,0
23628,0
100571,0
29363,0
24210,0
123778,0
17758,0
186845,0
150490,0
56365,0
21138,0
47150,0
93032,0
103609,0
188920,0
44409,0
41919,0
11908,0
100327,0
72755,0
49952,0
126662,0
199532,0
185911,0
123761,0
38899,0
120335,0
26653,0
20468,0
129956,0
7974,0
185453,0
79774,0
177655,0
183778,0
9750,0
180412,0
157978,0
79025,0
116401,0
97941,0
108581,0
36384,0
30804,0
108285,0
156021,0
54955,0
116496,0
169037,0
42196,0
66060,0
172970,0
173753,0
155932,0
183628,0
181725,0
156599,0
72371,0
151118,0
179885,0
85758,0
80480,0
115905,0
158230,0
76861,0
91559,0
187980,0
42739,0
37105,0
51604,0
167478,0
59748,0
7886,0
153955,0
59666,0
67457,0
118994,0
72220,0
114907,0
131786,0
37408,0
86876,0
86652,0
84670,0
119367,0
139113,0
154592,0
125185,0
47945,0
191175,0
30964,0
63763,0
122826,0
134495,0
176285,0
71239,0
132006,0
195348,0
109321,0
148380,0
177492,0
33937,0
30082,0
175630,0
36065,0
37755,0
127838,0
56885,0
117268,0
10988,0
71103,0
194623,0
34289,0
98003,0
168287,0
47250,0
111684,0
69579,0
27636,0
4098,0
157407,0
102201,0
77204,0
91860,0
54390,0
73833,0
110430,0
190367,0
104667,0
161874,0
112172,0
59517,0
182805,0
156990,0
113215,0
148822,0
42107,0
57195,0
13298,0
150439,0
3956,0
191992,0
5422,0
21142,0
7220,0
138391,0
35804,0
181020,0
77502,0
79798,0
86643,0
182330,0
109049,0
81394,0
149448,0
182349,0
22754,0
25538,0
78906,0
159120,0
149759,0
21758,0
179487,0
38316,0
120631,0
145104,0
178807,0
32088,0
122501,0
21429,0
102783,0
26805,0
24090,0
119201,0
128307,0
117165,0
76071,0
50572,0
79752,0
114220,0
63200,0
142347,0
44342,0
2021,0
37223,0
84343,0
130282,0
163745,0
113735,0
21249,0
168844,0
26908,0
47753,0
7898,0
184102,0
49161,0
111266,0
65133,0
83865,0
74577,0
126750,0
150340,0
122764,0
78329,0
168260,0
82618,0
124617,0
140920,0
120166,0
40518,0
3114,0
175541,0
154729,0
19711,0
11846,0
103089,0
184675,0
113455,0
15187,0
121099,0
75093,0
85256,0
26632,0
82654,0
132665,0
43484,0
42263,0
154477,0
25493,0
70946,0
105078,0
164066,0
180049,0
167938,0
120091,0
124128,0
164753,0
119848,0
92677,0
25752,0
62307,0
50442,0
68272,0
43977,0
60347,0
2734,0
199737,0
45883,0
19177,0
58853,0
81083,0
58556,0
5798,0
123436,0
116519,0
69981,0
159966,0
47167,0
813,0
144085,0
50736,0
180562,0
60727,0
141027,0
163625,0
57870,0
88787,0
52206,0
18802,0
25889,0
44027,0
106346,0
129598,0
47062,0
62947,0
123308,0
101309,0
114916,0
183208,0
155282,0
188436,0
28139,0
145527,0
321,0
17615,0
9309,0
90548,0
57539,0
46198,0
118022,0
50409,0
121065,0
99552,0
3446,0
94780,0
136088,0
196009,0
194962,0
8121,0
47603,0
170056,0
25541,0
126767,0
158741,0
164352,0
181727,0
59614,0
130642,0
175644,0
132681,0
190328,0
179053,0
162498,0
169967,0
38119,0
111895,0
191996,0
172580,0
165361,0
99310,0
186266,0
91679,0
41938,0
89454,0
39869,0
170064,0
18292,0
107984,0
10610,0
112847,0
199784,0
163179,0
134769,0
149604,0
43840,0
112201,0
127207,0
179254,0
117852,0
148461,0
156595,0
26170,0
127309,0
19098,0
91347,0
133112,0
123664,0
1515,0
173493,0
25515,0
140881,0
71518,0
49315,0
151239,0
196198,0
162480,0
61078,0
62781,0
89008,0
153403,0
120863,0
30400,0
74841,0
44609,0
56381,0
86497,0
14950,0
51556,0
63122,0
85459,0
145260,0
173579,0
23356,0
48448,0
44900,0
48654,0
193325,0
150513,0
199842,0
197663,0
6668,0
183695,0
31329,0
49281,0
167381,0
162373,0
56835,0
108354,0
181585,0
71400,0
82489,0
75221,0
117789,0
48911,0
38964,0
124865,0
53560,0
42924,0
125103,0
59710,0
81223,0
84868,0
175222,0
74930,0
197923,0
199161,0
10114,0
161880,0
124055,0
68310,0
50295,0
95723,0
115315,0
194026,0
40489,0
49347,0
49351,0
102422,0
179338,0
197776,0
98552,0
90879,0
81481,0
152803,0
15484,0
85602,0
76321,0
160546,0
7266,0
1321,0
25353,0
64612,0
183173,0
16532,0
109524,0
3524,0
17746,0
5695,0
87157,0
98669,0
115604,0
63723,0
18122,0
56226,0
29739,0
9310,0
169499,0
142143,0
77360,0
192366,0
188052,0
14142,0
19107,0
197298,0
199041,0
84161,0
154867,0
130624,0
174782,0
45474,0
116411,0
87122,0
180106,0
161265,0
167693,0
85116,0
177543,0
161652,0
51157,0
40403,0
165192,0
92400,0
791,0
191455,0
80460,0
57889,0
187961,0
156071,0
139868,0
58892,0
117539,0
83810,0
173198,0
33690,0
67551,0
34993,0
24548,0
198757,0
195659,0
110575,0
139242,0
164695,0
133492,0
30215,0
132181,0
189410,0
183004,0
80132,0
190824,0
195328,0
129269,0
7680,0
34882,0
108731,0
45971,0
35390,0
102100,0
149313,0
87815,0
195498,0
98349,0
17148,0
120517,0
15749,0
183330,0
54397,0
130613,0
111638,0
81740,0
40332,0
96373,0
173934,0
138058,0
179746,0
194720,0
119671,0
94024,0
176360,0
11296,0
15031,0
39394,0
186388,0
105033,0
94535,0
167546,0
175,0
24828,0
187771,0
113670,0
135773,0
34417,0
133630,0
55208,0
107846,0
147110,0
79006,0
146867,0
46542,0
164232,0
93416,0
17260,0
151929,0
194602,0
96743,0
118299,0
169577,0
6126,0
23551,0
81336,0
183527,0
53304,0
15145,0
24883,0
123228,0
40119,0
50901,0
15170,0
97602,0
141672,0
4410,0
151638,0
49936,0
95758,0
25561,0
120397,0
66490,0
180053,0
146389,0
45389,0
55561,0
179569,0
163781,0
149025,0
166751,0
106655,0
141657,0
178384,0
141400,0
25250,0
157768,0
47273,0
132647,0
60789,0
184582,0
133046,0
195500,0
40907,0
70637,0
35888,0
52119,0
23405,0
36190,0
19271,0
43808,0
111923,0
188064,0
94219,0
4159,0
170313,0
143599,0
198089,0
9822,0
155364,0
81856,0
102108,0
134467,0
192505,0
35099,0
83715,0
23394,0
81330,0
157673,0
63986,0
121504,0
114263,0
158000,0
82536,0
77723,0
152502,0
188324,0
148253,0
153874,0
21531,0
131421,0
170943,0
37111,0
139292,0
144495,0
169395,0
12842,0
52725,0
121977,0
19418,0
12627,0
66833,0
117738,0
61845,0
26064,0
3881,0
61088,0
3369,0
117799,0
129315,0
51891,0
67074,0
32929,0
173773,0
100557,0
123527,0
76802,0
43184,0
66075,0
135328,0
42690,0
142236,0
164455,0
165931,0
161973,0
18913,0
170855,0
54707,0
167743,0
27829,0
191170,0
101338,0
119710,0
134410,0
193228,0
18295,0
192923,0
138845,0
99907,0
101967,0
71721,0
26388,0
7684,0
117704,0
6425,0
101052,0
152305,0
135106,0
122395,0
153836,0
111868,0
187689,0
103284,0
110566,0
131878,0
129705,0
190321,0
173422,0
73413,0
183864,0
177578,0
135582,0
113110,0
168937,0
188879,0
182979,0
79108,0
106706,0
60830,0
134508,0
35507,0
187835,0
29412,0
72496,0
162479,0
20371,0
163059,0
108,0
7260,0
62604,0
194076,0
145840,0
126598,0
160301,0
77814,0
150740,0
171137,0
10019,0
198355,0
15266,0
131980,0
193946,0
138345,0
55587,0
105119,0
195294,0
130042,0
131540,0
134154,0
162364,0
121697,0
20350,0
128819,0
27143,0
147752,0
42682,0
77397,0
119161,0
162392,0
154457,0
28592,0
35949,0
78459,0
3779,0
112485,0
117107,0
191836,0
127472,0
67446,0
154089,0
96566,0
168473,0
67574,0
54834,0
99784,0
171623,0
50375,0
158987,0
88388,0
179963,0
71517,0
26524,0
174278,0
136357,0
120317,0
91594,0
11929,0
68159,0
49498,0
74299,0
72792,0
28044,0
140366,0
60022,0
7400,0
133246,0
60451,0
122339,0
171289,0
187065,0
155989,0
53159,0
88165,0
146707,0
100067,0
187268,0
104828,0
79596,0
186703,0
60678,0
60059,0
10479,0
88514,0
91887,0
73685,0
62860,0
39725,0
50113,0
72071,0
68891,0
49792,0
133190,0
50008,0
19173,0
174170,0
88650,0
198680,0
139452,0
85317,0
180700,0
85065,0
146980,0
96028,0
31448,0
73995,0
54882,0
168946,0
122367,0
161968,0
15078,0
186022,0
139739,0
126599,0
99506,0
64003,0
106430,0
118667,0
18597,0
46968,0
18592,0
2489,0
142654,0
66023,0
66021,0
75639,0
151574,0
96142,0
157044,0
182847,0
113196,0
128240,0
156917,0
43411,0
157717,0
182752,0
132328,0
132498,0
40657,0
171068,0
159814,0
98694,0
125601,0
66311,0
84536,0
157078,0
107150,0
105543,0
101,0
183539,0
46752,0
194176,0
77123,0
69738,0
116486,0
125557,0
51938,0
26403,0
45173,0
9481,0
59078,0
28652,0
165642,0
118332,0
184973,0
165617,0
78643,0
98244,0
165540,0
191513,0
113094,0
137722,0
169301,0
189834,0
178516,0
113084,0
59189,0
112442,0
147956,0
107945,0
45611,0
101303,0
787,0
103022,0
57140,0
111338,0
123020,0
47172,0
113,0
101404,0
76665,0
63438,0
31861,0
24879,0
190050,0
112989,0
103397,0
101291,0
76554,0
147810,0
125864,0
183256,0
112344,0
13220,0
106381,0
177243,0
154963,0
63038,0
146078,0
93712,0
112024,0
92628,0
183648,0
89852,0
151323,0
172605,0
122278,0
162339,0
77712,0
181535,0
131416,0
120771,0
155106,0
48760,0
177853,0
41799,0
97523,0
142323,0
29070,0
150078,0
196507,0
124129,0
109200,0
118853,0
112768,0
136731,0
39495,0
185345,0
45761,0
52655,0
92456,0
189057,0
198341,0
90145,0
124949,0
126271,0
73601,0
25095,0
125347,0
55522,0
69204,0
43490,0
54520,0
36608,0
59987,0
183399,0
68670,0
74243,0
990,0
70059,0
47147,0
154391,0
131732,0
51411,0
15168,0
131847,0
122717,0
86479,0
36590,0
190997,0
195554,0
87244,0
134395,0
74590,0
98375,0
21891,0
198877,0
119313,0
20975,0
166932,0
114283,0
4736,0
70069,0
170889,0
65736,0
73255,0
73058,0
151903,0
78438,0
93177,0
76460,0
109246,0
76060,0
85230,0
169349,0
4625,0
33185,0
154929,0
93157,0
19615,0
18274,0
3966,0
90070,0
191763,0
116885,0
164028,0
128856,0
100387,0
38699,0
59106,0
24346,0
136574,0
177000,0
86350,0
183320,0
19689,0
44348,0
111462,0
79369,0
93121,0
174043,0
165067,0
51681,0
6197,0
35891,0
130399,0
167568,0
64963,0
155050,0
87502,0
9039,0
12158,0
32676,0
167082,0
141044,0
145545,0
180008,0
32580,0
36944,0
95463,0
189915,0
164510,0
103930,0
137906,0
25755,0
82263,0
83528,0
167719,0
89866,0
103733,0
36333,0
16452,0
140271,0
157336,0
165476,0
67748,0
30495,0
103653,0
110442,0
74463,0
2577,0
116604,0
102945,0
129506,0
97202,0
56816,0
183997,0
63146,0
36958,0
162352,0
126152,0
164354,0
75089,0
191367,0
12139,0
23977,0
188286,0
162458,0
68587,0
75394,0
32859,0
78152,0
99497,0
125107,0
133876,0
7418,0
158210,0
97884,0
106769,0
23389,0
2382,0
82991,0
145443,0
185385,0
138046,0
20303,0
130135,0
152641,0
73577,0
90041,0
23648,0
144838,0
143479,0
20675,0
34069,0
125362,0
56829,0
172135,0
149156,0
9802,0
39222,0
15650,0
121492,0
174327,0
168410,0
157707,0
119979,0
148404,0
119763,0
11215,0
153640,0
49685,0
9913,0
82222,0
160511,0
29458,0
134558,0
72451,0
103365,0
53131,0
45571,0
119489,0
27812,0
47572,0
114481,0
1296,0
145299,0
120119,0
15682,0
104356,0
72435,0
82031,0
183767,0
10999,0
140002,0
101304,0
105544,0
24414,0
28350,0
29807,0
10404,0
136186,0
25898,0
35062,0
178181,0
139977,0
98521,0
104116,0
44002,0
28933,0
188010,0
1880,0
121202,0
77180,0
198927,0
187050,0
149418,0
138383,0
96944,0
28232,0
189662,0
64603,0
46022,0
58727,0
132276,0
53017,0
192424,0
146032,0
130359,0
161509,0
63930,0
86545,0
192276,0
156091,0
65168,0
4428,0
1229,0
102564,0
50458,0
94890,0
76525,0
125870,0
4305,0
21763,0
174571,0
10852,0
8575,0
195625,0
62368,0
108683,0
6847,0
188090,0
108269,0
172698,0
95851,0
184427,0
30846,0
10703,0
40186,0
31856,0
77632,0
46357,0
184483,0
53691,0
91434,0
154674,0
74719,0
160115,0
113665,0
17386,0
6376,0
84389,0
62702,0
9930,0
125116,0
57053,0
141335,0
123614,0
48294,0
36326,0
54092,0
126644,0
56851,0
63249,0
139429,0
185528,0
38910,0
67101,0
37225,0
161752,0
20406,0
2976,0
99388,0
42141,0
69157,0
166022,0
55861,0
113166,0
100753,0
125174,0
133980,0
189458,0
165944,0
6338,0
52646,0
125209,0
95181,0
162520,0
140203,0
5517,0
130734,0
193835,0
90469,0
186179,0
49187,0
199841,0
61926,0
24733,0
143550,0
52721,0
190237,0
156516,0
49091,0
5476,0
156688,0
105106,0
17304,0
48683,0
35030,0
50632,0
138774,0
156430,0
102603,0
112147,0
95341,0
66435,0
175123,0
138809,0
24581,0
101942,0
23984,0
160910,0
19997,0
19825,0
56073,0
82915,0
55223,0
94067,0
95086,0
94769,0
151887,0
141869,0
29166,0
151813,0
55052,0
33881,0
35827,0
85892,0
30952,0
1861,0
61513,0
78550,0
110646,0
149513,0
94982,0
70730,0
65591,0
186580,0
105372,0
194903,0
79879,0
181378,0
146434,0
176401,0
141772,0
98139,0
139711,0
19298,0
112846,0
95373,0
67726,0
58782,0
97243,0
117768,0
194037,0
182739,0
17450,0
198824,0
64543,0
34135,0
8151,0
51562,0
39026,0
1900,0
107751,0
26958,0
46083,0
51013,0
122158,0
1984,0
7996,0
112655,0
13120,0
174777,0
121458,0
114222,0
152597,0
126882,0
22336,0
14893,0
127629,0
166428,0
163681,0
194141,0
4929,0
145890,0
102528,0
41485,0
18413,0
175127,0
61308,0
12554,0
51636,0
187467,0
146499,0
97718,0
23776,0
110426,0
55719,0
105623,0
37947,0
24390,0
33024,0
99653,0
170411,0
114669,0
73273,0
80739,0
115394,0
8289,0
115589,0
169697,0
44701,0
160833,0
122898,0
158917,0
24624,0
28765,0
130179,0
132422,0
104613,0
29989,0
90522,0
135913,0
20853,0
165337,0
48823,0
188084,0
117986,0
120371,0
100150,0
102917,0
64509,0
160536,0
180274,0
119633,0
10893,0
50221,0
17067,0
193862,0
133424,0
28631,0
137078,0
169535,0
65494,0
181738,0
64480,0
9939,0
122710,0
65408,0
181210,0
146579,0
141885,0
145356,0
66519,0
5216,0
149468,0
81093,0
52450,0
70295,0
123210,0
18557,0
120505,0
196975,0
57165,0
45240,0
36625,0
22201,0
75840,0
163399,0
21085,0
49843,0
158283,0
168876,0
34896,0
10690,0
198666,0
89084,0
45803,0
39579,0
51850,0
65037,0
30826,0
159306,0
67228,0
51693,0
28170,0
65666,0
176442,0
50908,0
176887,0
40912,0
20676,0
98079,0
165754,0
184609,0
140832,0
45667,0
33256,0
69786,0
57685,0
110718,0
157138,0
119120,0
136922,0
17587,0
151644,0
158563,0
63818,0
57296,0
59374,0
167566,0
117558,0
113799,0
104680,0
182222,0
93094,0
127333,0
127083,0
11038,0
26418,0
86500,0
84162,0
145622,0
198304,0
37682,0
179906,0
90662,0
139355,0
49390,0
109788,0
37446,0
121708,0
197104,0
7542,0
175046,0
82769,0
169441,0
149843,0
108558,0
126457,0
161692,0
194273,0
56843,0
84474,0
79095,0
163590,0
42199,0
27742,0
53822,0
158242,0
9828,0
1815,0
41472,0
64986,0
27074,0
22546,0
190867,0
169651,0
143803,0
145403,0
113364,0
109990,0
61651,0
187421,0
72819,0
88123,0
192082,0
109955,0
100140,0
81863,0
12628,0
104899,0
34867,0
111327,0
119718,0
100424,0
24198,0
101877,0
28281,0
91565,0
146670,0
144690,0
144703,0
51901,0
116569,0
87994,0
28790,0
130686,0
171391,0
102668,0
172509,0
99,0
96722,0
85573,0
159806,0
111422,0
43812,0
116014,0
24485,0
91470,0
188640,0
80791,0
87758,0
193951,0
56891,0
198023,0
122059,0
193054,0
162624,0
82364,0
103913,0
122476,0
129634,0
154767,0
180974,0
188105,0
158647,0
94001,0
11787,0
20192,0
101445,0
78447,0
69827,0
79846,0
17831,0
7575,0
161726,0
55712,0
155167,0
73992,0
6563,0
111723,0
33707,0
35005,0
65124,0
63822,0
15760,0
95985,0
154632,0
186569,0
119455,0
194263,0
192998,0
62569,0
86702,0
161716,0
83081,0
8649,0
26356,0
119181,0
157021,0
177874,0
38203,0
182396,0
141842,0
95420,0
119355,0
129803,0
101360,0
142966,0
134866,0
111910,0
45395,0
172084,0
9265,0
45340,0
10002,0
81393,0
148853,0
36636,0
170684,0
97491,0
22406,0
163067,0
74457,0
75704,0
143127,0
56218,0
127457,0
4696,0
90587,0
110637,0
140598,0
176207,0
124845,0
152056,0
195052,0
88794,0
138249,0
1351,0
109352,0
140591,0
103935,0
157277,0
29975,0
145711,0
141994,0
41166,0
47156,0
95466,0
175731,0
55390,0
127262,0
14004,0
64172,0
164317,0
149391,0
7348,0
174325,0
23398,0
154730,0
6464,0
186907,0
43015,0
48487,0
96034,0
82130,0
28935,0
42925,0
91283,0
4274,0
64228,0
107315,0
14443,0
138409,0
58521,0
180055,0
56600,0
32774,0
192304,0
137505,0
125040,0
14231,0
94331,0
51384,0
117969,0
157926,0
170496,0
94953,0
27011,0
52935,0
37849,0
135216,0
164411,0
82128,0
84698,0
64728,0
49920,0
111664,0
88418,0
2759,0
74946,0
69889,0
75334,0
69207,0
10095,0
67400,0
157610,0
195624,0
23323,0
195592,0
121144,0
91886,0
152895,0
102721,0
78120,0
96307,0
148568,0
184061,0
186810,0
87549,0
89992,0
198651,0
46761,0
75321,0
195986,0
151407,0
116850,0
82182,0
68400,0
160720,0
39030,0
91065,0
181443,0
128380,0
155556,0
194212,0
159608,0
15438,0
66250,0
185664,0
105597,0
150060,0
93599,0
106538,0
185405,0
129563,0
70102,0
48587,0
197711,0
43458,0
54653,0
194290,0
157056,0
17036,0
170015,0
149463,0
690,0
188044,0
164500,0
46810,0
77104,0
104117,0
195681,0
46672,0
154920,0
114551,0
112547,0
24886,0
30759,0
134455,0
164953,0
195621,0
114747,0
19678,0
24564,0
98866,0
92697,0
51216,0
106339,0
183814,0
164085,0
196501,0
112819,0
68766,0
77457,0
25368,0
151334,0
180626,0
196140,0
92601,0
76730,0
99414,0
141978,0
112969,0
145294,0
121064,0
133960,0
95518,0
176665,0
104378,0
18296,0
33863,0
76180,0
157251,0
121818,0
111040,0
94710,0
165672,0
178619,0
170873,0
135453,0
117232,0
15541,0
17756,0
119989,0
105567,0
121689,0
7226,0
36778,0
134741,0
31123,0
7167,0
27045,0
124276,0
127473,0
139761,0
98232,0
38413,0
93183,0
166568,0
74084,0
25788,0
74640,0
136260,0
181554,0
153321,0
169015,0
192564,0
28357,0
43746,0
161077,0
88415,0
179301,0
59771,0
135077,0
190492,0
126109,0
100162,0
160890,0
85769,0
186018,0
54957,0
159860,0
43517,0
188814,0
167161,0
113624,0
13358,0
173724,0
134197,0
181684,0
80026,0
4665,0
192708,0
116306,0
88712,0
147252,0
109805,0
6637,0
4680,0
114011,0
154436,0
84961,0
193012,0
11064,0
190482,0
133776,0
40290,0
145058,0
193342,0
107730,0
79295,0
82316,0
11788,0
161238,0
42497,0
107701,0
8700,0
186556,0
128712,0
123621,0
35007,0
159394,0
180032,0
102900,0
140360,0
94018,0
119658,0
88030,0
11801,0
107711,0
139406,0
193114,0
174944,0
180103,0
161289,0
10184,0
162280,0
181056,0
110742,0
188737,0
129947,0
49008,0
4606,0
39499,0
134005,0
117448,0
49016,0
175491,0
35185,0
188635,0
107075,0
128764,0
110130,0
68963,0
199960,0
112998,0
22474,0
169375,0
93004,0
156218,0
93059,0
42849,0
55645,0
11414,0
165006,0
151635,0
88556,0
44318,0
49591,0
17564,0
3540,0
147031,0
98392,0
171660,0
94636,0
139356,0
152977,0
40840,0
144149,0
168267,0
70353,0
36123,0
123961,0
58671,0
177662,0
140657,0
23458,0
51394,0
169513,0
77469,0
55204,0
46452,0
7360,0
21042,0
91413,0
72222,0
144205,0
132450,0
196365,0
58520,0
73278,0
64364,0
139281,0
6045,0
155999,0
136799,0
167884,0
192764,0
98519,0
189110,0
49847,0
19119,0
112898,0
155370,0
4197,0
67476,0
144974,0
5356,0
126626,0
192110,0
134481,0
198649,0
45938,0
195970,0
172586,0
77233,0
198661,0
161404,0
89763,0
122668,0
96833,0
131019,0
189986,0
158154,0
23002,0
195366,0
159612,0
75493,0
75498,0
48268,0
170789,0
101460,0
19461,0
15885,0
166124,0
56227,0
123177,0
120071,0
14762,0
15811,0
148911,0
14175,0
150094,0
45204,0
5467,0
146614,0
197498,0
167165,0
172858,0
135370,0
163280,0
166341,0
194742,0
129568,0
7078,0
179120,0
42610,0
166590,0
95359,0
153380,0
139543,0
95365,0
116792,0
12856,0
7686,0
143480,0
119231,0
175535,0
187697,0
54791,0
48584,0
159571,0
9038,0
199215,0
12897,0
127274,0
171227,0
193725,0
119296,0
110670,0
146536,0
112332,0
105882,0
101112,0
65489,0
4717,0
176646,0
133183,0
144945,0
134157,0
12357,0
153497,0
135784,0
154145,0
152626,0
34366,0
4706,0
165429,0
2150,0
70599,0
176694,0
23878,0
9369,0
100491,0
15220,0
80649,0
36714,0
93296,0
25350,0
80567,0
193387,0
172087,0
146496,0
43557,0
133970,0
20131,0
135811,0
151907,0
176593,0
160879,0
103815,0
174873,0
41557,0
88089,0
90964,0
111903,0
130652,0
72160,0
61217,0
1814,0
86402,0
51455,0
61411,0
129546,0
87648,0
146125,0
146179,0
42715,0
3019,0
170116,0
191204,0
71598,0
146139,0
42725,0
138598,0
191240,0
190774,0
181089,0
86086,0
138975,0
192993,0
36344,0
142609,0
113332,0
147233,0
175154,0
62825,0
64898,0
52160,0
9527,0
49105,0
63901,0
1732,0
151578,0
143630,0
132081,0
105890,0
36862,0
99676,0
49021,0
74455,0
93931,0
182353,0
195770,0
67279,0
70186,0
137566,0
167671,0
78558,0
171297,0
161713,0
102768,0
170638,0
197969,0
99075,0
53368,0
67121,0
93988,0
128680,0
35356,0
108543,0
74300,0
53173,0
131297,0
179571,0
125474,0
59715,0
166826,0
95756,0
121749,0
37264,0
118395,0
176179,0
194560,0
65870,0
107885,0
197475,0
41347,0
57466,0
165473,0
89294,0
134367,0
76014,0
78752,0
23277,0
84112,0
5657,0
42069,0
120963,0
167720,0
21341,0
156927,0
128475,0
57845,0
48775,0
154629,0
15849,0
79252,0
122189,0
141561,0
20451,0
59487,0
185751,0
109105,0
179051,0
102243,0
23053,0
121639,0
58990,0
127999,0
163290,0
148029,0
47184,0
5803,0
194934,0
128789,0
81869,0
169165,0
91542,0
58687,0
54805,0
124371,0
138466,0
7635,0
149608,0
109864,0
136153,0
123535,0
2130,0
143916,0
199030,0
109815,0
28242,0
60613,0
160940,0
151371,0
37649,0
32639,0
172525,0
87486,0
7213,0
72326,0
46295,0
94823,0
19085,0
116917,0
61810,0
54512,0
60975,0
160550,0
117237,0
169303,0
33472,0
96510,0
122963,0
118789,0
15674,0
85562,0
39479,0
135255,0
153015,0
73439,0
122684,0
97088,0
122677,0
39327,0
100113,0
141114,0
136791,0
156025,0
6836,0
95785,0
101826,0
24960,0
46666,0
40337,0
163671,0
16991,0
94313,0
18116,0
73395,0
50392,0
107488,0
28231,0
117449,0
141035,0
167877,0
8424,0
46032,0
60510,0
139276,0
192818,0
189650,0
149440,0
4834,0
107416,0
21454,0
59181,0
21320,0
142078,0
149828,0
184161,0
121056,0
59064,0
123597,0
118571,0
98712,0
14064,0
1052,0
142440,0
196609,0
197152,0
47196,0
183953,0
118650,0
58666,0
15701,0
52379,0
58663,0
2808,0
5004,0
49070,0
125946,0
99779,0
97345,0
147185,0
144855,0
193112,0
188230,0
140307,0
186679,0
21652,0
192605,0
28171,0
119570,0
50035,0
192209,0
122754,0
91397,0
146723,0
187995,0
145064,0
199514,0
37891,0
50983,0
43316,0
117059,0
54634,0
28792,0
94620,0
60784,0
181564,0
190506,0
192075,0
50904,0
125272,0
13778,0
147300,0
189035,0
99309,0
183028,0
139714,0
92271,0
26937,0
144927,0
182838,0
1487,0
185334,0
194440,0
53210,0
16815,0
56928,0
185457,0
194274,0
188995,0
3691,0
94914,0
193559,0
117858,0
4615,0
39088,0
99731,0
185881,0
140195,0
148984,0
145844,0
92168,0
190166,0
38993,0
120810,0
21596,0
159993,0
109035,0
33286,0
66977,0
78240,0
71042,0
5973,0
83950,0
130439,0
163289,0
177485,0
73983,0
152280,0
133196,0
172696,0
34451,0
87217,0
153138,0
112640,0
88421,0
90341,0
159021,0
161940,0
152919,0
172306,0
172303,0
104605,0
135706,0
172467,0
17045,0
107617,0
11027,0
132575,0
17987,0
135764,0
105179,0
85603,0
70136,0
82215,0
164184,0
10821,0
77549,0
64007,0
111478,0
157839,0
74192,0
61529,0
160211,0
77681,0
37333,0
11945,0
77334,0
32864,0
113001,0
171593,0
130207,0
6923,0
174171,0
113053,0
71574,0
175862,0
65889,0
161183,0
11422,0
11425,0
164017,0
150666,0
62465,0
168166,0
109013,0
34142,0
72594,0
61756,0
72327,0
66475,0
6514,0
104329,0
8556,0
78873,0
176461,0
158598,0
65283,0
156723,0
69385,0
33878,0
9099,0
25129,0
80643,0
177248,0
158766,0
82642,0
155541,0
179305,0
169472,0
90614,0
9289,0
139577,0
14431,0
107378,0
81952,0
57071,0
152715,0
181414,0
23406,0
65170,0
128229,0
124582,0
177818,0
195674,0
71567,0
38475,0
36239,0
78,0
125799,0
105571,0
194185,0
63952,0
43329,0
185404,0
181352,0
72378,0
188904,0
156868,0
129828,0
183460,0
107398,0
68722,0
7487,0
72997,0
50960,0
46577,0
166455,0
7284,0
22478,0
137322,0
164374,0
160293,0
2870,0
108488,0
115558,0
177780,0
51708,0
175088,0
57354,0
194684,0
111613,0
181474,0
89272,0
186858,0
1433,0
113903,0
123108,0
107245,0
20992,0
64664,0
109180,0
194765,0
64915,0
156651,0
76301,0
10500,0
180300,0
143526,0
29846,0
120338,0
177325,0
111822,0
151586,0
12539,0
76445,0
23507,0
92708,0
140362,0
32663,0
10572,0
20262,0
165987,0
164986,0
195453,0
160730,0
1234,0
193973,0
117970,0
193520,0
71791,0
180634,0
88506,0
139075,0
125456,0
67151,0
193595,0
97529,0
165246,0
72601,0
13122,0
177584,0
142372,0
6958,0
147250,0
189773,0
59656,0
124458,0
133091,0
183093,0
182543,0
117453,0
78008,0
37397,0
124941,0
23336,0
893,0
146588,0
19856,0
27595,0
11203,0
63649,0
159951,0
79863,0
46074,0
39489,0
137581,0
52857,0
137182,0
153290,0
37770,0
122541,0
119033,0
2033,0
78353,0
7642,0
120892,0
66335,0
126263,0
173767,0
171346,0
178726,0
133806,0
71057,0
144251,0
25127,0
8420,0
53785,0
163769,0
111354,0
164040,0
3367,0
52775,0
179491,0
178326,0
158532,0
116566,0
91199,0
52502,0
12910,0
73567,0
182599,0
35310,0
3285,0
44788,0
90584,0
1961,0
129023,0
146527,0
54895,0
69259,0
5084,0
86641,0
150539,0
63011,0
14246,0
127267,0
152300,0
130890,0
168574,0
167824,0
126982,0
129222,0
66406,0
15690,0
16721,0
75921,0
52570,0
177111,0
52592,0
15440,0
165707,0
87677,0
84226,0
13085,0
22280,0
137959,0
112522,0
149070,0
79250,0
20636,0
154479,0
153412,0
14507,0
57682,0
43375,0
75503,0
126778,0
158851,0
65342,0
23126,0
55777,0
13032,0
4049,0
179431,0
141478,0
125401,0
194634,0
51288,0
179591,0
24408,0
86883,0
194589,0
149099,0
115600,0
113309,0
131724,0
13632,0
191326,0
35956,0
119325,0
111716,0
165895,0
171384,0
79693,0
52539,0
132460,0
161351,0
154782,0
174155,0
46850,0
195814,0
39469,0
77133,0
46119,0
195756,0
46066,0
92695,0
157624,0
164774,0
164785,0
114455,0
123404,0
13884,0
145682,0
121441,0
112917,0
154862,0
127576,0
33497,0
179995,0
178192,0
183392,0
183454,0
7907,0
39447,0
44077,0
13935,0
29882,0
154902,0
82168,0
179943,0
121288,0
161203,0
78832,0
108217,0
37528,0
184131,0
132716,0
90042,0
15501,0
129755,0
64723,0
68210,0
134416,0
23594,0
146616,0
121769,0
99352,0
119374,0
98202,0
47602,0
141759,0
21507,0
83035,0
108038,0
151415,0
9485,0
110437,0
28575,0
117013,0
43773,0
184011,0
178744,0
23190,0
103206,0
114394,0
154404,0
60685,0
165241,0
177489,0
35021,0
26338,0
197086,0
98424,0
26740,0
182310,0
39003,0
199646,0
50802,0
73960,0
89208,0
3889,0
72632,0
56224,0
181026,0
144006,0
49264,0
147221,0
85689,0
122807,0
43273,0
61665,0
151992,0
30312,0
167047,0
41136,0
139271,0
131110,0
56728,0
75198,0
97497,0
10739,0
156767,0
166655,0
3905,0
97112,0
26490,0
149681,0
55879,0
147520,0
160124,0
156506,0
147581,0
88927,0
138622,0
131532,0
199871,0
74667,0
122885,0
180856,0
155760,0
74276,0
43300,0
88869,0
87428,0
186207,0
1811,0
133819,0
11962,0
181246,0
188907,0
84930,0
2026,0
160199,0
135113,0
185516,0
152220,0
49514,0
186138,0
122850,0
177412,0
84703,0
121101,0
165052,0
87220,0
112669,0
112335,0
145540,0
63151,0
19683,0
102623,0
63384,0
67663,0
148215,0
47674,0
86365,0
45536,0
76684,0
159486,0
133497,0
92823,0
41587,0
17376,0
58272,0
39445,0
38575,0
125585,0
163055,0
174999,0
157419,0
4241,0
64788,0
72810,0
163184,0
193510,0
172693,0
19568,0
17840,0
186930,0
80455,0
22416,0
128171,0
141837,0
189156,0
38430,0
182882,0
3360,0
174096,0
941,0
87110,0
13947,0
161616,0
151130,0
64146,0
113483,0
88173,0
46,0
62330,0
86657,0
170676,0
12577,0
29469,0
8786,0
176067,0
77586,0
24978,0
192074,0
43021,0
154858,0
164069,0
5723,0
54443,0
8752,0
106907,0
72,0
181828,0
55141,0
137508,0
144355,0
95872,0
102552,0
158119,0
181699,0
30666,0
181697,0
27117,0
101250,0
37228,0
71065,0
5631,0
170836,0
129903,0
120418,0
148427,0
47135,0
102246,0
29094,0
138766,0
176213,0
54345,0
83669,0
116938,0
15939,0
123293,0
126587,0
85122,0
146861,0
2463,0
190197,0
149330,0
127408,0
19096,0
83716,0
24507,0
7837,0
94162,0
151045,0
13378,0
53984,0
172240,0
20308,0
174770,0
36402,0
22266,0
84681,0
85339,0
168105,0
80986,0
174645,0
162209,0
80721,0
13033,0
57816,0
140877,0
60935,0
36250,0
70530,0
158787,0
176898,0
24071,0
1973,0
166411,0
2856,0
48491,0
23151,0
121927,0
148004,0
6077,0
150606,0
135475,0
81824,0
19638,0
75491,0
4705,0
10098,0
147487,0
142972,0
162512,0
179655,0
20115,0
24567,0
124171,0
194063,0
10746,0
138864,0
62901,0
148076,0
52607,0
145478,0
21059,0
168188,0
100281,0
182460,0
65634,0
109541,0
87524,0
110898,0
144644,0
21986,0
114883,0
143385,0
41361,0
186675,0
65189,0
15464,0
46938,0
2787,0
137834,0
100879,0
129572,0
126586,0
94318,0
178590,0
69007,0
113471,0
169232,0
197694,0
619,0
42387,0
66932,0
54364,0
80313,0
181731,0
105398,0
125711,0
15827,0
11273,0
177909,0
153498,0
173558,0
105194,0
70515,0
78124,0
127165,0
125393,0
44658,0
68613,0
111535,0
178568,0
131323,0
49327,0
148698,0
113936,0
18877,0
36572,0
85549,0
93191,0
63807,0
61335,0
1029,0
189406,0
16431,0
33435,0
187188,0
197890,0
129012,0
143829,0
129849,0
161485,0
102426,0
108350,0
121337,0
53128,0
15110,0
170538,0
18196,0
77595,0
32404,0
28066,0
153108,0
151776,0
173164,0
109762,0
108227,0
81329,0
123733,0
199684,0
119584,0
143204,0
175871,0
125073,0
73690,0
141982,0
25512,0
11944,0
79921,0
127646,0
156080,0
77837,0
20222,0
33060,0
180503,0
25636,0
93685,0
148566,0
14201,0
21402,0
153537,0
36771,0
10323,0
45127,0
106526,0
152351,0
111148,0
76410,0
81906,0
26862,0
122872,0
36930,0
144459,0
89271,0
132868,0
141876,0
24559,0
199214,0
164788,0
193546,0
107865,0
143468,0
93816,0
120715,0
124904,0
165191,0
11154,0
153346,0
137557,0
192747,0
23506,0
93330,0
109280,0
188479,0
173716,0
126258,0
182108,0
41484,0
52505,0
38614,0
26462,0
122232,0
89677,0
139055,0
94586,0
179036,0
116712,0
141402,0
97603,0
101934,0
171381,0
180302,0
134383,0
103995,0
173412,0
56337,0
16689,0
14690,0
73927,0
108824,0
106806,0
121043,0
140105,0
194812,0
126608,0
119866,0
30432,0
94272,0
58388,0
26234,0
56717,0
172915,0
107556,0
31586,0
42181,0
456,0
48056,0
161837,0
67154,0
5250,0
159419,0
181192,0
9885,0
127206,0
29672,0
177016,0
18312,0
195578,0
71004,0
45132,0
127740,0
53317,0
25629,0
111171,0
154643,0
9201,0
80812,0
99231,0
174307,0
23679,0
92224,0
66536,0
37266,0
119070,0
123997,0
63232,0
182828,0
121156,0
160171,0
38980,0
153232,0
33447,0
39168,0
135122,0
198553,0
143832,0
86804,0
8636,0
18994,0
164132,0
74215,0
185747,0
33119,0
103421,0
54744,0
61235,0
59727,0
185748,0
52034,0
81409,0
73490,0
146602,0
118947,0
198319,0
106449,0
192523,0
144071,0
149790,0
168199,0
154628,0
138854,0
52969,0
155871,0
175441,0
42346,0
30001,0
20148,0
27573,0
14518,0
73673,0
23391,0
162362,0
146485,0
170964,0
28772,0
150626,0
53845,0
60184,0
129252,0
29961,0
158326,0
167643,0
81439,0
171334,0
40778,0
68339,0
145393,0
179600,0
137571,0
28859,0
118926,0
141861,0
2716,0
162397,0
34491,0
183018,0
147547,0
138902,0
185878,0
95108,0
155865,0
162343,0
154382,0
8423,0
6554,0
21113,0
158003,0
136182,0
143269,0
196280,0
141097,0
144809,0
84205,0
87121,0
195769,0
23155,0
142977,0
142976,0
193399,0
189093,0
18846,0
125699,0
131377,0
123144,0
76178,0
116957,0
33640,0
165746,0
190629,0
138767,0
77140,0
145062,0
194515,0
51206,0
20944,0
195839,0
75949,0
172935,0
47900,0
124130,0
84677,0
77071,0
181747,0
91727,0
98076,0
75241,0
119630,0
1144,0
98369,0
13481,0
88426,0
1215,0
88367,0
18669,0
22759,0
130758,0
71753,0
104244,0
143551,0
177414,0
76536,0
18499,0
117854,0
30586,0
156504,0
181199,0
181195,0
98499,0
187023,0
31790,0
61953,0
177750,0
7414,0
10435,0
68925,0
57125,0
56027,0
47574,0
184192,0
98428,0
109836,0
198889,0
174266,0
105376,0
151395,0
16835,0
112854,0
60889,0
174097,0
178091,0
169268,0
100605,0
20363,0
110765,0
128080,0
40587,0
27682,0
102509,0
9631,0
156941,0
13439,0
178174,0
147094,0
15396,0
66054,0
143273,0
128059,0
28687,0
20759,0
170476,0
48415,0
112940,0
55176,0
186496,0
20958,0
4369,0
166153,0
128785,0
147120,0
131722,0
76345,0
69345,0
36752,0
191324,0
163028,0
100231,0
84340,0
127139,0
189745,0
3576,0
173452,0
43283,0
131634,0
14969,0
195063,0
189593,0
134997,0
61412,0
67355,0
172883,0
94576,0
63177,0
95721,0
86209,0
53562,0
173382,0
123830,0
20410,0
143131,0
109262,0
195195,0
89466,0
181429,0
80542,0
192428,0
5079,0
133117,0
87534,0
79310,0
107692,0
144864,0
32066,0
129143,0
93209,0
133072,0
115914,0
19473,0
8514,0
120887,0
47610,0
176692,0
182692,0
108842,0
68378,0
10874,0
150607,0
132845,0
182606,0
199543,0
155204,0
17379,0
109014,0
68982,0
65673,0
191605,0
16411,0
171344,0
176629,0
150557,0
4604,0
160823,0
118276,0
67442,0
8238,0
177144,0
40903,0
48703,0
165618,0
182620,0
22039,0
199379,0
96325,0
192828,0
148983,0
64809,0
88833,0
1369,0
81519,0
21516,0
86834,0
139630,0
39786,0
88859,0
199308,0
174662,0
179401,0
16061,0
80670,0
49777,0
130676,0
142948,0
168329,0
135340,0
75097,0
45330,0
197524,0
23730,0
96705,0
54383,0
102560,0
56781,0
19015,0
20857,0
151192,0
111547,0
183656,0
195848,0
54478,0
7956,0
123301,0
42954,0
170267,0
132188,0
122379,0
183055,0
180108,0
41977,0
64321,0
78134,0
87127,0
187388,0
180128,0
153043,0
62356,0
163531,0
67749,0
24460,0
33398,0
46151,0
127484,0
139450,0
137215,0
135094,0
142285,0
53105,0
131300,0
49386,0
181136,0
139957,0
136539,0
145613,0
199429,0
171604,0
152204,0
89995,0
118648,0
170603,0
61565,0
77762,0
36360,0
137507,0
106362,0
1055,0
189440,0
71477,0
161620,0
160194,0
84926,0
183214,0
163842,0
24491,0
2773,0
143651,0
101058,0
181676,0
141337,0
19554,0
38294,0
161079,0
195409,0
68132,0
124326,0
163397,0
98485,0
33,0
7334,0
30081,0
88820,0
5002,0
84836,0
51753,0
177804,0
116166,0
93840,0
165000,0
167127,0
27291,0
126008,0
1874,0
26001,0
173783,0
38560,0
170181,0
83581,0
142755,0
163094,0
22488,0
183991,0
11301,0
123504,0
71195,0
123040,0
153082,0
11685,0
16767,0
67302,0
96548,0
89543,0
168252,0
90362,0
76757,0
170348,0
45530,0
52247,0
48301,0
57184,0
68440,0
115176,0
74234,0
550,0
127567,0
165227,0
38762,0
3657,0
41034,0
127587,0
63336,0
11827,0
124505,0
173717,0
88694,0
71401,0
136521,0
176816,0
5438,0
98732,0
96011,0
40147,0
56976,0
84940,0
22127,0
164495,0
47359,0
183268,0
26964,0
139218,0
108419,0
157742,0
173920,0
178743,0
83676,0
152085,0
192984,0
173618,0
8838,0
167230,0
31788,0
156679,0
158185,0
96926,0
162926,0
19644,0
124369,0
119091,0
31889,0
76991,0
175673,0
9849,0
26074,0
104437,0
58048,0
19776,0
45800,0
117490,0
103268,0
29479,0
88462,0
78173,0
191108,0
38239,0
31372,0
142552,0
114622,0
169210,0
163818,0
22084,0
128548,0
38610,0
179303,0
194513,0
9748,0
145068,0
55273,0
145429,0
20183,0
105657,0
19545,0
83658,0
6439,0
194541,0
186316,0
109189,0
125916,0
84668,0
5498,0
33920,0
101210,0
118613,0
194665,0
84629,0
96644,0
125282,0
13840,0
118011,0
38265,0
93818,0
185917,0
110797,0
180659,0
106943,0
110648,0
17084,0
159362,0
116418,0
91943,0
135887,0
120616,0
42377,0
113382,0
189092,0
135951,0
140514,0
53354,0
199044,0
10676,0
32511,0
14718,0
27345,0
181359,0
162074,0
60538,0
113713,0
90859,0
133737,0
3075,0
495,0
54304,0
53760,0
16121,0
32761,0
198934,0
120164,0
28566,0
80232,0
146011,0
172371,0
102397,0
79899,0
81276,0
23527,0
79449,0
137399,0
188541,0
91792,0
110724,0
120510,0
95572,0
100759,0
87308,0
54482,0
70287,0
125685,0
89944,0
28973,0
74884,0
113009,0
39593,0
106890,0
173597,0
123305,0
164244,0
39903,0
10876,0
40600,0
162699,0
12193,0
92412,0
98887,0
195748,0
5274,0
185141,0
168332,0
113439,0
159643,0
149080,0
30261,0
187952,0
159172,0
145842,0
76944,0
48919,0
87861,0
139508,0
86396,0
69165,0
126783,0
11396,0
24747,0
88023,0
39519,0
193655,0
110398,0
85994,0
171819,0
151176,0
48405,0
94396,0
15365,0
121418,0
32627,0
127584,0
115904,0
17110,0
146350,0
199475,0
54833,0
118760,0
179685,0
86459,0
101158,0
89429,0
178107,0
123567,0
37489,0
30466,0
40359,0
121382,0
136193,0
110746,0
196150,0
181292,0
55218,0
140452,0
38431,0
1043,0
34644,0
110563,0
32,0
164265,0
121487,0
113871,0
134101,0
106249,0
186535,0
70227,0
147173,0
133358,0
174968,0
164091,0
163083,0
7080,0
100618,0
119087,0
125853,0
100617,0
90090,0
112823,0
198179,0
91097,0
65423,0
157813,0
113276,0
112921,0
118052,0
54841,0
162045,0
55270,0
136513,0
159251,0
131620,0
124885,0
8622,0
60486,0
140455,0
89440,0
16186,0
77881,0
154240,0
30661,0
104984,0
86253,0
186895,0
29338,0
8807,0
47423,0
187907,0
135526,0
171537,0
149747,0
186908,0
163472,0
14589,0
55453,0
188581,0
165206,0
124632,0
87022,0
28095,0
167148,0
189462,0
27794,0
97070,0
98066,0
66619,0
76888,0
132003,0
80726,0
186863,0
175482,0
167359,0
97374,0
162247,0
115330,0
191072,0
11755,0
49328,0
160959,0
146641,0
49311,0
93923,0
165697,0
102886,0
50014,0
149732,0
39194,0
37714,0
101902,0
93485,0
178702,0
113643,0
56054,0
51368,0
126843,0
60704,0
88871,0
139021,0
15172,0
121662,0
81172,0
11724,0
94301,0
163121,0
72190,0
101839,0
185986,0
177680,0
162496,0
94506,0
9184,0
181444,0
28379,0
138540,0
2866,0
36399,0
57756,0
82034,0
66667,0
123257,0
39873,0
134509,0
90161,0
65214,0
82449,0
162112,0
170146,0
143637,0
119953,0
194646,0
108018,0
121657,0
100646,0
83026,0
136727,0
189768,0
187325,0
197041,0
71036,0
193966,0
45564,0
40203,0
48885,0
90026,0
104854,0
35233,0
80109,0
158113,0
198529,0
129144,0
78302,0
156699,0
125119,0
159282,0
34272,0
43044,0
60131,0
85125,0
179854,0
44567,0
187879,0
17825,0
59624,0
5686,0
104917,0
93417,0
192066,0
38250,0
129119,0
167709,0
90205,0
185167,0
101134,0
156604,0
55037,0
101719,0
91725,0
169072,0
199801,0
188357,0
85662,0
132465,0
196728,0
150273,0
20511,0
86564,0
59569,0
172744,0
143672,0
90315,0
8816,0
127322,0
46188,0
128174,0
74287,0
162943,0
83507,0
54562,0
189965,0
99836,0
68078,0
176155,0
153242,0
70421,0
166907,0
117289,0
59480,0
27348,0
109810,0
115033,0
179753,0
66831,0
193389,0
131359,0
45982,0
36081,0
166125,0
114255,0
121987,0
146563,0
184532,0
1198,0
27767,0
47106,0
144744,0
153827,0
76636,0
189771,0
43799,0
75848,0
24661,0
42226,0
136018,0
64437,0
133985,0
17531,0
184745,0
100705,0
14349,0
171130,0
14221,0
27906,0
11582,0
66393,0
130600,0
156966,0
51793,0
95393,0
176941,0
323,0
54374,0
186723,0
197811,0
2332,0
184171,0
85313,0
156040,0
119747,0
29681,0
142862,0
106104,0
41488,0
84130,0
80657,0
104270,0
23484,0
131885,0
76273,0
156009,0
117095,0
120807,0
177551,0
80481,0
162389,0
40850,0
135167,0
184401,0
107200,0
26808,0
71875,0
83966,0
139773,0
62776,0
36931,0
5437,0
135521,0
112814,0
153974,0
186547,0
159701,0
85163,0
146192,0
143,0
189891,0
88258,0
142508,0
91694,0
105966,0
5177,0
88611,0
97189,0
44083,0
198667,0
12369,0
66297,0
62233,0
61733,0
35132,0
3587,0
60450,0
194129,0
30146,0
78819,0
29948,0
86464,0
170307,0
93606,0
93246,0
77160,0
30399,0
118747,0
157154,0
61745,0
72116,0
35034,0
196806,0
75952,0
85823,0
67623,0
182000,0
87201,0
104808,0
118720,0
86457,0
27216,0
51595,0
24237,0
17608,0
43763,0
22110,0
190217,0
124453,0
67416,0
101653,0
111672,0
120521,0
9306,0
127886,0
26112,0
23454,0
170437,0
165567,0
45730,0
151518,0
80684,0
76324,0
84041,0
129896,0
9355,0
46559,0
186838,0
116090,0
120353,0
49268,0
11475,0
12941,0
98720,0
67862,0
137429,0
95345,0
36695,0
65617,0
157172,0
169752,0
178245,0
158214,0
76567,0
151891,0
67647,0
38406,0
38491,0
2164,0
20723,0
145033,0
57235,0
81835,0
13607,0
123381,0
187114,0
91651,0
8297,0
28971,0
41332,0
71178,0
126777,0
72727,0
123786,0
148488,0
94341,0
53614,0
124497,0
28446,0
98579,0
97855,0
5851,0
98631,0
4798,0
137831,0
131652,0
102489,0
135637,0
147096,0
122895,0
24591,0
18420,0
98786,0
143198,0
108995,0
7847,0
183106,0
83245,0
186686,0
20662,0
15936,0
58393,0
193885,0
171883,0
183934,0
68989,0
41617,0
81173,0
62213,0
178097,0
25631,0
50961,0
33574,0
47177,0
27743,0
107446,0
147106,0
149694,0
133265,0
186527,0
161206,0
38735,0
53290,0
183584,0
161689,0
186644,0
140851,0
129072,0
32667,0
83595,0
139939,0
39651,0
98188,0
6583,0
50100,0
66493,0
70774,0
45198,0
134194,0
22408,0
29059,0
20801,0
73362,0
66746,0
74051,0
81569,0
37842,0
153330,0
99448,0
121059,0
86992,0
61409,0
32139,0
44764,0
159982,0
13543,0
155953,0
155816,0
197586,0
66855,0
153437,0
35371,0
14222,0
5599,0
102627,0
40139,0
137075,0
110955,0
40978,0
135225,0
175723,0
86916,0
167626,0
56802,0
118987,0
179143,0
62593,0
19090,0
10763,0
59630,0
53750,0
134242,0
197836,0
149915,0
192878,0
89129,0
185872,0
168454,0
130961,0
44755,0
52915,0
87580,0
42122,0
146122,0
13759,0
66444,0
72884,0
75288,0
173510,0
196779,0
29588,0
151529,0
194618,0
52781,0
8127,0
108221,0
88471,0
149277,0
183647,0
149392,0
161886,0
163584,0
126744,0
158887,0
111054,0
183659,0
152558,0
44479,0
95285,0
122719,0
158480,0
156536,0
18293,0
23528,0
78933,0
106759,0
30271,0
163160,0
19569,0
62289,0
72127,0
161014,0
15203,0
127234,0
108007,0
132288,0
42798,0
124864,0
139503,0
56531,0
14498,0
747,0
27602,0
83616,0
53206,0
11697,0
140300,0
129581,0
177205,0
38383,0
175754,0
195972,0
82728,0
147784,0
47785,0
97982,0
91086,0
4723,0
21186,0
174982,0
198416,0
115874,0
95956,0
41432,0
102678,0
167062,0
51211,0
115548,0
135037,0
64645,0
131406,0
32579,0
129601,0
73545,0
165261,0
182348,0
65834,0
47828,0
44210,0
52069,0
153665,0
53993,0
7432,0
84484,0
41764,0
114471,0
115549,0
129320,0
41974,0
122404,0
154985,0
166224,0
118264,0
149688,0
112693,0
131183,0
101899,0
56070,0
9503,0
89590,0
149745,0
25953,0
32354,0
111306,0
183052,0
30763,0
148844,0
106637,0
26307,0
51797,0
148006,0
106136,0
104936,0
22339,0
1006,0
1966,0
57342,0
86389,0
53386,0
126613,0
132129,0
69004,0
36012,0
15241,0
141767,0
2394,0
69450,0
26002,0
68804,0
65041,0
193942,0
49806,0
35326,0
66402,0
151259,0
13102,0
162430,0
20515,0
147373,0
134378,0
17503,0
110468,0
106835,0
75098,0
79189,0
117993,0
41700,0
91096,0
143477,0
75032,0
146470,0
127873,0
67099,0
63555,0
171138,0
328,0
164616,0
163241,0
140763,0
137305,0
59791,0
119881,0
21409,0
23669,0
78163,0
162078,0
105993,0
90222,0
45872,0
175550,0
30449,0
25366,0
145855,0
72273,0
8749,0
142332,0
142752,0
29396,0
86386,0
163192,0
157834,0
157238,0
36024,0
51639,0
169158,0
89578,0
89343,0
64490,0
126030,0
29177,0
119315,0
4558,0
62527,0
118444,0
11336,0
14953,0
49502,0
177573,0
152234,0
78760,0
135702,0
58327,0
68849,0
70094,0
110233,0
55584,0
151810,0
134715,0
35549,0
151575,0
184106,0
105373,0
127281,0
77717,0
105799,0
32185,0
164357,0
44164,0
151628,0
46440,0
32158,0
196145,0
165938,0
45227,0
165817,0
48765,0
112535,0
198542,0
54871,0
143505,0
165930,0
149251,0
150431,0
147311,0
83961,0
33156,0
198960,0
179132,0
24386,0
146617,0
92783,0
51950,0
995,0
126855,0
179969,0
116865,0
90952,0
161512,0
38436,0
80154,0
55097,0
116451,0
64150,0
127679,0
147081,0
181669,0
94918,0
163545,0
123016,0
157691,0
86415,0
168731,0
131136,0
89664,0
101904,0
175699,0
43341,0
31022,0
179573,0
51805,0
95066,0
27905,0
177365,0
161720,0
9573,0
152997,0
171120,0
7493,0
76341,0
42386,0
187493,0
120173,0
178618,0
103236,0
183882,0
158176,0
176982,0
138595,0
139182,0
169778,0
152807,0
112525,0
58157,0
81557,0
189799,0
118966,0
28542,0
183789,0
82775,0
174214,0
15239,0
54948,0
122030,0
39576,0
120331,0
189528,0
134904,0
59946,0
17307,0
152898,0
186224,0
12173,0
11246,0
75664,0
74319,0
179764,0
23823,0
65980,0
20244,0
70722,0
99696,0
105858,0
192546,0
142901,0
111563,0
2348,0
68765,0
144179,0
54541,0
40742,0
146238,0
23587,0
164961,0
91018,0
172694,0
23234,0
121248,0
184786,0
56277,0
164477,0
78549,0
182559,0
120189,0
10482,0
152993,0
103230,0
155768,0
194854,0
43665,0
95613,0
162136,0
174415,0
86658,0
44835,0
103639,0
18198,0
5345,0
178017,0
197878,0
124745,0
130634,0
74744,0
47183,0
10308,0
14052,0
180912,0
145603,0
65845,0
191282,0
101881,0
107397,0
161631,0
89108,0
27587,0
77977,0
157524,0
102584,0
150228,0
139506,0
39112,0
72847,0
73072,0
181027,0
196597,0
63624,0
147742,0
113034,0
166972,0
74713,0
43822,0
53867,0
102606,0
151615,0
51967,0
93783,0
168306,0
153653,0
189814,0
183450,0
174107,0
80337,0
65048,0
29857,0
118539,0
133672,0
110257,0
162578,0
133001,0
172660,0
193984,0
114321,0
88329,0
142599,0
159316,0
37929,0
195741,0
89514,0
25592,0
123552,0
111099,0
159597,0
174251,0
118523,0
195445,0
183508,0
133401,0
56643,0
98586,0
133389,0
34630,0
43443,0
83558,0
71469,0
70093,0
147548,0
127621,0
183668,0
107890,0
53879,0
91451,0
6883,0
5184,0
161408,0
34108,0
195895,0
175654,0
187003,0
156089,0
91095,0
148041,0
94724,0
183732,0
48604,0
7482,0
19685,0
169517,0
157508,0
180133,0
85847,0
33526,0
153117,0
15436,0
119610,0
151206,0
131590,0
124138,0
135868,0
81564,0
120245,0
173564,0
132229,0
153332,0
15242,0
129008,0
122470,0
106708,0
28754,0
153989,0
167028,0
42062,0
106148,0
193978,0
118331,0
99278,0
154750,0
59488,0
129584,0
138282,0
49456,0
14474,0
191929,0
11207,0
8524,0
154764,0
196769,0
44505,0
145196,0
69100,0
198544,0
153949,0
79253,0
80740,0
4676,0
87841,0
64660,0
94147,0
85772,0
34696,0
74833,0
174561,0
118314,0
70879,0
195186,0
96835,0
23163,0
40321,0
7245,0
99326,0
74248,0
26456,0
61951,0
141500,0
182868,0
123698,0
128275,0
191075,0
92921,0
160289,0
82399,0
178757,0
124439,0
124664,0
52767,0
160265,0
43052,0
29299,0
175147,0
44415,0
117760,0
176143,0
140704,0
160324,0
113188,0
100660,0
93536,0
197099,0
163551,0
34288,0
3342,0
137194,0
29567,0
178841,0
15164,0
180727,0
73027,0
69892,0
29601,0
139046,0
196890,0
116253,0
56100,0
64874,0
198362,0
74125,0
183156,0
12209,0
80478,0
6274,0
156694,0
152253,0
70859,0
168577,0
124975,0
151886,0
26798,0
34971,0
110382,0
13356,0
58976,0
197368,0
161545,0
2690,0
28590,0
95798,0
28219,0
177092,0
55618,0
170033,0
28646,0
153937,0
4544,0
109309,0
110292,0
98308,0
139472,0
37254,0
168224,0
196253,0
151521,0
153282,0
40271,0
138143,0
157325,0
118172,0
197419,0
142009,0
162670,0
19548,0
43336,0
93181,0
123451,0
28180,0
134993,0
56123,0
106543,0
31532,0
180669,0
150381,0
88824,0
83199,0
123443,0
148108,0
73623,0
33818,0
131383,0
86198,0
16258,0
115337,0
43196,0
65525,0
145594,0
188667,0
90219,0
70483,0
39995,0
100657,0
196157,0
162534,0
97342,0
162408,0
17765,0
76566,0
176897,0
106219,0
196972,0
34160,0
29388,0
153027,0
106690,0
70994,0
196982,0
113993,0
138889,0
7141,0
128855,0
100413,0
166196,0
115841,0
120395,0
33844,0
192771,0
118259,0
148865,0
88985,0
86814,0
125371,0
20961,0
124768,0
78025,0
123460,0
190896,0
136897,0
122393,0
131090,0
62393,0
59765,0
162178,0
173472,0
110709,0
111419,0
25867,0
239,0
82091,0
196946,0
50507,0
43917,0
131677,0
83053,0
83836,0
35879,0
83960,0
120192,0
22621,0
193119,0
41524,0
135625,0
135536,0
114143,0
27471,0
6063,0
22884,0
49651,0
189655,0
63674,0
174547,0
181495,0
25431,0
46216,0
98846,0
132873,0
55938,0
63188,0
138394,0
188430,0
1200,0
91023,0
141482,0
144165,0
50254,0
179012,0
41622,0
55958,0
108460,0
124073,0
11686,0
97549,0
42694,0
179707,0
135133,0
181587,0
68953,0
157778,0
127852,0
192604,0
147941,0
7867,0
111874,0
163763,0
156838,0
24991,0
80704,0
28717,0
181877,0
96316,0
150766,0
64057,0
116074,0
39790,0
99659,0
16677,0
85780,0
99045,0
164562,0
1192,0
185219,0
115455,0
148791,0
81799,0
114871,0
171411,0
46785,0
142812,0
133728,0
152200,0
192297,0
177050,0
132413,0
176408,0
60012,0
110767,0
16610,0
13021,0
115762,0
127230,0
198432,0
175911,0
131103,0
104653,0
36505,0
139653,0
43601,0
111195,0
152903,0
121635,0
100204,0
194803,0
186805,0
106807,0
9511,0
172013,0
55361,0
7343,0
59899,0
67310,0
23807,0
199950,0
154462,0
149612,0
167949,0
67545,0
65057,0
1260,0
4290,0
120039,0
9370,0
126635,0
48138,0
162284,0
140582,0
172124,0
42564,0
172539,0
69897,0
47971,0
157038,0
80578,0
191124,0
85312,0
131098,0
184564,0
37949,0
41462,0
121648,0
34003,0
21576,0
11538,0
154497,0
169504,0
89745,0
45030,0
43532,0
62009,0
162273,0
20314,0
41630,0
97061,0
94181,0
165415,0
157379,0
10925,0
65036,0
1252,0
52814,0
98309,0
99573,0
89720,0
50972,0
80077,0
12448,0
198130,0
81315,0
62562,0
125780,0
40013,0
5001,0
153770,0
143339,0
88590,0
78584,0
170365,0
69645,0
28996,0
96897,0
132467,0
5149,0
119557,0
26574,0
88275,0
23317,0
153205,0
48420,0
13582,0
44622,0
12290,0
131638,0
143278,0
112314,0
48566,0
75363,0
39754,0
659,0
94036,0
156571,0
83284,0
159800,0
59136,0
88167,0
161386,0
31603,0
27628,0
178135,0
123942,0
54119,0
78726,0
184946,0
40985,0
46480,0
77657,0
13212,0
107938,0
141384,0
62274,0
123354,0
19106,0
124134,0
164177,0
71290,0
188707,0
3603,0
18851,0
71121,0
132812,0
166591,0
153472,0
198207,0
73990,0
13608,0
42334,0
118838,0
111466,0
3364,0
7460,0
53580,0
173207,0
77695,0
117918,0
3981,0
181251,0
52493,0
2043,0
83515,0
74152,0
128973,0
149360,0
35750,0
24641,0
74474,0
185324,0
45812,0
154277,0
78414,0
78214,0
175377,0
117493,0
177901,0
34738,0
158638,0
166289,0
106234,0
181008,0
170762,0
96437,0
151701,0
78993,0
148845,0
95736,0
7658,0
796,0
13047,0
198825,0
133977,0
164751,0
163355,0
84413,0
14630,0
193314,0
90251,0
188259,0
35973,0
189503,0
42023,0
143202,0
136692,0
29003,0
66230,0
190215,0
113956,0
39776,0
2617,0
99249,0
193425,0
45944,0
187624,0
34752,0
43979,0
66117,0
120474,0
26850,0
77106,0
195246,0
144371,0
45668,0
95902,0
58184,0
104668,0
89057,0
171440,0
129256,0
31765,0
66207,0
108327,0
40298,0
199208,0
196925,0
3871,0
160358,0
59513,0
76247,0
11210,0
160225,0
61722,0
141014,0
32351,0
157944,0
26238,0
190924,0
141867,0
71853,0
982,0
140529,0
122626,0
78371,0
125477,0
117104,0
115639,0
131320,0
145460,0
110,0
185032,0
9766,0
22769,0
131234,0
72963,0
50489,0
141844,0
163456,0
53773,0
12716,0
71913,0
143607,0
196593,0
149579,0
72761,0
39207,0
68404,0
115646,0
99139,0
93971,0
133206,0
143836,0
61655,0
68452,0
129871,0
87392,0
59269,0
21487,0
80720,0
47782,0
72679,0
22249,0
175912,0
78652,0
123124,0
1674,0
105307,0
85648,0
89625,0
151959,0
178548,0
29451,0
187323,0
90380,0
139731,0
43668,0
134785,0
33866,0
99040,0
88461,0
82443,0
165719,0
156155,0
109602,0
45184,0
111113,0
16134,0
103460,0
139618,0
10612,0
57793,0
154555,0
184791,0
119970,0
159684,0
82520,0
135883,0
103785,0
194576,0
148541,0
85247,0
63057,0
33544,0
195425,0
182429,0
58760,0
29818,0
41374,0
53875,0
19517,0
57511,0
178068,0
111963,0
166755,0
22718,0
143318,0
157497,0
137348,0
131651,0
191404,0
157621,0
155362,0
169484,0
17539,0
197632,0
120433,0
33645,0
104176,0
191425,0
85221,0
29757,0
18961,0
188261,0
83788,0
5909,0
4320,0
48381,0
70086,0
184566,0
154947,0
18077,0
78944,0
176997,0
66368,0
33664,0
58568,0
622,0
175688,0
7587,0
122051,0
186589,0
156841,0
155461,0
66285,0
20270,0
107013,0
31415,0
137301,0
127797,0
107279,0
172450,0
67290,0
187544,0
126949,0
89385,0
33492,0
196171,0
17844,0
139791,0
93058,0
61180,0
195342,0
107915,0
129637,0
81011,0
94420,0
145365,0
29169,0
164158,0
102518,0
46562,0
90045,0
53804,0
192250,0
132017,0
68519,0
72118,0
162173,0
166653,0
180683,0
118359,0
191981,0
22359,0
91480,0
172482,0
25634,0
186594,0
199672,0
17214,0
85492,0
152593,0
111896,0
14987,0
51158,0
6646,0
61886,0
81046,0
57703,0
7308,0
166726,0
131329,0
36441,0
18000,0
49316,0
176079,0
122196,0
152168,0
75079,0
191378,0
186220,0
42869,0
167281,0
122917,0
65194,0
152245,0
186404,0
95224,0
73668,0
121825,0
17061,0
91046,0
166556,0
165866,0
61683,0
199786,0
26263,0
199174,0
24010,0
74788,0
160400,0
144446,0
143589,0
148089,0
152630,0
102039,0
49968,0
117258,0
181038,0
122130,0
147396,0
65793,0
152843,0
127929,0
128806,0
166499,0
172699,0
72255,0
76098,0
109052,0
152336,0
72239,0
55774,0
35610,0
19989,0
115507,0
49144,0
88566,0
50486,0
193472,0
93041,0
100216,0
165784,0
49702,0
87331,0
185057,0
34871,0
87441,0
133732,0
1726,0
19411,0
68985,0
75199,0
40644,0
136518,0
166846,0
176801,0
98892,0
83919,0
31093,0
33755,0
44474,0
3464,0
25884,0
753,0
63889,0
89806,0
6968,0
141599,0
20266,0
142364,0
54583,0
139923,0
29577,0
106291,0
148340,0
35039,0
170953,0
55156,0
139044,0
87005,0
148301,0
114770,0
87991,0
39464,0
187769,0
145608,0
86909,0
162365,0
41545,0
24248,0
7238,0
153659,0
107725,0
162179,0
161062,0
27432,0
159071,0
153177,0
78641,0
45443,0
77149,0
9574,0
46822,0
187579,0
86953,0
136859,0
10411,0
41707,0
189290,0
171117,0
20240,0
47008,0
36998,0
146478,0
157672,0
197537,0
139840,0
187634,0
114688,0
150163,0
82897,0
161139,0
161975,0
181823,0
114571,0
162542,0
112870,0
99984,0
62911,0
171705,0
113387,0
19845,0
41775,0
53296,0
78722,0
80167,0
19881,0
190740,0
178030,0
125638,0
83991,0
118652,0
104255,0
12582,0
825,0
182980,0
148840,0
38317,0
153230,0
152910,0
54680,0
76402,0
63651,0
138796,0
148864,0
5430,0
145490,0
174447,0
90227,0
173779,0
157288,0
40295,0
15500,0
151626,0
144306,0
27544,0
71382,0
22297,0
118750,0
144242,0
18503,0
134072,0
75202,0
190513,0
20231,0
179568,0
98384,0
94630,0
47672,0
146292,0
79426,0
159280,0
87197,0
126024,0
52917,0
77491,0
193914,0
21427,0
171238,0
57598,0
60438,0
76150,0
111450,0
136042,0
161214,0
115931,0
22757,0
170444,0
14069,0
96183,0
59824,0
173148,0
152589,0
127246,0
13437,0
196136,0
128516,0
106608,0
110957,0
83244,0
55048,0
177758,0
12490,0
176150,0
179288,0
48154,0
132236,0
33687,0
88049,0
79455,0
104685,0
189307,0
58761,0
34279,0
151148,0
42667,0
132076,0
80957,0
195047,0
120491,0
151297,0
41105,0
21237,0
11378,0
80967,0
169781,0
1189,0
20175,0
137335,0
76686,0
166331,0
77377,0
150725,0
92149,0
114125,0
130909,0
161421,0
156840,0
25908,0
105594,0
75776,0
75412,0
104879,0
119453,0
149213,0
187659,0
124542,0
108186,0
151759,0
77156,0
155959,0
140172,0
183617,0
117391,0
136020,0
157892,0
169785,0
46855,0
184370,0
181499,0
7721,0
145708,0
84744,0
159206,0
84807,0
28359,0
75992,0
160850,0
150486,0
113487,0
146720,0
122661,0
116381,0
128495,0
2081,0
190143,0
90782,0
198558,0
49663,0
33253,0
167432,0
133573,0
77674,0
94146,0
190349,0
123734,0
114488,0
113031,0
104174,0
146382,0
182916,0
171261,0
194356,0
6994,0
106221,0
105896,0
173604,0
32880,0
181929,0
196500,0
60903,0
121122,0
151493,0
67575,0
77805,0
52798,0
181923,0
81823,0
145395,0
136923,0
106581,0
22131,0
101997,0
75559,0
125470,0
35961,0
161286,0
87905,0
40882,0
160315,0
21520,0
94991,0
14381,0
137886,0
165829,0
162033,0
153298,0
75925,0
130470,0
62338,0
176265,0
140771,0
102943,0
103710,0
26047,0
116299,0
138094,0
8256,0
135086,0
37505,0
29917,0
74978,0
78183,0
178354,0
171487,0
9906,0
17813,0
11328,0
52025,0
73703,0
152185,0
149334,0
63010,0
2906,0
10722,0
26107,0
24309,0
127669,0
185254,0
29932,0
113099,0
83623,0
164610,0
57087,0
25728,0
26852,0
11588,0
22172,0
11601,0
37577,0
197440,0
129323,0
146005,0
81,0
151180,0
60081,0
194289,0
184770,0
103846,0
173816,0
182165,0
147702,0
199647,0
13599,0
190309,0
126240,0
163222,0
21200,0
176274,0
141199,0
55901,0
93335,0
122837,0
188872,0
90708,0
90702,0
67115,0
123517,0
100768,0
197196,0
129596,0
63285,0
117975,0
144345,0
74289,0
42432,0
81137,0
182922,0
98979,0
88110,0
40236,0
124804,0
19543,0
40323,0
125130,0
170975,0
81100,0
53646,0
114391,0
115161,0
83370,0
3938,0
115431,0
24192,0
37876,0
134436,0
162010,0
179205,0
5118,0
182702,0
20414,0
30279,0
27954,0
129156,0
133677,0
75339,0
53786,0
5817,0
87819,0
127264,0
69451,0
10617,0
166400,0
98662,0
88145,0
75358,0
20659,0
8418,0
37840,0
22153,0
160204,0
7851,0
107985,0
169172,0
168189,0
72580,0
32001,0
132338,0
54135,0
151852,0
39523,0
167247,0
71410,0
111387,0
33521,0
92544,0
161976,0
30795,0
9771,0
34381,0
192936,0
22190,0
30610,0
92078,0
142675,0
47888,0
120749,0
12845,0
177497,0
117169,0
81900,0
169923,0
75801,0
38586,0
159622,0
144712,0
174391,0
1167,0
156177,0
32188,0
12881,0
139707,0
78948,0
174559,0
181685,0
130027,0
166121,0
131032,0
188516,0
21093,0
111108,0
126405,0
36886,0
177511,0
73714,0
158722,0
58383,0
66419,0
175651,0
67373,0
3123,0
84274,0
169645,0
194632,0
172076,0
47268,0
88855,0
49821,0
24529,0
42638,0
19377,0
171110,0
92784,0
174316,0
53469,0
60855,0
72229,0
168003,0
3251,0
61364,0
126797,0
197793,0
121983,0
171244,0
31826,0
184331,0
151632,0
127711,0
38505,0
47015,0
198097,0
14972,0
157237,0
92951,0
27168,0
101246,0
15890,0
62987,0
156192,0
17734,0
53365,0
10509,0
169828,0
80329,0
127888,0
150522,0
25151,0
101318,0
157355,0
82633,0
195058,0
71066,0
151509,0
158869,0
102053,0
32416,0
121365,0
194689,0
62827,0
125236,0
54130,0
75047,0
135991,0
35153,0
58934,0
84863,0
184013,0
175436,0
22854,0
168721,0
80655,0
133771,0
65928,0
17250,0
141896,0
155180,0
28435,0
43791,0
158187,0
36407,0
114803,0
40431,0
154508,0
3830,0
79319,0
25133,0
547,0
195444,0
96383,0
184910,0
103389,0
114253,0
78660,0
41986,0
79314,0
125458,0
50440,0
145794,0
192696,0
120607,0
40537,0
126017,0
155987,0
185265,0
52237,0
170468,0
36549,0
161765,0
134584,0
26120,0
96242,0
41980,0
32016,0
50617,0
94451,0
179476,0
144436,0
41113,0
98273,0
64946,0
70621,0
108267,0
165273,0
167369,0
82272,0
117872,0
69879,0
34335,0
110476,0
118409,0
125869,0
14485,0
158861,0
126842,0
32348,0
167305,0
14375,0
90743,0
79767,0
185133,0
77860,0
146076,0
170685,0
150826,0
86211,0
130144,0
113026,0
198471,0
39482,0
163925,0
27380,0
107571,0
10499,0
128456,0
185843,0
74964,0
13559,0
11967,0
74669,0
138939,0
193581,0
176445,0
28585,0
76282,0
80668,0
22444,0
145913,0
192036,0
23179,0
90292,0
30851,0
128497,0
73692,0
111674,0
38069,0
90301,0
109907,0
5026,0
83075,0
71242,0
136742,0
181908,0
62444,0
117322,0
93170,0
110530,0
14095,0
60938,0
107626,0
58733,0
98674,0
167760,0
187129,0
47058,0
20583,0
36755,0
46616,0
6895,0
115230,0
330,0
107955,0
162956,0
127681,0
188702,0
41634,0
13385,0
56571,0
160184,0
106276,0
58424,0
100625,0
57468,0
12874,0
2283,0
182532,0
89072,0
13957,0
33163,0
191515,0
166343,0
49623,0
179089,0
18606,0
54756,0
47109,0
29664,0
192796,0
164879,0
96936,0
171357,0
93643,0
78956,0
138520,0
18679,0
90443,0
80212,0
114593,0
100017,0
62969,0
38214,0
27927,0
168355,0
122957,0
8621,0
85461,0
90912,0
28562,0
137158,0
35539,0
140824,0
133405,0
132174,0
36779,0
106190,0
136723,0
193025,0
41696,0
132175,0
87184,0
143211,0
121501,0
57819,0
16132,0
69145,0
191149,0
162843,0
52796,0
197423,0
90633,0
176763,0
139185,0
146400,0
182921,0
60061,0
143199,0
98571,0
179822,0
45283,0
133034,0
30967,0
179461,0
166120,0
165286,0
142612,0
108975,0
71988,0
36653,0
197028,0
164686,0
59411,0
136585,0
187770,0
79221,0
111257,0
3893,0
22644,0
146319,0
37367,0
39807,0
104473,0
74564,0
65399,0
42906,0
45864,0
136420,0
138798,0
126628,0
4070,0
148723,0
3792,0
25667,0
190732,0
54385,0
163912,0
198499,0
104797,0
19756,0
9346,0
113639,0
84888,0
145584,0
189616,0
1721,0
46040,0
187411,0
108825,0
49095,0
150500,0
95453,0
161780,0
76128,0
56631,0
32007,0
49284,0
156989,0
126609,0
91843,0
89174,0
30097,0
105474,0
148450,0
64865,0
188951,0
93488,0
194941,0
15165,0
77872,0
71540,0
59355,0
160364,0
99805,0
56245,0
177418,0
108099,0
34225,0
177822,0
167142,0
144818,0
144699,0
119625,0
118431,0
175527,0
40966,0
61573,0
91563,0
61118,0
117803,0
164778,0
187935,0
180703,0
104833,0
151198,0
195134,0
62396,0
97156,0
89655,0
113292,0
144106,0
47836,0
53012,0
13836,0
22509,0
153474,0
115670,0
157894,0
184457,0
98333,0
186115,0
61371,0
143824,0
50931,0
103489,0
157814,0
151055,0
30383,0
197759,0
28337,0
93579,0
114512,0
95840,0
153383,0
135939,0
12637,0
71815,0
50780,0
106034,0
112185,0
35453,0
18017,0
39782,0
10557,0
103072,0
115181,0
27061,0
51955,0
101733,0
1206,0
156806,0
72195,0
68830,0
10087,0
64504,0
191622,0
170125,0
54217,0
168573,0
197232,0
14901,0
82469,0
75176,0
160513,0
57862,0
128807,0
116729,0
119552,0
191219,0
192128,0
193919,0
117115,0
87500,0
73781,0
129694,0
102464,0
40773,0
57523,0
131624,0
140483,0
4920,0
194492,0
72102,0
116991,0
94221,0
46749,0
186391,0
70235,0
40164,0
106885,0
132079,0
96397,0
101782,0
161541,0
170915,0
145167,0
24536,0
26768,0
73412,0
101954,0
121103,0
139399,0
121459,0
28889,0
178409,0
5315,0
151039,0
73694,0
11810,0
14210,0
137485,0
165510,0
150487,0
96621,0
29109,0
88194,0
65942,0
66512,0
170883,0
59557,0
168269,0
198370,0
101797,0
89079,0
82523,0
104530,0
88816,0
162382,0
15921,0
3033,0
22424,0
73536,0
112166,0
19315,0
108140,0
172554,0
158322,0
120689,0
79402,0
21129,0
52843,0
105278,0
192030,0
127227,0
83076,0
168351,0
100492,0
167582,0
132765,0
187740,0
199792,0
39512,0
112115,0
61422,0
185837,0
145430,0
6636,0
115143,0
147349,0
23495,0
109418,0
132615,0
49727,0
7671,0
150555,0
39158,0
140654,0
72996,0
37743,0
73985,0
52851,0
35718,0
162095,0
8606,0
57016,0
192388,0
62899,0
147645,0
2621,0
109695,0
40135,0
93911,0
70776,0
175687,0
130147,0
116578,0
120703,0
156263,0
42243,0
182906,0
189756,0
62480,0
11159,0
158494,0
78848,0
154525,0
87964,0
190043,0
152320,0
162781,0
140493,0
18046,0
148024,0
18974,0
156653,0
57264,0
10898,0
159770,0
125434,0
157393,0
70248,0
118072,0
163981,0
72673,0
36093,0
151947,0
50998,0
191528,0
142689,0
196420,0
64655,0
107402,0
194798,0
65147,0
63715,0
195827,0
150017,0
929,0
148735,0
44247,0
116290,0
47468,0
100005,0
50681,0
270,0
102081,0
23450,0
132067,0
3934,0
152855,0
86053,0
19672,0
184062,0
26208,0
152847,0
130712,0
51617,0
67125,0
134583,0
16578,0
103251,0
101550,0
81010,0
57385,0
34159,0
174606,0
125274,0
75145,0
5778,0
109128,0
137219,0
144581,0
187946,0
98005,0
116871,0
9619,0
129697,0
31333,0
34847,0
194710,0
67946,0
159698,0
6940,0
177660,0
117955,0
203,0
60405,0
34171,0
83925,0
25606,0
136892,0
119666,0
90051,0
93188,0
31855,0
194456,0
23274,0
198786,0
30197,0
84027,0
28334,0
31871,0
134692,0
39213,0
88705,0
166100,0
14038,0
30095,0
21469,0
136282,0
78062,0
127723,0
170741,0
69140,0
46944,0
25023,0
149478,0
114680,0
17338,0
130820,0
139827,0
59281,0
68084,0
167193,0
93152,0
113667,0
157689,0
112916,0
18346,0
50611,0
101074,0
118104,0
134513,0
30544,0
117206,0
153190,0
52157,0
83288,0
4840,0
127993,0
79895,0
71709,0
105424,0
30828,0
6173,0
181028,0
76859,0
63218,0
144302,0
99340,0
140495,0
35124,0
124894,0
118532,0
96077,0
82032,0
138812,0
10570,0
199273,0
141793,0
164702,0
106989,0
66205,0
31707,0
171826,0
183448,0
147390,0
85141,0
103469,0
107372,0
199494,0
110337,0
81387,0
97731,0
58498,0
94571,0
112064,0
38814,0
27091,0
195823,0
40642,0
85083,0
174048,0
155819,0
17277,0
121644,0
53252,0
72293,0
152785,0
62642,0
198737,0
67855,0
91052,0
84313,0
88986,0
175762,0
169520,0
17276,0
111530,0
136078,0
150597,0
96495,0
199417,0
36826,0
194298,0
151650,0
20946,0
114890,0
79526,0
91346,0
45091,0
8591,0
36760,0
23022,0
75465,0
141146,0
161993,0
182584,0
126458,0
141047,0
156159,0
21115,0
63002,0
32320,0
29425,0
117263,0
156853,0
81451,0
46608,0
179028,0
130544,0
65465,0
90675,0
22693,0
11063,0
175311,0
164396,0
127100,0
196003,0
158923,0
85229,0
121453,0
177027,0
30695,0
138244,0
191519,0
65552,0
27352,0
111461,0
198313,0
142211,0
42014,0
125885,0
199185,0
39506,0
168076,0
8347,0
99175,0
73539,0
101315,0
101370,0
101625,0
2586,0
23004,0
65766,0
129590,0
137961,0
101113,0
123494,0
122253,0
143024,0
22377,0
130120,0
59833,0
174568,0
193698,0
143544,0
136181,0
24474,0
119686,0
30374,0
7651,0
1401,0
121152,0
160897,0
11982,0
168857,0
51436,0
49237,0
57051,0
138103,0
100825,0
31772,0
21804,0
39693,0
25359,0
55001,0
134019,0
144424,0
168888,0
160320,0
109854,0
53353,0
178742,0
80539,0
38173,0
134454,0
134143,0
158265,0
57035,0
169887,0
6008,0
46028,0
39324,0
165599,0
95922,0
57278,0
157985,0
102995,0
1978,0
62248,0
157414,0
63870,0
379,0
186909,0
130715,0
83481,0
130259,0
39950,0
105601,0
178896,0
109185,0
136391,0
38095,0
186448,0
40045,0
134175,0
102607,0
40659,0
101808,0
17077,0
56872,0
188882,0
54580,0
125255,0
22737,0
172733,0
91015,0
164029,0
187249,0
150123,0
136376,0
52962,0
148143,0
108353,0
103892,0
7459,0
65014,0
115186,0
51569,0
181886,0
126813,0
177603,0
117608,0
33079,0
26422,0
106119,0
181640,0
43576,0
185721,0
107226,0
49884,0
124657,0
110251,0
96424,0
151341,0
80664,0
152445,0
22246,0
167948,0
99711,0
66378,0
107157,0
10163,0
98456,0
114813,0
183828,0
88372,0
177348,0
61858,0
18533,0
17213,0
143042,0
142706,0
41554,0
20732,0
192749,0
60797,0
31859,0
47887,0
84220,0
140424,0
60694,0
67364,0
125579,0
157530,0
29834,0
165981,0
68812,0
117513,0
162523,0
161002,0
189209,0
137604,0
120297,0
165683,0
33897,0
82709,0
61277,0
197866,0
180421,0
171892,0
44993,0
181617,0
15460,0
106570,0
51726,0
136804,0
102050,0
152605,0
186613,0
166724,0
155557,0
77560,0
198264,0
161516,0
182834,0
24706,0
98787,0
187864,0
79718,0
73038,0
105318,0
109394,0
167446,0
63815,0
31960,0
156703,0
128150,0
196233,0
156341,0
196097,0
63198,0
134597,0
115513,0
22842,0
2067,0
67155,0
109120,0
143840,0
8695,0
91064,0
166676,0
120216,0
38981,0
75088,0
167528,0
62252,0
90820,0
166824,0
156383,0
198532,0
163712,0
69493,0
37705,0
78239,0
116787,0
196722,0
4501,0
87409,0
34304,0
126294,0
74522,0
113103,0
24232,0
91840,0
186270,0
62357,0
103555,0
15094,0
130906,0
127441,0
150934,0
96646,0
156655,0
97577,0
101930,0
199706,0
192025,0
103549,0
186229,0
168929,0
160404,0
97406,0
38937,0
41923,0
178540,0
46056,0
39861,0
168898,0
72954,0
32824,0
170995,0
14760,0
24630,0
38485,0
93608,0
361,0
48358,0
115547,0
194261,0
55754,0
17402,0
34086,0
27934,0
199840,0
35623,0
118699,0
158552,0
34090,0
46815,0
113408,0
119811,0
139378,0
173423,0
81845,0
96179,0
21684,0
68774,0
76965,0
92670,0
151227,0
98526,0
25241,0
149038,0
182581,0
24259,0
24402,0
153339,0
177892,0
60090,0
138867,0
31011,0
119157,0
13814,0
121421,0
142409,0
85863,0
95247,0
85907,0
118705,0
58715,0
143302,0
2684,0
131196,0
42128,0
192258,0
191520,0
124873,0
70580,0
156026,0
54085,0
28580,0
169761,0
71923,0
67757,0
71717,0
174240,0
115462,0
72366,0
135376,0
138529,0
170182,0
169430,0
129245,0
86669,0
19405,0
105652,0
51724,0
8135,0
147132,0
154054,0
93932,0
96432,0
130949,0
14815,0
2495,0
40275,0
35598,0
50408,0
53708,0
172764,0
189108,0
105251,0
15028,0
145662,0
3129,0
86048,0
86246,0
173685,0
51973,0
55663,0
19295,0
145329,0
138433,0
54449,0
101829,0
2434,0
154450,0
170545,0
22579,0
73267,0
191716,0
173165,0
22857,0
40828,0
12305,0
110654,0
24589,0
14569,0
35570,0
88581,0
93998,0
2414,0
67013,0
191837,0
169016,0
86026,0
186685,0
147034,0
69465,0
16666,0
87036,0
172170,0
51660,0
68349,0
88093,0
186332,0
86525,0
5403,0
36799,0
126674,0
45669,0
11835,0
151680,0
66308,0
149991,0
118141,0
97901,0
167606,0
137702,0
75533,0
133221,0
177381,0
8890,0
32590,0
151452,0
199389,0
149713,0
134087,0
44843,0
142820,0
74796,0
14019,0
38342,0
199858,0
32820,0
108067,0
30322,0
11221,0
181900,0
150338,0
166683,0
6141,0
182529,0
65588,0
49578,0
75799,0
108974,0
43115,0
120939,0
182573,0
60287,0
134349,0
48099,0
6152,0
90539,0
119237,0
43227,0
25476,0
90796,0
40946,0
192811,0
160239,0
1661,0
178968,0
44868,0
56801,0
150765,0
45324,0
66434,0
113531,0
74759,0
97297,0
44782,0
9690,0
150503,0
38794,0
44758,0
157651,0
178310,0
176117,0
84912,0
62023,0
76992,0
42544,0
60497,0
109370,0
79546,0
79370,0
43670,0
147451,0
108401,0
77352,0
57535,0
15386,0
176688,0
107215,0
183535,0
185895,0
22395,0
22144,0
23705,0
11594,0
38373,0
38741,0
180452,0
92370,0
159337,0
177592,0
198747,0
9430,0
42909,0
106182,0
44447,0
118582,0
113030,0
161279,0
25111,0
33406,0
177651,0
157558,0
17141,0
64500,0
90896,0
177670,0
133446,0
183261,0
83309,0
77764,0
180155,0
129253,0
60226,0
156860,0
176635,0
72553,0
139559,0
141316,0
161799,0
38102,0
107472,0
198376,0
25230,0
57203,0
181780,0
171774,0
120453,0
105651,0
82037,0
1760,0
99989,0
97446,0
62050,0
80444,0
39185,0
152148,0
24281,0
50505,0
185417,0
109806,0
189201,0
88623,0
41140,0
135006,0
166689,0
111286,0
110722,0
169121,0
128696,0
20382,0
79847,0
8937,0
140325,0
2189,0
82279,0
93368,0
129856,0
176394,0
146358,0
25900,0
104456,0
15075,0
27366,0
75349,0
125417,0
143311,0
4271,0
47242,0
9740,0
41607,0
144930,0
195337,0
123203,0
92343,0
142799,0
183249,0
27574,0
9791,0
83213,0
163541,0
842,0
137712,0
104233,0
163416,0
58199,0
71047,0
173850,0
132611,0
24885,0
9489,0
196043,0
121424,0
27707,0
37053,0
105381,0
153059,0
7924,0
98554,0
178247,0
173942,0
108391,0
83475,0
33476,0
46418,0
83440,0
178333,0
19690,0
41843,0
33657,0
9510,0
36108,0
104373,0
89724,0
196952,0
93091,0
166030,0
62917,0
65148,0
54745,0
52670,0
80746,0
27082,0
29556,0
30703,0
79201,0
84431,0
128761,0
38742,0
48327,0
197881,0
15850,0
59960,0
101970,0
82544,0
25457,0
14387,0
169586,0
102617,0
36916,0
182934,0
182933,0
178803,0
137687,0
58117,0
38613,0
169779,0
194899,0
127982,0
14839,0
108882,0
94573,0
20160,0
32092,0
165810,0
78786,0
45277,0
149028,0
139079,0
194880,0
60814,0
77266,0
109515,0
180794,0
156285,0
180802,0
43342,0
21822,0
39167,0
120073,0
93894,0
28187,0
106993,0
42861,0
147270,0
81546,0
80862,0
32386,0
56138,0
129492,0
138629,0
25669,0
32526,0
160726,0
43322,0
8596,0
87632,0
192948,0
21854,0
10834,0
11913,0
8433,0
199247,0
192852,0
73347,0
24680,0
181285,0
199486,0
175263,0
133770,0
29102,0
172735,0
42670,0
135977,0
74083,0
19990,0
34527,0
3027,0
144070,0
117735,0
159967,0
186184,0
61265,0
96075,0
137297,0
175888,0
158993,0
79072,0
118367,0
194485,0
67486,0
20214,0
196343,0
25617,0
85398,0
37540,0
169093,0
188307,0
182813,0
9036,0
18412,0
156234,0
178143,0
139250,0
181279,0
83093,0
113165,0
148247,0
120128,0
95560,0
62442,0
182420,0
175023,0
95008,0
112911,0
95015,0
155141,0
35014,0
84374,0
93393,0
29310,0
50728,0
48914,0
613,0
66669,0
25955,0
5044,0
21270,0
9862,0
86190,0
19083,0
29689,0
76300,0
54719,0
194894,0
69134,0
68625,0
116261,0
26922,0
179805,0
197407,0
89589,0
34162,0
19526,0
27479,0
86878,0
115976,0
8425,0
136200,0
167680,0
81751,0
128539,0
162727,0
107861,0
48623,0
19064,0
59722,0
120652,0
194572,0
62424,0
26884,0
15053,0
188399,0
30308,0
168613,0
40939,0
79853,0
154372,0
4342,0
135354,0
38274,0
61938,0
54080,0
160533,0
159118,0
52463,0
158488,0
14547,0
23326,0
36227,0
27505,0
8604,0
139697,0
71506,0
144807,0
155317,0
1584,0
191307,0
143343,0
130775,0
17050,0
1925,0
127500,0
133445,0
96742,0
43892,0
157898,0
198831,0
35059,0
70584,0
31459,0
144363,0
30827,0
188088,0
156100,0
124613,0
142205,0
10956,0
9733,0
73111,0
68764,0
150860,0
151092,0
109574,0
155043,0
140221,0
130217,0
53982,0
56052,0
136442,0
69932,0
12925,0
102467,0
112984,0
11402,0
20118,0
187020,0
110259,0
46333,0
164043,0
59113,0
182272,0
142585,0
190677,0
190737,0
20595,0
65350,0
15156,0
102473,0
139621,0
34875,0
69594,0
118836,0
183285,0
7215,0
166536,0
169396,0
35500,0
43190,0
24575,0
8585,0
111216,0
110443,0
117040,0
56903,0
129664,0
156971,0
125754,0
128892,0
98282,0
82648,0
158224,0
17603,0
95058,0
101021,0
176333,0
166399,0
40916,0
138551,0
82121,0
71765,0
115350,0
180373,0
143928,0
172330,0
196625,0
183145,0
190897,0
68397,0
196636,0
145453,0
58305,0
106949,0
79441,0
175077,0
131171,0
158668,0
26764,0
8463,0
134292,0
66317,0
122708,0
184706,0
147574,0
118143,0
192868,0
25999,0
52752,0
103959,0
7092,0
49640,0
154482,0
114252,0
28526,0
67358,0
38207,0
141527,0
106045,0
56695,0
105561,0
61084,0
82620,0
131706,0
129993,0
196347,0
187101,0
59152,0
165153,0
41931,0
173875,0
58292,0
21468,0
183084,0
21051,0
146765,0
50074,0
5985,0
174363,0
13552,0
55002,0
54994,0
14022,0
195188,0
155062,0
25041,0
90147,0
112718,0
153157,0
29054,0
164825,0
125651,0
168237,0
67924,0
196432,0
164649,0
102452,0
2435,0
71661,0
178445,0
29370,0
92483,0
41891,0
17286,0
178486,0
31896,0
125566,0
38592,0
167912,0
31013,0
119089,0
68251,0
121008,0
186740,0
126047,0
121899,0
135206,0
4126,0
184422,0
1445,0
169677,0
192841,0
17855,0
20147,0
183512,0
89,0
100952,0
177951,0
21768,0
127311,0
15642,0
1032,0
69251,0
96312,0
195822,0
52287,0
196938,0
145274,0
142528,0
5787,0
54952,0
7043,0
81325,0
157854,0
164288,0
139732,0
59475,0
181110,0
73863,0
111728,0
46385,0
28989,0
189365,0
8895,0
12824,0
14129,0
160677,0
193378,0
106753,0
189388,0
187986,0
30517,0
145625,0
149543,0
145623,0
23419,0
150278,0
137262,0
9608,0
135816,0
96666,0
188946,0
48967,0
56752,0
10246,0
136572,0
37561,0
23914,0
117833,0
57159,0
8241,0
44152,0
159022,0
173147,0
80252,0
85728,0
97785,0
138765,0
39672,0
102780,0
160622,0
173389,0
42428,0
169174,0
10249,0
35364,0
29957,0
85621,0
65386,0
155739,0
74316,0
199251,0
186403,0
181986,0
24284,0
146265,0
111123,0
85476,0
66078,0
161699,0
42417,0
104523,0
160736,0
54524,0
107538,0
56969,0
38949,0
155850,0
4788,0
86681,0
67092,0
99291,0
192414,0
129665,0
66841,0
121191,0
163547,0
188961,0
88068,0
38264,0
129811,0
50787,0
117297,0
136169,0
74074,0
155112,0
40702,0
61511,0
165272,0
99208,0
8410,0
165528,0
97147,0
195033,0
197113,0
55513,0
151470,0
193076,0
81789,0
182829,0
8673,0
108809,0
36016,0
140322,0
148208,0
122268,0
122896,0
83118,0
47537,0
48818,0
120586,0
4790,0
11202,0
137339,0
95090,0
141171,0
137592,0
185171,0
17164,0
164228,0
120005,0
86540,0
113614,0
154972,0
40847,0
53351,0
46388,0
128940,0
172105,0
49939,0
15585,0
43726,0
56077,0
58620,0
190708,0
60738,0
146831,0
164372,0
123328,0
116928,0
164475,0
187115,0
151173,0
135173,0
77343,0
145063,0
60785,0
85028,0
61947,0
116394,0
90985,0
199254,0
40366,0
91607,0
164804,0
22480,0
76631,0
149869,0
139018,0
173127,0
88767,0
50584,0
71177,0
41443,0
131114,0
111875,0
183175,0
161330,0
37760,0
141139,0
17505,0
190814,0
181012,0
123793,0
173123,0
106348,0
185338,0
170180,0
76788,0
160701,0
28058,0
28050,0
122681,0
180179,0
170157,0
83361,0
183886,0
28158,0
31971,0
91501,0
154246,0
170159,0
136571,0
69826,0
187602,0
117627,0
114873,0
143945,0
59861,0
96384,0
165958,0
37415,0
123582,0
94653,0
12301,0
122699,0
65443,0
165924,0
109020,0
150351,0
167835,0
121915,0
112092,0
10151,0
52529,0
63003,0
43230,0
186510,0
149952,0
97976,0
179291,0
100374,0
48143,0
150414,0
82771,0
79598,0
41362,0
79564,0
123591,0
118184,0
67312,0
56644,0
166000,0
22895,0
50329,0
51236,0
27078,0
144578,0
32121,0
197583,0
37467,0
53702,0
131178,0
52745,0
141465,0
78768,0
189677,0
34419,0
186739,0
139381,0
86945,0
28325,0
79814,0
19421,0
20716,0
147097,0
82938,0
103929,0
87180,0
120753,0
147442,0
155019,0
81911,0
159445,0
153860,0
199908,0
120409,0
137304,0
104536,0
177710,0
182172,0
128239,0
138336,0
13749,0
109402,0
8435,0
134202,0
15091,0
95514,0
11712,0
148366,0
177594,0
133997,0
22267,0
163784,0
59976,0
170336,0
120068,0
180558,0
34771,0
109997,0
51659,0
142516,0
25789,0
29223,0
89819,0
77340,0
127071,0
109964,0
45016,0
7488,0
162521,0
22932,0
12439,0
530,0
129336,0
62587,0
154521,0
170302,0
26012,0
41857,0
98837,0
134908,0
135850,0
122980,0
199957,0
188340,0
58546,0
71298,0
115297,0
68993,0
75370,0
96151,0
10836,0
111739,0
51834,0
20895,0
16639,0
26374,0
102667,0
66288,0
14504,0
152163,0
154193,0
67921,0
180894,0
159789,0
126809,0
21716,0
159976,0
161111,0
133129,0
28534,0
87949,0
89880,0
161108,0
16912,0
157980,0
2525,0
49672,0
98867,0
116903,0
4936,0
128321,0
117773,0
145160,0
180909,0
5449,0
90947,0
173037,0
116983,0
72505,0
38959,0
42314,0
171767,0
113723,0
10156,0
96177,0
189153,0
80513,0
3859,0
31705,0
27118,0
37821,0
90748,0
98264,0
86691,0
117056,0
199493,0
199845,0
135482,0
59674,0
70818,0
88036,0
198657,0
95626,0
22660,0
180022,0
113865,0
174887,0
61018,0
26561,0
66656,0
76152,0
15733,0
6820,0
190961,0
32268,0
48983,0
155977,0
75849,0
131141,0
104669,0
160466,0
76370,0
109520,0
174456,0
138546,0
91226,0
63375,0
182050,0
160162,0
40823,0
119427,0
45793,0
23571,0
40065,0
80128,0
50864,0
16404,0
51333,0
56328,0
199460,0
163564,0
27059,0
135476,0
114834,0
30860,0
47382,0
126040,0
61606,0
142988,0
127890,0
63407,0
92925,0
8862,0
37884,0
199355,0
156169,0
98323,0
110686,0
38650,0
115278,0
127944,0
124812,0
104422,0
145561,0
166973,0
89367,0
90501,0
187372,0
12814,0
113534,0
163667,0
97658,0
186800,0
54137,0
128148,0
26943,0
195258,0
19061,0
29284,0
54872,0
72835,0
23307,0
22042,0
172595,0
90963,0
13210,0
91768,0
103521,0
127583,0
78378,0
67910,0
60899,0
28821,0
39705,0
95703,0
32486,0
5078,0
69637,0
4995,0
199983,0
178118,0
133237,0
79952,0
95820,0
150757,0
45345,0
141460,0
54260,0
62659,0
33246,0
110639,0
178844,0
158930,0
7064,0
188745,0
112982,0
4511,0
135857,0
149865,0
90213,0
79709,0
190210,0
113680,0
180829,0
21909,0
150181,0
52609,0
60906,0
179321,0
39468,0
190233,0
78963,0
182164,0
54077,0
179721,0
21674,0
45116,0
15704,0
120666,0
161971,0
94483,0
129325,0
70447,0
59180,0
141665,0
123428,0
36034,0
199352,0
103379,0
171226,0
69003,0
95931,0
120255,0
69233,0
107879,0
32234,0
82221,0
24981,0
13339,0
59670,0
171257,0
17364,0
170822,0
54284,0
90553,0
178289,0
182931,0
44151,0
178754,0
52984,0
52066,0
110676,0
82167,0
90644,0
196895,0
77714,0
52035,0
44071,0
107848,0
43122,0
112987,0
13850,0
107542,0
154318,0
63504,0
138619,0
12485,0
185206,0
38875,0
184053,0
102074,0
176091,0
168559,0
175590,0
131778,0
176406,0
39252,0
74405,0
121932,0
112155,0
64273,0
144467,0
184471,0
57026,0
64563,0
106121,0
112760,0
1675,0
38552,0
152119,0
194276,0
77025,0
118032,0
134839,0
192728,0
21139,0
33630,0
73036,0
46935,0
117709,0
22956,0
195786,0
108464,0
101494,0
193740,0
19540,0
192830,0
170247,0
50111,0
66903,0
169103,0
65023,0
143844,0
29118,0
93532,0
134896,0
156627,0
146823,0
148186,0
36085,0
31414,0
116930,0
8326,0
144088,0
5983,0
185456,0
75301,0
41220,0
112360,0
22507,0
75626,0
76842,0
104317,0
93540,0
14084,0
72886,0
131170,0
50480,0
184652,0
131851,0
128461,0
56492,0
51393,0
50332,0
191710,0
33834,0
93355,0
130317,0
31368,0
192961,0
192783,0
128894,0
94178,0
167019,0
15428,0
110322,0
70995,0
14562,0
113514,0
21026,0
35586,0
79365,0
68148,0
34703,0
137696,0
148881,0
51018,0
125211,0
180491,0
47540,0
144635,0
131201,0
153222,0
175831,0
64638,0
25855,0
24338,0
131964,0
171359,0
141231,0
167747,0
6456,0
118900,0
40791,0
71849,0
128362,0
68079,0
146926,0
107501,0
146653,0
9363,0
26544,0
157352,0
81811,0
79418,0
113943,0
144304,0
85510,0
63517,0
177440,0
193522,0
25499,0
18327,0
154358,0
142031,0
43428,0
74228,0
24384,0
123880,0
100105,0
44037,0
198910,0
122394,0
102276,0
62793,0
126403,0
10039,0
72346,0
44863,0
186599,0
105239,0
35840,0
188140,0
21900,0
168943,0
157107,0
8808,0
141058,0
70000,0
39664,0
116638,0
99557,0
21534,0
198791,0
162565,0
158760,0
189764,0
158683,0
49024,0
130593,0
44024,0
54706,0
23846,0
75770,0
120915,0
79232,0
134353,0
146629,0
152004,0
197871,0
95826,0
86167,0
163044,0
66881,0
91000,0
121819,0
141503,0
9962,0
186197,0
3848,0
17428,0
70138,0
124669,0
12265,0
96332,0
99226,0
147990,0
17208,0
189101,0
141818,0
43715,0
193291,0
191189,0
162884,0
171932,0
174592,0
26680,0
561,0
11693,0
106005,0
162925,0
68896,0
189119,0
75999,0
127126,0
76070,0
12804,0
54682,0
50971,0
129642,0
190240,0
166532,0
161709,0
131092,0
187829,0
100426,0
188600,0
26724,0
113452,0
146106,0
40901,0
34528,0
19980,0
53883,0
86332,0
128968,0
136628,0
4263,0
160017,0
8542,0
30742,0
189517,0
88312,0
133202,0
6896,0
128925,0
172714,0
195264,0
36993,0
195644,0
88976,0
171547,0
15915,0
183345,0
11615,0
188674,0
40811,0
124020,0
56330,0
183755,0
18159,0
28129,0
173384,0
15149,0
6897,0
135756,0
123254,0
170591,0
199795,0
18477,0
103560,0
2743,0
53653,0
120032,0
164376,0
184962,0
87028,0
95060,0
72518,0
81660,0
100609,0
189619,0
186048,0
20887,0
165160,0
30139,0
123976,0
105,0
48653,0
42701,0
114618,0
132370,0
100135,0
166503,0
5463,0
147488,0
97102,0
94771,0
86828,0
62764,0
48713,0
65015,0
94324,0
175145,0
138531,0
1048,0
171935,0
95555,0
48059,0
100841,0
145774,0
176269,0
175502,0
104390,0
93136,0
174548,0
136915,0
1918,0
89113,0
20632,0
127620,0
137498,0
41108,0
193187,0
29136,0
46383,0
116026,0
66081,0
28142,0
33998,0
116618,0
77314,0
66549,0
154530,0
72614,0
173499,0
115985,0
31645,0
78902,0
139457,0
132334,0
57364,0
152703,0
150152,0
93162,0
49108,0
46854,0
101217,0
43910,0
112271,0
184506,0
192595,0
119642,0
72207,0
5082,0
12621,0
129203,0
8818,0
87515,0
174629,0
106274,0
49047,0
42871,0
39832,0
106011,0
160008,0
187067,0
54308,0
45262,0
170446,0
165879,0
75506,0
162317,0
73511,0
199925,0
151842,0
39290,0
112051,0
191397,0
153135,0
121380,0
9585,0
32493,0
4382,0
124569,0
87900,0
181517,0
164744,0
191600,0
113886,0
62666,0
61589,0
24224,0
159656,0
81609,0
181137,0
177637,0
35365,0
133295,0
192827,0
105472,0
174442,0
118859,0
170107,0
96527,0
142723,0
40497,0
9956,0
18028,0
40756,0
84057,0
47592,0
122900,0
188992,0
193843,0
182141,0
100291,0
112736,0
186133,0
129426,0
2032,0
120195,0
8922,0
3060,0
113474,0
21105,0
165188,0
95961,0
44276,0
21981,0
124465,0
104039,0
160514,0
175737,0
4799,0
30985,0
102096,0
92300,0
115390,0
85495,0
166451,0
26864,0
151772,0
114478,0
155915,0
188310,0
71076,0
191002,0
39583,0
147933,0
99979,0
67238,0
133998,0
53457,0
115625,0
131876,0
193169,0
49459,0
16951,0
195,0
124665,0
169125,0
42729,0
151310,0
105909,0
19423,0
115260,0
93638,0
109405,0
7878,0
140645,0
110871,0
44730,0
147931,0
59486,0
62243,0
104203,0
103060,0
89477,0
132738,0
23778,0
114121,0
98422,0
60160,0
78559,0
174217,0
178835,0
151927,0
79826,0
38064,0
154434,0
22982,0
17885,0
175038,0
44944,0
179900,0
193637,0
129952,0
189443,0
6278,0
99829,0
37566,0
184995,0
107514,0
151924,0
187918,0
65574,0
143159,0
103078,0
87971,0
97552,0
79476,0
79850,0
14514,0
29963,0
144600,0
84570,0
143251,0
13029,0
34054,0
84792,0
41233,0
133083,0
65400,0
84556,0
89476,0
30527,0
44344,0
159115,0
87889,0
111817,0
166182,0
79631,0
97870,0
93350,0
37417,0
181793,0
8170,0
198259,0
166302,0
75457,0
79548,0
99622,0
26191,0
10368,0
21885,0
129805,0
199578,0
69563,0
199580,0
147325,0
11814,0
7433,0
147564,0
154749,0
25567,0
146899,0
39023,0
47336,0
138444,0
114720,0
145197,0
73359,0
190337,0
21472,0
160258,0
196758,0
85111,0
163317,0
61823,0
54205,0
6623,0
124157,0
118399,0
125545,0
123912,0
100275,0
138596,0
73159,0
113131,0
33786,0
14393,0
158232,0
186116,0
88142,0
24684,0
795,0
135210,0
56298,0
108554,0
132357,0
37117,0
73730,0
187074,0
108539,0
177938,0
168043,0
81467,0
190529,0
132222,0
71461,0
136875,0
151155,0
112033,0
5814,0
146800,0
73491,0
2549,0
85259,0
22175,0
41633,0
33424,0
92409,0
150984,0
42972,0
16316,0
115266,0
10712,0
164009,0
115270,0
96961,0
42932,0
146859,0
192746,0
131134,0
142602,0
181048,0
183364,0
56879,0
97699,0
19140,0
86096,0
37354,0
45250,0
147673,0
30909,0
78827,0
114382,0
3645,0
43718,0
189143,0
103988,0
70837,0
80549,0
68246,0
168739,0
165903,0
143090,0
159459,0
159439,0
174705,0
93436,0
147731,0
62109,0
89552,0
106776,0
158651,0
126042,0
175085,0
147718,0
30773,0
62080,0
92085,0
191290,0
93470,0
95761,0
128792,0
84176,0
89585,0
194889,0
51375,0
80673,0
199153,0
157217,0
185441,0
141871,0
70887,0
10745,0
140895,0
109581,0
113821,0
53490,0
199360,0
192947,0
65746,0
49848,0
167922,0
136362,0
62351,0
131242,0
128332,0
185513,0
167238,0
35578,0
181795,0
144444,0
199902,0
156538,0
60542,0
18751,0
191928,0
181843,0
81859,0
126898,0
101882,0
69311,0
169047,0
36298,0
29071,0
160038,0
40726,0
110774,0
21712,0
30793,0
16070,0
69353,0
175014,0
21794,0
1990,0
175232,0
181839,0
65989,0
95344,0
185390,0
122433,0
22411,0
24686,0
97341,0
80571,0
53658,0
92,0
136410,0
133519,0
43619,0
39884,0
147832,0
54103,0
172828,0
81679,0
156230,0
2771,0
61472,0
38027,0
102996,0
65660,0
81898,0
73849,0
61178,0
107269,0
173042,0
171752,0
14671,0
149682,0
68622,0
115370,0
13589,0
133233,0
103847,0
176092,0
101613,0
155627,0
32625,0
100588,0
193751,0
66569,0
67425,0
139120,0
78300,0
71323,0
58138,0
123012,0
9094,0
162260,0
145286,0
45673,0
46538,0
99603,0
45658,0
191399,0
119233,0
13041,0
51043,0
17389,0
123480,0
104163,0
35016,0
48464,0
121146,0
136850,0
142838,0
84467,0
46926,0
196943,0
21331,0
146512,0
154475,0
57591,0
40242,0
44757,0
144833,0
1015,0
157714,0
82990,0
173584,0
78952,0
26379,0
63970,0
151598,0
10014,0
20625,0
58594,0
155247,0
119142,0
107899,0
24109,0
52574,0
165954,0
157699,0
57940,0
110152,0
150589,0
26746,0
187518,0
158449,0
77423,0
147041,0
86165,0
171201,0
96407,0
169524,0
37029,0
182697,0
35972,0
45107,0
51193,0
78713,0
63995,0
136926,0
127824,0
186698,0
182167,0
153069,0
104403,0
114464,0
63828,0
97779,0
71252,0
52945,0
33334,0
35372,0
76669,0
78011,0
109077,0
19333,0
129943,0
123265,0
4735,0
25507,0
29598,0
64578,0
52224,0
103201,0
58362,0
150957,0
46960,0
170527,0
108301,0
11607,0
13728,0
44572,0
195304,0
4460,0
148328,0
176580,0
130426,0
130220,0
67213,0
141356,0
61108,0
199640,0
92172,0
39307,0
133788,0
61243,0
2629,0
154200,0
160336,0
89607,0
181562,0
13094,0
121013,0
164218,0
174565,0
108895,0
51749,0
71707,0
9449,0
24476,0
25403,0
156455,0
188721,0
85293,0
75827,0
52063,0
85396,0
137788,0
198975,0
197451,0
115259,0
63075,0
105247,0
183422,0
93039,0
22452,0
124383,0
138170,0
31978,0
267,0
113265,0
66898,0
78733,0
146155,0
53847,0
134032,0
148383,0
19218,0
10487,0
50108,0
142038,0
125505,0
74177,0
41010,0
145155,0
178765,0
149635,0
73115,0
154099,0
118466,0
128555,0
110889,0
199547,0
76320,0
91433,0
158171,0
135450,0
160620,0
184157,0
192156,0
188933,0
137437,0
81030,0
113947,0
38318,0
136990,0
122756,0
192972,0
100629,0
30090,0
67601,0
37670,0
172876,0
11829,0
24844,0
80870,0
63269,0
167802,0
39326,0
64868,0
7801,0
9917,0
181477,0
75101,0
58095,0
25492,0
102396,0
89941,0
163248,0
77505,0
177522,0
16870,0
42628,0
110361,0
4520,0
34368,0
190098,0
2569,0
47622,0
40452,0
30874,0
193110,0
31390,0
133820,0
22791,0
76502,0
110177,0
181402,0
148550,0
76855,0
161627,0
101522,0
170408,0
198685,0
146781,0
48209,0
174836,0
82305,0
24206,0
120707,0
15413,0
27912,0
161659,0
48298,0
16776,0
62187,0
42816,0
128084,0
139529,0
114088,0
143149,0
121995,0
187937,0
161686,0
48531,0
35339,0
74685,0
186303,0
115463,0
124232,0
189441,0
15010,0
57559,0
166348,0
20076,0
74919,0
77108,0
126210,0
145503,0
179978,0
135771,0
175538,0
34205,0
153561,0
37546,0
156890,0
87948,0
39582,0
179520,0
64255,0
366,0
194271,0
169074,0
99899,0
126347,0
3168,0
146067,0
21178,0
84516,0
145461,0
96685,0
195916,0
171202,0
141136,0
77327,0
145709,0
156517,0
16440,0
31262,0
124291,0
157058,0
126888,0
15040,0
69300,0
68768,0
97992,0
154915,0
65947,0
65648,0
167210,0
176506,0
193402,0
171542,0
111784,0
198383,0
41098,0
75698,0
89201,0
182480,0
134186,0
152049,0
196032,0
164257,0
45181,0
176475,0
136130,0
140518,0
23883,0
7992,0
63858,0
146872,0
125074,0
174360,0
12712,0
178316,0
196896,0
107119,0
84602,0
102149,0
51554,0
142441,0
156038,0
46839,0
47438,0
33668,0
68667,0
80991,0
129088,0
101745,0
151115,0
186992,0
60374,0
126570,0
137713,0
54004,0
63518,0
123705,0
168346,0
192620,0
144889,0
18770,0
51775,0
196656,0
171427,0
125919,0
194217,0
5349,0
108762,0
44594,0
183125,0
42344,0
21205,0
109713,0
87405,0
83268,0
9438,0
68006,0
31314,0
41930,0
46698,0
77983,0
194134,0
157592,0
121611,0
126563,0
33329,0
49626,0
154804,0
108745,0
28311,0
187363,0
64414,0
26255,0
91122,0
180592,0
38346,0
170740,0
126692,0
32456,0
44615,0
84699,0
174232,0
112639,0
62043,0
12041,0
19622,0
127934,0
17256,0
93009,0
61237,0
180107,0
68926,0
80261,0
185223,0
86802,0
42101,0
82117,0
56932,0
152038,0
13309,0
184599,0
119227,0
154168,0
131407,0
45575,0
97954,0
160808,0
163183,0
81786,0
158751,0
97322,0
197239,0
23963,0
152820,0
156403,0
96374,0
70756,0
91614,0
140573,0
189872,0
114303,0
119679,0
93064,0
197503,0
82003,0
75863,0
154565,0
161263,0
13066,0
127980,0
184437,0
189222,0
114877,0
127216,0
20063,0
77042,0
42764,0
167170,0
144737,0
136215,0
49919,0
86874,0
130790,0
127902,0
147632,0
74844,0
71993,0
82594,0
95390,0
185504,0
114057,0
174005,0
117072,0
11798,0
196940,0
89090,0
26473,0
161132,0
118105,0
25441,0
82219,0
83126,0
97272,0
69034,0
8681,0
66638,0
183739,0
22636,0
25865,0
166853,0
82582,0
80045,0
165285,0
93197,0
114796,0
40503,0
155399,0
65806,0
69798,0
186804,0
28901,0
3499,0
52719,0
192089,0
97537,0
12909,0
100230,0
88105,0
151991,0
14761,0
136150,0
191471,0
185495,0
44784,0
152540,0
53176,0
9874,0
164811,0
97045,0
138958,0
42841,0
170228,0
122666,0
139833,0
144997,0
157906,0
11367,0
159954,0
145026,0
196095,0
69305,0
49815,0
132205,0
196382,0
141315,0
154784,0
49060,0
41357,0
143138,0
194478,0
2799,0
80315,0
74636,0
11546,0
25462,0
75580,0
97984,0
144389,0
159434,0
28054,0
197532,0
116672,0
105501,0
141007,0
2831,0
162882,0
10946,0
86823,0
40146,0
171286,0
52994,0
21212,0
107548,0
79724,0
53024,0
129917,0
189578,0
32954,0
198170,0
96434,0
85883,0
70274,0
79955,0
122098,0
158927,0
130739,0
41173,0
53102,0
171684,0
123644,0
48513,0
121006,0
102380,0
69904,0
170756,0
78116,0
143905,0
27800,0
74001,0
81079,0
135527,0
71110,0
71120,0
122746,0
53693,0
192324,0
83299,0
190318,0
158071,0
79,0
129594,0
163841,0
46166,0
164984,0
12454,0
12141,0
134744,0
98277,0
165736,0
155737,0
47762,0
28351,0
143815,0
122793,0
52373,0
12257,0
108076,0
123146,0
2881,0
190139,0
190152,0
34406,0
53538,0
22780,0
51490,0
169884,0
49561,0
170776,0
12135,0
116994,0
189071,0
149829,0
127716,0
182335,0
13336,0
151459,0
93012,0
66682,0
152294,0
23110,0
67597,0
113124,0
26578,0
60416,0
185804,0
90558,0
59988,0
23436,0
126751,0
58124,0
126063,0
114343,0
14330,0
59877,0
94322,0
128075,0
111504,0
126611,0
26041,0
185163,0
136491,0
180740,0
149470,0
153426,0
28858,0
186968,0
152171,0
182114,0
62426,0
92391,0
38663,0
93551,0
127124,0
185497,0
173349,0
137477,0
173130,0
173175,0
66964,0
128951,0
125785,0
102546,0
64958,0
61807,0
54400,0
173910,0
180239,0
103304,0
180012,0
180277,0
135975,0
88276,0
24172,0
67552,0
113810,0
93684,0
103301,0
36784,0
90095,0
188225,0
180296,0
87007,0
149799,0
190486,0
116882,0
11598,0
22146,0
15976,0
7279,0
2095,0
121012,0
141787,0
41337,0
71436,0
58890,0
73214,0
24626,0
128568,0
128522,0
122169,0
50180,0
144180,0
128140,0
131010,0
62561,0
102229,0
71132,0
160244,0
129936,0
126619,0
61543,0
139304,0
65683,0
4445,0
99753,0
31957,0
142282,0
130972,0
30977,0
96035,0
73220,0
78650,0
29956,0
25156,0
176667,0
123379,0
75341,0
7288,0
166185,0
34110,0
186060,0
87623,0
159963,0
198087,0
52073,0
42308,0
188827,0
145901,0
121413,0
28595,0
194436,0
149868,0
186627,0
177395,0
177377,0
186611,0
141726,0
186596,0
89700,0
106220,0
39358,0
179339,0
152748,0
191529,0
67207,0
12032,0
2233,0
164665,0
104748,0
144711,0
102013,0
125672,0
82832,0
29725,0
55583,0
78923,0
25559,0
37377,0
20141,0
123099,0
14943,0
133916,0
24542,0
76472,0
64425,0
177447,0
22233,0
94098,0
22548,0
182484,0
134743,0
55834,0
78811,0
128734,0
72759,0
92012,0
189013,0
15975,0
57841,0
97609,0
115729,0
117358,0
84239,0
33552,0
42851,0
186294,0
112521,0
27349,0
196081,0
168826,0
168818,0
88714,0
72844,0
137805,0
120226,0
96656,0
183701,0
38193,0
38480,0
50892,0
89642,0
3100,0
35068,0
53410,0
127968,0
157169,0
144523,0
13084,0
37828,0
197387,0
2458,0
178021,0
98647,0
119262,0
183660,0
192566,0
190491,0
189746,0
153342,0
122362,0
180755,0
192567,0
90192,0
154642,0
143624,0
185815,0
188694,0
48978,0
12467,0
193087,0
14484,0
163490,0
62347,0
19183,0
121095,0
45921,0
152030,0
7817,0
86761,0
102610,0
34473,0
189794,0
172724,0
188644,0
138130,0
140492,0
197133,0
168039,0
86879,0
87473,0
143646,0
70567,0
104470,0
3268,0
101033,0
27578,0
63616,0
59112,0
114412,0
193568,0
3793,0
52527,0
44456,0
63536,0
74495,0
62360,0
33268,0
167633,0
56,0
145330,0
34298,0
193156,0
49965,0
147711,0
55225,0
63502,0
184594,0
2829,0
88706,0
173603,0
92523,0
86315,0
71468,0
74507,0
85973,0
182283,0
110019,0
74769,0
153734,0
66261,0
114195,0
39540,0
124319,0
158243,0
59661,0
115743,0
26741,0
184631,0
62876,0
66912,0
189869,0
172471,0
85656,0
87562,0
109277,0
29004,0
81425,0
148455,0
85584,0
56589,0
191484,0
22739,0
100930,0
45020,0
110867,0
142908,0
15925,0
181905,0
162354,0
37419,0
149761,0
181904,0
198543,0
148127,0
186383,0
20036,0
82236,0
70216,0
47882,0
134847,0
179941,0
68275,0
127398,0
182653,0
75990,0
113183,0
67108,0
171296,0
33904,0
184347,0
176157,0
50818,0
8002,0
154480,0
89574,0
180685,0
51685,0
177844,0
173017,0
104019,0
72853,0
46603,0
170020,0
34471,0
124265,0
126133,0
122983,0
67205,0
1060,0
81228,0
181324,0
84284,0
81975,0
30144,0
109869,0
160993,0
124757,0
175804,0
19101,0
24324,0
58584,0
152117,0
50694,0
73986,0
88599,0
118214,0
64734,0
176771,0
40759,0
141964,0
56785,0
30583,0
29869,0
643,0
37941,0
115374,0
147475,0
66184,0
29057,0
92191,0
94509,0
102897,0
106321,0
141677,0
23300,0
40007,0
120592,0
122447,0
9456,0
74121,0
54574,0
12486,0
154796,0
77603,0
83376,0
95545,0
115070,0
145547,0
105295,0
142151,0
36206,0
54061,0
183292,0
196399,0
43540,0
133403,0
180897,0
130520,0
150621,0
120698,0
82996,0
75172,0
176557,0
131559,0
89863,0
54612,0
74857,0
326,0
123100,0
34359,0
63639,0
40825,0
42773,0
60529,0
8095,0
57218,0
188015,0
2611,0
65807,0
195637,0
170799,0
56220,0
48980,0
19347,0
184136,0
180624,0
89059,0
8567,0
110655,0
74345,0
34377,0
86019,0
193204,0
71310,0
61555,0
37864,0
9372,0
78243,0
86597,0
17137,0
37153,0
14243,0
95869,0
102927,0
37491,0
79954,0
113661,0
76413,0
141660,0
41284,0
109065,0
7887,0
90016,0
155329,0
174553,0
196288,0
101872,0
163143,0
121377,0
105134,0
86113,0
7529,0
157496,0
44955,0
193129,0
158297,0
98562,0
4654,0
55579,0
51410,0
192894,0
181221,0
104715,0
119235,0
37035,0
146975,0
94298,0
127397,0
86361,0
41636,0
127,0
158222,0
184343,0
152901,0
37005,0
40634,0
36257,0
134762,0
81160,0
199555,0
76927,0
41518,0
129778,0
133903,0
103480,0
112228,0
126852,0
17459,0
171869,0
49398,0
37559,0
181666,0
139395,0
169464,0
149539,0
53316,0
87188,0
153877,0
90484,0
79044,0
97400,0
129795,0
4156,0
64892,0
94282,0
7101,0
110132,0
183005,0
82336,0
33081,0
187708,0
100366,0
179287,0
117664,0
190866,0
87708,0
108757,0
159738,0
181205,0
185353,0
165245,0
95138,0
165278,0
194828,0
68112,0
18681,0
135968,0
184768,0
160573,0
47806,0
109236,0
170423,0
126006,0
106645,0
67981,0
63274,0
207,0
82992,0
13455,0
148001,0
20341,0
8370,0
143213,0
74736,0
65835,0
198470,0
31039,0
143183,0
32355,0
7669,0
91461,0
22834,0
89542,0
156524,0
184589,0
141198,0
135148,0
9778,0
94426,0
60333,0
21591,0
192317,0
108365,0
25682,0
116551,0
77588,0
19584,0
86606,0
29953,0
99023,0
18177,0
12826,0
182240,0
171550,0
167999,0
62230,0
53636,0
511,0
100808,0
145896,0
56521,0
99029,0
170933,0
176316,0
151774,0
164208,0
39892,0
103311,0
130904,0
148780,0
39209,0
176252,0
156769,0
55971,0
146245,0
82611,0
184469,0
19367,0
162004,0
47972,0
50706,0
62075,0
62786,0
176208,0
163791,0
74569,0
3951,0
89207,0
78410,0
59278,0
25005,0
102574,0
138790,0
150809,0
55353,0
94723,0
150690,0
182410,0
155000,0
156482,0
33911,0
123246,0
10711,0
141548,0
16983,0
162278,0
140033,0
175084,0
146610,0
54054,0
118704,0
136437,0
185717,0
151137,0
120234,0
97659,0
87380,0
51836,0
37913,0
49115,0
94512,0
7274,0
28470,0
195573,0
98943,0
150833,0
52091,0
163874,0
28768,0
63730,0
169871,0
140653,0
145211,0
70459,0
83811,0
100595,0
180639,0
187381,0
37370,0
2538,0
72012,0
28459,0
18303,0
4557,0
44072,0
67998,0
116821,0
32065,0
68147,0
163776,0
60576,0
86920,0
157658,0
100400,0
136210,0
61445,0
105444,0
111373,0
116505,0
55316,0
100932,0
41695,0
90207,0
170075,0
110553,0
146521,0
198712,0
10944,0
46747,0
141133,0
145617,0
170191,0
98574,0
195853,0
114619,0
174324,0
159294,0
46614,0
107910,0
148884,0
132682,0
96309,0
155131,0
23254,0
98460,0
137044,0
126044,0
39429,0
164277,0
118622,0
86268,0
51565,0
30633,0
127606,0
92693,0
99057,0
157842,0
41788,0
136195,0
124397,0
82126,0
94689,0
146402,0
58385,0
88369,0
131068,0
2984,0
144593,0
76109,0
185822,0
131834,0
169179,0
165711,0
11622,0
177180,0
33909,0
112567,0
90976,0
75268,0
143695,0
5452,0
115233,0
60870,0
129454,0
101947,0
82741,0
156414,0
15947,0
139132,0
199387,0
79860,0
150327,0
139690,0
120324,0
60328,0
161040,0
185606,0
48633,0
169271,0
56714,0
61358,0
140821,0
45001,0
179590,0
57942,0
93854,0
193521,0
21616,0
144303,0
143124,0
3629,0
84865,0
162254,0
75686,0
88725,0
135263,0
73009,0
120638,0
100160,0
179788,0
74728,0
49197,0
12812,0
138711,0
75957,0
75322,0
49212,0
131797,0
161614,0
112541,0
150333,0
61965,0
36735,0
128081,0
93970,0
167915,0
85707,0
127018,0
194181,0
65094,0
2330,0
13492,0
194923,0
95469,0
15909,0
105922,0
117932,0
175489,0
69466,0
26452,0
32512,0
60098,0
122218,0
32123,0
135445,0
143473,0
76429,0
117156,0
177503,0
156072,0
89300,0
84718,0
140869,0
30844,0
109623,0
159610,0
113652,0
188076,0
30845,0
122477,0
138675,0
24260,0
106178,0
157468,0
171806,0
175515,0
109632,0
54088,0
25122,0
44394,0
131524,0
171872,0
115346,0
173041,0
161918,0
175435,0
116440,0
4193,0
119757,0
11051,0
66252,0
623,0
133146,0
84640,0
130605,0
27267,0
76315,0
465,0
62019,0
4553,0
4424,0
150386,0
170649,0
166374,0
20372,0
61940,0
101866,0
196394,0
63330,0
11730,0
104454,0
63804,0
8383,0
50452,0
54025,0
143250,0
38283,0
49090,0
112886,0
53564,0
85548,0
66842,0
56166,0
65401,0
63339,0
93902,0
158153,0
106844,0
69394,0
178305,0
68024,0
52155,0
48987,0
69498,0
194066,0
113448,0
178888,0
7001,0
37143,0
70931,0
57433,0
62622,0
199145,0
79653,0
16445,0
40227,0
43957,0
188816,0
2698,0
54582,0
69117,0
29457,0
95659,0
95092,0
79742,0
15292,0
60563,0
144117,0
73236,0
16664,0
89242,0
141828,0
179755,0
192257,0
34231,0
187369,0
66595,0
91478,0
88922,0
149056,0
184700,0
100888,0
59664,0
76911,0
53904,0
164758,0
198985,0
62265,0
155390,0
43449,0
28716,0
21713,0
196904,0
15487,0
118378,0
49322,0
39814,0
37855,0
167744,0
122062,0
150118,0
602,0
34312,0
13976,0
185635,0
74218,0
64908,0
193271,0
76375,0
169493,0
129775,0
159926,0
81339,0
90781,0
55543,0
58404,0
286,0
47327,0
45140,0
66093,0
114708,0
163378,0
47352,0
177719,0
82022,0
159451,0
179200,0
37820,0
155156,0
120401,0
169613,0
111698,0
16706,0
70704,0
22085,0
62062,0
31205,0
64400,0
76106,0
125500,0
1781,0
186335,0
172081,0
31739,0
9892,0
138650,0
139851,0
80564,0
190619,0
168920,0
45888,0
99616,0
62389,0
6130,0
73920,0
179802,0
72855,0
133227,0
150902,0
30624,0
158871,0
111523,0
85623,0
103614,0
73017,0
113087,0
119434,0
13648,0
108914,0
93967,0
70788,0
106240,0
8259,0
141591,0
171298,0
62073,0
98073,0
37328,0
20072,0
159176,0
58630,0
181287,0
18536,0
183676,0
37043,0
132248,0
96649,0
12944,0
46067,0
160669,0
193350,0
59366,0
73718,0
66521,0
74808,0
193170,0
9794,0
28101,0
147634,0
107143,0
83261,0
193185,0
168069,0
74101,0
34236,0
163753,0
109237,0
134468,0
56652,0
7797,0
49403,0
145361,0
178598,0
91205,0
135660,0
185798,0
129189,0
166927,0
133580,0
28497,0
56587,0
196945,0
1929,0
34102,0
27024,0
195735,0
43848,0
125700,0
194971,0
24578,0
109962,0
80531,0
84159,0
67191,0
157219,0
151537,0
30611,0
75971,0
96180,0
117309,0
58675,0
9238,0
61964,0
88672,0
83598,0
96678,0
40693,0
33950,0
86439,0
151633,0
67796,0
2152,0
106118,0
110310,0
177294,0
84092,0
142719,0
10462,0
155200,0
177639,0
72093,0
22561,0
126872,0
81107,0
183901,0
134733,0
169679,0
51435,0
136829,0
31240,0
26538,0
19976,0
191278,0
191342,0
94089,0
27229,0
177356,0
144897,0
76913,0
76918,0
83745,0
4985,0
55436,0
157286,0
149922,0
71501,0
88293,0
146711,0
110393,0
164082,0
75242,0
61801,0
46341,0
93790,0
143413,0
166670,0
68011,0
192436,0
966,0
126824,0
193856,0
3728,0
147845,0
57301,0
33415,0
39485,0
105937,0
134526,0
3949,0
135182,0
117529,0
11879,0
133640,0
89325,0
24982,0
110314,0
36723,0
15666,0
168878,0
66967,0
43272,0
140961,0
46571,0
102833,0
89524,0
3659,0
151716,0
192109,0
93189,0
194226,0
85536,0
105341,0
166355,0
40355,0
15645,0
48488,0
42487,0
173986,0
157909,0
66788,0
153163,0
91555,0
24021,0
40782,0
105714,0
131602,0
173512,0
109423,0
189724,0
127181,0
17475,0
54261,0
42050,0
79717,0
172919,0
119005,0
153547,0
154225,0
32280,0
91821,0
134295,0
60217,0
26644,0
179056,0
32874,0
123668,0
188477,0
187754,0
136066,0
124107,0
44306,0
172691,0
60195,0
21949,0
114087,0
129423,0
150622,0
161955,0
45633,0
7362,0
103453,0
116038,0
33000,0
699,0
35576,0
25470,0
182640,0
129844,0
2794,0
69874,0
82269,0
173492,0
87647,0
138538,0
78503,0
59740,0
69370,0
59447,0
53115,0
137124,0
53950,0
158849,0
25197,0
179354,0
95302,0
38189,0
86995,0
159902,0
158305,0
114370,0
150413,0
127091,0
75547,0
83429,0
58355,0
191187,0
139359,0
178466,0
112392,0
19970,0
11642,0
195329,0
38590,0
80718,0
61119,0
153276,0
116695,0
109160,0
187945,0
174657,0
121445,0
34737,0
10215,0
197061,0
15987,0
15418,0
36216,0
120436,0
141,0
96372,0
174581,0
133079,0
158882,0
68460,0
154975,0
139976,0
155952,0
126429,0
13960,0
48465,0
103241,0
118595,0
175250,0
150955,0
173196,0
140278,0
36595,0
182602,0
18785,0
146367,0
183698,0
105166,0
66363,0
57077,0
8046,0
94557,0
93842,0
180438,0
26739,0
11026,0
91062,0
192281,0
107126,0
10554,0
18301,0
10276,0
45576,0
1589,0
77886,0
28465,0
32751,0
98591,0
14743,0
112730,0
133086,0
111982,0
163239,0
161124,0
114951,0
61327,0
70304,0
43078,0
106243,0
90140,0
97860,0
160163,0
150961,0
64247,0
89851,0
42288,0
111580,0
59221,0
27373,0
50224,0
41720,0
99049,0
55597,0
139899,0
89131,0
157368,0
89277,0
6021,0
90689,0
74912,0
41402,0
44832,0
75853,0
129747,0
14460,0
59021,0
35323,0
39676,0
148262,0
15316,0
89708,0
117356,0
125966,0
129210,0
87686,0
183447,0
99915,0
101953,0
68316,0
182958,0
152718,0
174856,0
133890,0
190299,0
130750,0
102204,0
80003,0
147178,0
50986,0
53940,0
94456,0
36463,0
16196,0
78543,0
144695,0
101007,0
194982,0
165867,0
165881,0
72754,0
191492,0
812,0
143833,0
133622,0
59003,0
123369,0
47611,0
190284,0
126270,0
105773,0
119959,0
185179,0
32969,0
10912,0
88704,0
107586,0
91529,0
175462,0
152230,0
139431,0
136462,0
164059,0
92860,0
127615,0
137623,0
197336,0
186648,0
117945,0
112632,0
51183,0
81411,0
102241,0
91485,0
52707,0
122603,0
94622,0
17922,0
81270,0
173365,0
164099,0
84318,0
150097,0
79183,0
77406,0
70763,0
176447,0
109928,0
71397,0
76085,0
184868,0
28848,0
109603,0
61103,0
68487,0
190871,0
157922,0
69170,0
199721,0
50294,0
158444,0
118678,0
24141,0
31160,0
101646,0
32519,0
59508,0
49923,0
183687,0
46320,0
77048,0
5188,0
46945,0
40443,0
166495,0
164682,0
71222,0
94281,0
121309,0
23232,0
74689,0
160284,0
101102,0
2747,0
190532,0
126883,0
95056,0
83615,0
14135,0
181382,0
135770,0
10677,0
99350,0
115027,0
187823,0
107204,0
69128,0
128507,0
164348,0
77309,0
147754,0
83348,0
190550,0
146646,0
114331,0
112893,0
104399,0
88204,0
178988,0
170519,0
132211,0
24017,0
63803,0
59117,0
128120,0
67930,0
210,0
75218,0
68040,0
77462,0
30137,0
185729,0
128175,0
163822,0
91234,0
19580,0
64192,0
34252,0
23241,0
6348,0
61187,0
37665,0
162825,0
96734,0
172886,0
55690,0
48149,0
156398,0
5997,0
169538,0
14999,0
196853,0
68432,0
174707,0
148064,0
195144,0
128629,0
160559,0
191295,0
130557,0
163629,0
47313,0
97376,0
102625,0
52487,0
167343,0
105098,0
62263,0
199927,0
155726,0
168794,0
124697,0
147226,0
107106,0
74039,0
160976,0
39675,0
137447,0
86018,0
91249,0
64859,0
162476,0
125468,0
179348,0
125987,0
53377,0
67094,0
61852,0
806,0
72568,0
189747,0
189068,0
37779,0
111791,0
110802,0
65301,0
6027,0
3570,0
86015,0
186319,0
145411,0
65108,0
102510,0
188260,0
44817,0
173586,0
137464,0
61716,0
103178,0
168960,0
96681,0
81995,0
54752,0
31787,0
18474,0
114678,0
82859,0
5418,0
99954,0
89831,0
160214,0
75443,0
175217,0
78833,0
186089,0
81174,0
111609,0
64455,0
78869,0
123940,0
55465,0
194125,0
84488,0
174342,0
11936,0
121532,0
168497,0
3804,0
18907,0
152511,0
60338,0
62376,0
84426,0
97184,0
170992,0
114458,0
51524,0
143223,0
114447,0
76682,0
152077,0
191104,0
130925,0
60521,0
77519,0
142335,0
143092,0
133038,0
17575,0
113251,0
16550,0
183707,0
148250,0
88373,0
77476,0
72385,0
152757,0
73666,0
99680,0
96043,0
2921,0
179703,0
129443,0
64356,0
18279,0
185825,0
100806,0
67632,0
80384,0
81430,0
173933,0
101361,0
6308,0
114837,0
191645,0
194838,0
149286,0
34647,0
24355,0
77628,0
52065,0
50911,0
71241,0
50996,0
6103,0
186372,0
133690,0
84764,0
35410,0
193681,0
25525,0
151220,0
196283,0
38626,0
152379,0
100133,0
64905,0
165634,0
159018,0
132340,0
14001,0
50336,0
122002,0
2075,0
107510,0
42125,0
149809,0
85646,0
113595,0
2119,0
5015,0
58435,0
195206,0
13994,0
138395,0
123310,0
148510,0
143367,0
9127,0
61437,0
141411,0
104950,0
177609,0
1080,0
199935,0
20898,0
152840,0
34046,0
26971,0
88729,0
70046,0
188083,0
31435,0
3436,0
22862,0
176468,0
62058,0
172321,0
14934,0
105467,0
40486,0
195140,0
33010,0
194530,0
81769,0
155342,0
47060,0
18223,0
72321,0
117042,0
82029,0
77449,0
51130,0
109193,0
197331,0
14367,0
7171,0
115733,0
48586,0
83665,0
82580,0
194057,0
199457,0
2428,0
96404,0
5428,0
144130,0
168883,0
112020,0
97625,0
36924,0
140788,0
50299,0
13092,0
170944,0
68545,0
25488,0
163567,0
28076,0
129162,0
156253,0
117764,0
156406,0
37252,0
104856,0
97258,0
3827,0
66082,0
172596,0
197031,0
39809,0
85088,0
167969,0
8744,0
32034,0
52750,0
7067,0
8580,0
86798,0
29078,0
49069,0
190234,0
49801,0
163881,0
158055,0
56597,0
183157,0
103556,0
149327,0
46284,0
73976,0
138881,0
5290,0
124403,0
192924,0
156452,0
115228,0
95176,0
11696,0
52464,0
109455,0
46323,0
3772,0
153406,0
158280,0
131268,0
81517,0
167554,0
161688,0
54697,0
116628,0
135958,0
37640,0
133883,0
188328,0
10189,0
126432,0
169207,0
27066,0
50620,0
192236,0
194124,0
74208,0
95048,0
190907,0
174331,0
196653,0
198883,0
66792,0
136250,0
22465,0
110493,0
8070,0
51463,0
9077,0
61784,0
137450,0
123163,0
97422,0
152276,0
1768,0
63044,0
76844,0
121897,0
117729,0
62334,0
199768,0
87094,0
162163,0
143295,0
191012,0
103265,0
38245,0
145645,0
178019,0
65556,0
49080,0
154359,0
3167,0
118852,0
189752,0
49799,0
28295,0
117718,0
171392,0
181938,0
14148,0
38052,0
78501,0
62434,0
50828,0
97721,0
15748,0
59625,0
65534,0
186929,0
182560,0
169186,0
86324,0
25292,0
99819,0
162849,0
45306,0
34454,0
174297,0
118866,0
85211,0
137501,0
52282,0
131144,0
8844,0
52867,0
164543,0
177937,0
94192,0
75962,0
76769,0
67042,0
64700,0
197691,0
107271,0
195211,0
34011,0
36904,0
79862,0
189229,0
106559,0
32873,0
78126,0
76205,0
197603,0
1253,0
105505,0
76543,0
70780,0
186215,0
69262,0
14082,0
89073,0
141147,0
168901,0
121951,0
62292,0
119825,0
102976,0
55756,0
105823,0
163428,0
37976,0
30915,0
10491,0
16082,0
131730,0
62717,0
107410,0
100235,0
157556,0
117407,0
61679,0
127219,0
10998,0
37600,0
132525,0
113280,0
191106,0
172203,0
135877,0
36974,0
89663,0
31216,0
179223,0
68211,0
144513,0
27826,0
33250,0
121835,0
49487,0
114730,0
76166,0
112229,0
192044,0
12479,0
86132,0
155238,0
36264,0
14982,0
119178,0
11149,0
3656,0
65289,0
41594,0
72086,0
102769,0
172776,0
146565,0
89515,0
8368,0
59981,0
165083,0
114075,0
12340,0
87411,0
57237,0
77467,0
32552,0
6518,0
175573,0
141364,0
126912,0
187183,0
127573,0
190268,0
35187,0
18996,0
28639,0
114344,0
59507,0
70356,0
16716,0
159385,0
54029,0
116254,0
90066,0
83369,0
35205,0
7322,0
54546,0
183398,0
148661,0
133973,0
170617,0
48977,0
170530,0
65680,0
102446,0
28166,0
7000,0
151067,0
193711,0
135159,0
157462,0
32833,0
109783,0
41958,0
177731,0
71975,0
119998,0
161601,0
111213,0
78945,0
14836,0
159682,0
163634,0
48396,0
43389,0
28116,0
184785,0
45618,0
125624,0
47168,0
43584,0
188384,0
100945,0
53611,0
54917,0
59154,0
67892,0
103075,0
153123,0
139487,0
199135,0
88371,0
41704,0
139488,0
107057,0
49138,0
15139,0
104146,0
111409,0
139856,0
33519,0
146348,0
31885,0
155076,0
61083,0
176717,0
173126,0
195602,0
138106,0
64005,0
56204,0
129229,0
142376,0
168157,0
26018,0
135686,0
159056,0
95047,0
86293,0
116499,0
110498,0
177825,0
125320,0
87642,0
176931,0
24818,0
14806,0
26259,0
12396,0
111750,0
4120,0
85890,0
109590,0
2666,0
154524,0
152739,0
80987,0
91250,0
131782,0
52106,0
155452,0
36906,0
137981,0
151520,0
35810,0
167500,0
121135,0
100316,0
11045,0
148163,0
22261,0
107757,0
57962,0
28707,0
184334,0
130010,0
14320,0
184386,0
22067,0
2220,0
55917,0
107529,0
35813,0
36560,0
119490,0
63442,0
104637,0
51023,0
168990,0
116443,0
125194,0
73697,0
74341,0
199556,0
161082,0
137129,0
11854,0
167364,0
59501,0
51721,0
156631,0
184064,0
192983,0
22477,0
157426,0
60163,0
103606,0
9824,0
110645,0
105537,0
66172,0
191827,0
168961,0
38686,0
48009,0
56833,0
199295,0
12754,0
198567,0
92881,0
127550,0
47553,0
39982,0
120346,0
30726,0
187607,0
71260,0
3931,0
117178,0
112809,0
164206,0
105750,0
86661,0
107632,0
166566,0
77883,0
154000,0
199148,0
170715,0
94526,0
96945,0
13438,0
181403,0
19023,0
38827,0
199218,0
176562,0
39412,0
160659,0
90000,0
29188,0
18348,0
154909,0
138218,0
134610,0
170195,0
35649,0
67718,0
24146,0
21216,0
448,0
54517,0
12249,0
130298,0
59875,0
118890,0
173843,0
191059,0
162734,0
64478,0
156907,0
29714,0
40607,0
114711,0
124117,0
28237,0
137002,0
177673,0
189813,0
110542,0
175444,0
61465,0
40118,0
19016,0
13755,0
69796,0
48424,0
90136,0
64380,0
120177,0
111236,0
102930,0
197476,0
49246,0
177978,0
13262,0
169934,0
172674,0
64399,0
67586,0
143285,0
13539,0
99233,0
190168,0
165836,0
72486,0
104369,0
86208,0
184275,0
150970,0
168136,0
23124,0
22521,0
89668,0
163973,0
177268,0
85503,0
147179,0
61019,0
36176,0
161227,0
117422,0
137596,0
173907,0
29893,0
174771,0
48159,0
139207,0
68571,0
64151,0
29335,0
107366,0
162305,0
6786,0
119422,0
108986,0
64609,0
195194,0
121718,0
199052,0
54183,0
51117,0
74301,0
87735,0
127983,0
137400,0
58190,0
114210,0
196248,0
134881,0
68296,0
183360,0
23304,0
69715,0
178716,0
149776,0
93519,0
196872,0
70080,0
28075,0
94052,0
18219,0
99772,0
89679,0
165099,0
186549,0
195401,0
195408,0
6571,0
148794,0
65321,0
89820,0
47877,0
153116,0
84116,0
156933,0
149633,0
5953,0
141625,0
92202,0
114268,0
45905,0
106126,0
70497,0
126664,0
112148,0
189475,0
34026,0
193078,0
185592,0
3339,0
45135,0
81375,0
109362,0
166880,0
143902,0
156306,0
22178,0
134080,0
39025,0
77890,0
173319,0
136411,0
43865,0
118641,0
48582,0
16803,0
197453,0
60261,0
191701,0
130370,0
170057,0
113791,0
60247,0
71741,0
190819,0
57979,0
153709,0
115954,0
132203,0
79160,0
160216,0
167870,0
7624,0
58967,0
163363,0
3309,0
142590,0
174269,0
83746,0
88617,0
85034,0
176605,0
36616,0
56877,0
63116,0
158553,0
37907,0
85469,0
113647,0
183515,0
141109,0
119910,0
54251,0
52461,0
118114,0
8910,0
180550,0
116844,0
53715,0
178541,0
13039,0
117093,0
9461,0
134723,0
102466,0
129344,0
42519,0
50568,0
174308,0
158476,0
22044,0
65587,0
2168,0
127289,0
132937,0
71514,0
186278,0
18460,0
48610,0
29494,0
84235,0
124398,0
137497,0
94359,0
27446,0
176793,0
103314,0
60610,0
175522,0
173581,0
129804,0
170810,0
14566,0
182823,0
18805,0
158078,0
10855,0
72758,0
155023,0
192613,0
195353,0
21979,0
133611,0
118726,0
119035,0
89766,0
183494,0
139742,0
9933,0
153458,0
10465,0
168072,0
28471,0
144782,0
132732,0
53045,0
14611,0
20537,0
199313,0
129044,0
87013,0
87439,0
186555,0
192823,0
144054,0
64659,0
174651,0
24421,0
100263,0
123950,0
19309,0
6570,0
1837,0
170709,0
29890,0
91683,0
23181,0
15107,0
84740,0
148230,0
31822,0
160412,0
91382,0
133440,0
149111,0
192318,0
18201,0
170305,0
185509,0
174776,0
98569,0
188432,0
1455,0
106377,0
112526,0
94233,0
108133,0
105697,0
149641,0
60525,0
146877,0
145619,0
142975,0
51547,0
26133,0
169889,0
48053,0
54669,0
65600,0
162561,0
14338,0
193184,0
49993,0
169263,0
121857,0
199861,0
61904,0
55301,0
43123,0
184385,0
157797,0
170328,0
182935,0
111426,0
168048,0
28104,0
105021,0
91544,0
123178,0
64094,0
130447,0
112810,0
164697,0
49557,0
46203,0
19883,0
65615,0
54263,0
115689,0
164135,0
140045,0
183134,0
12863,0
31678,0
103884,0
38206,0
28874,0
125858,0
82964,0
197024,0
167589,0
179617,0
107049,0
4860,0
154880,0
193321,0
168182,0
60100,0
15937,0
98524,0
80094,0
7704,0
177059,0
70786,0
107016,0
84959,0
47148,0
87542,0
117678,0
110585,0
198550,0
18317,0
92890,0
131440,0
78693,0
141609,0
116804,0
149858,0
81272,0
43839,0
93429,0
193803,0
88586,0
19369,0
11107,0
50821,0
190195,0
46336,0
76171,0
155862,0
136982,0
107987,0
119728,0
149248,0
157304,0
148582,0
163256,0
36881,0
123824,0
26686,0
48734,0
101412,0
116091,0
11972,0
140309,0
174785,0
28153,0
160030,0
194555,0
115997,0
70585,0
102277,0
119114,0
188714,0
11135,0
40310,0
64107,0
146223,0
154759,0
175334,0
95298,0
184118,0
54200,0
13763,0
65185,0
179751,0
53293,0
146141,0
105246,0
153875,0
154367,0
53333,0
121111,0
157103,0
136996,0
9893,0
57729,0
31554,0
137694,0
23259,0
43895,0
22590,0
137457,0
164020,0
135813,0
48030,0
71079,0
17242,0
187380,0
27268,0
13946,0
76448,0
64710,0
62015,0
156408,0
118173,0
36221,0
117162,0
60249,0
158656,0
79926,0
195332,0
21486,0
160575,0
171658,0
172222,0
99669,0
35693,0
62992,0
27191,0
192141,0
60555,0
173386,0
46626,0
181208,0
177246,0
30519,0
180312,0
159659,0
35231,0
51420,0
90599,0
58557,0
88641,0
34517,0
114644,0
190180,0
138150,0
115566,0
50175,0
123214,0
39963,0
9983,0
48794,0
163386,0
6372,0
119914,0
27430,0
88660,0
91145,0
181794,0
148192,0
101867,0
147753,0
103893,0
122103,0
114099,0
47049,0
2669,0
158115,0
187122,0
10109,0
18318,0
12433,0
30352,0
119597,0
174390,0
73605,0
61471,0
64199,0
59028,0
155876,0
118878,0
15919,0
128083,0
183342,0
179392,0
114124,0
196054,0
79408,0
180728,0
170635,0
23868,0
103267,0
137042,0
78084,0
116087,0
68465,0
195372,0
170175,0
147714,0
93541,0
109491,0
156317,0
66026,0
194779,0
129999,0
55333,0
29065,0
183388,0
105330,0
24197,0
170239,0
64066,0
171640,0
46805,0
85746,0
47755,0
191224,0
184646,0
168518,0
111964,0
124977,0
81094,0
11440,0
52138,0
95223,0
124085,0
196404,0
120927,0
51345,0
20823,0
145105,0
19087,0
194267,0
41168,0
63644,0
75455,0
192497,0
194106,0
109800,0
69275,0
66577,0
130760,0
63173,0
129148,0
102562,0
90456,0
21470,0
86159,0
20482,0
124184,0
199022,0
83696,0
77116,0
141030,0
171403,0
44519,0
182280,0
64990,0
34064,0
126908,0
113319,0
85268,0
108367,0
147790,0
189471,0
79969,0
48803,0
126615,0
128707,0
50766,0
75002,0
61473,0
31332,0
64791,0
78582,0
27042,0
125841,0
193614,0
59802,0
46255,0
121776,0
81741,0
110678,0
175658,0
126749,0
102401,0
112181,0
160989,0
136482,0
189805,0
125848,0
174834,0
123898,0
101939,0
108863,0
26703,0
105229,0
74831,0
176337,0
146691,0
117941,0
34220,0
10546,0
102951,0
18965,0
104209,0
134210,0
114709,0
104060,0
197186,0
138828,0
98419,0
48408,0
144247,0
184769,0
1704,0
143266,0
134125,0
63960,0
105261,0
129011,0
16845,0
173348,0
21411,0
147002,0
149348,0
1947,0
188800,0
167185,0
48288,0
57017,0
78071,0
139386,0
62166,0
107843,0
133543,0
56608,0
8811,0
73640,0
172359,0
100913,0
142668,0
4569,0
98953,0
37350,0
103259,0
164795,0
76878,0
117044,0
184837,0
56670,0
160107,0
106701,0
62096,0
7605,0
166404,0
156041,0
129127,0
80789,0
131632,0
169905,0
166386,0
69349,0
77953,0
91968,0
180672,0
144859,0
150916,0
156671,0
191022,0
132092,0
164867,0
65411,0
166827,0
56230,0
101122,0
146862,0
82217,0
23927,0
115655,0
72103,0
181338,0
169726,0
93255,0
133299,0
139438,0
53830,0
127347,0
124202,0
91098,0
100341,0
29819,0
136719,0
152822,0
174165,0
132931,0
122349,0
146524,0
133222,0
179092,0
35739,0
32726,0
110027,0
153987,0
84569,0
96201,0
196014,0
76343,0
140353,0
69253,0
181742,0
103280,0
90917,0
139004,0
185847,0
193665,0
2819,0
1592,0
2926,0
117875,0
6393,0
6667,0
191355,0
66064,0
173285,0
36618,0
194068,0
101314,0
22,0
84401,0
105507,0
166902,0
121686,0
153800,0
16954,0
151204,0
109376,0
187350,0
125936,0
112406,0
98549,0
65804,0
105405,0
105053,0
119387,0
190823,0
89382,0
74516,0
82395,0
92797,0
5688,0
151863,0
114631,0
141862,0
124121,0
41438,0
93813,0
185938,0
50198,0
188836,0
128107,0
56870,0
18628,0
19965,0
431,0
117797,0
145905,0
167202,0
40795,0
1822,0
122145,0
57122,0
36713,0
56238,0
66699,0
147706,0
28007,0
192554,0
107651,0
69437,0
199951,0
66762,0
153844,0
181439,0
36431,0
36846,0
72966,0
120578,0
84384,0
156416,0
198145,0
25153,0
53540,0
6582,0
126799,0
82313,0
65805,0
129602,0
197972,0
113627,0
194352,0
146173,0
166668,0
172484,0
188560,0
141273,0
120802,0
40714,0
8669,0
116199,0
12917,0
184954,0
2160,0
151665,0
194459,0
80728,0
97962,0
192452,0
47958,0
138013,0
122889,0
180957,0
105020,0
18553,0
141570,0
192794,0
168153,0
31408,0
156468,0
140542,0
141572,0
73192,0
18707,0
20430,0
166772,0
185320,0
57280,0
61782,0
109420,0
66524,0
156090,0
48966,0
91305,0
122063,0
43301,0
158890,0
34599,0
129419,0
20373,0
143397,0
10593,0
176754,0
184529,0
95038,0
162137,0
80687,0
137921,0
164238,0
171926,0
189212,0
187889,0
88567,0
103861,0
154839,0
51404,0
58894,0
118557,0
98793,0
2333,0
86603,0
113086,0
21671,0
128837,0
86824,0
158482,0
118574,0
86507,0
52565,0
187917,0
71902,0
117052,0
79141,0
52524,0
187572,0
11437,0
98724,0
70817,0
92160,0
76837,0
30639,0
83189,0
102530,0
19928,0
77404,0
34848,0
158139,0
77985,0
77936,0
20611,0
196611,0
162539,0
70493,0
190188,0
130583,0
59085,0
178522,0
2593,0
155309,0
184109,0
80240,0
95906,0
171360,0
81705,0
3551,0
177486,0
108811,0
173027,0
9434,0
13222,0
94884,0
52911,0
43980,0
149540,0
164067,0
41945,0
198946,0
155367,0
163211,0
33432,0
113829,0
33769,0
180739,0
170910,0
54795,0
174686,0
164557,0
174151,0
38506,0
82042,0
191617,0
42227,0
67620,0
5844,0
11234,0
7988,0
159490,0
46989,0
181689,0
145419,0
82715,0
125718,0
85855,0
27539,0
45356,0
36134,0
99374,0
181848,0
173217,0
77033,0
181086,0
51550,0
51730,0
92239,0
11160,0
120422,0
118307,0
24249,0
110249,0
87059,0
64092,0
18313,0
51794,0
3430,0
954,0
125390,0
89432,0
89262,0
117121,0
31472,0
114758,0
1711,0
54093,0
35884,0
188284,0
190701,0
37292,0
83930,0
30109,0
48202,0
180874,0
6160,0
24943,0
44753,0
176302,0
119189,0
168457,0
157989,0
144026,0
90673,0
81201,0
71714,0
86682,0
22422,0
67708,0
162872,0
90586,0
122335,0
148296,0
66958,0
107141,0
115265,0
59109,0
137214,0
33238,0
108790,0
59464,0
195213,0
156803,0
52232,0
131957,0
130979,0
57441,0
17896,0
39481,0
100702,0
1714,0
159460,0
131428,0
49825,0
119347,0
135746,0
189226,0
184611,0
24854,0
98587,0
75680,0
23508,0
131671,0
129483,0
166802,0
117959,0
88238,0
151890,0
150086,0
104126,0
154298,0
103810,0
132090,0
103055,0
176734,0
115327,0
29589,0
173334,0
89451,0
75343,0
134341,0
157622,0
151249,0
2768,0
50044,0
144279,0
140943,0
144136,0
36416,0
37084,0
33656,0
119634,0
126597,0
144877,0
175465,0
79413,0
48822,0
36991,0
175469,0
181701,0
141385,0
192520,0
185914,0
170219,0
108463,0
302,0
2402,0
142324,0
189439,0
88906,0
182744,0
146733,0
81646,0
20703,0
186766,0
20933,0
11177,0
7170,0
149189,0
66460,0
154026,0
109071,0
167979,0
25257,0
15643,0
151969,0
72029,0
172231,0
146334,0
194121,0
92496,0
131014,0
168620,0
156902,0
133873,0
108673,0
125343,0
155181,0
44717,0
41815,0
110365,0
53759,0
176383,0
168285,0
24551,0
77171,0
176922,0
182851,0
99063,0
32535,0
6741,0
152763,0
199531,0
157030,0
7368,0
109367,0
66269,0
152746,0
148109,0
160699,0
198718,0
111378,0
100147,0
118925,0
141000,0
119008,0
34908,0
178574,0
9337,0
158126,0
112254,0
118216,0
170987,0
32658,0
67260,0
31018,0
12270,0
181601,0
165436,0
79281,0
4189,0
110983,0
78162,0
93522,0
17732,0
82684,0
98123,0
22515,0
187649,0
132614,0
21698,0
109929,0
67110,0
91034,0
55872,0
14804,0
100494,0
126138,0
1398,0
35309,0
30072,0
158782,0
83166,0
54783,0
67194,0
108120,0
105030,0
127908,0
55916,0
85077,0
75966,0
167450,0
54755,0
185443,0
41430,0
35725,0
154149,0
69010,0
132814,0
138744,0
118871,0
7134,0
191353,0
188978,0
37728,0
118177,0
74547,0
80777,0
46128,0
193443,0
155334,0
6135,0
30551,0
155336,0
94602,0
146586,0
11885,0
163494,0
172510,0
172397,0
156697,0
176298,0
26951,0
82064,0
36853,0
182695,0
177114,0
83767,0
19477,0
38083,0
103948,0
153688,0
111950,0
8429,0
127714,0
118065,0
107659,0
101700,0
163607,0
103955,0
177740,0
108182,0
65402,0
105628,0
59561,0
141374,0
52856,0
43972,0
37204,0
135039,0
167011,0
139173,0
145374,0
135995,0
53453,0
94857,0
43397,0
72215,0
126134,0
7560,0
124643,0
198535,0
68899,0
139728,0
32028,0
155312,0
173634,0
131719,0
190614,0
134972,0
47726,0
190711,0
135143,0
46916,0
6907,0
44925,0
22259,0
100801,0
50797,0
92851,0
196556,0
150684,0
46872,0
135732,0
116188,0
36117,0
72616,0
109436,0
51746,0
17236,0
36556,0
99384,0
306,0
76029,0
125292,0
178766,0
170162,0
135736,0
57431,0
144956,0
10110,0
48552,0
65547,0
162403,0
65187,0
33050,0
185703,0
185742,0
156184,0
111553,0
122954,0
28916,0
198128,0
171149,0
173580,0
14560,0
168339,0
50143,0
124626,0
148,0
162837,0
164504,0
142967,0
5088,0
40161,0
12907,0
125973,0
96167,0
80361,0
16965,0
175703,0
157380,0
41359,0
68259,0
171371,0
196289,0
188713,0
193345,0
36834,0
102311,0
59451,0
53334,0
109801,0
183937,0
95533,0
84769,0
61463,0
70886,0
16963,0
84896,0
135646,0
147997,0
132045,0
3245,0
81354,0
192722,0
73846,0
193683,0
160271,0
100019,0
99312,0
154657,0
149662,0
89722,0
161431,0
173719,0
163049,0
129914,0
55116,0
28954,0
100889,0
5949,0
145318,0
58953,0
117560,0
70944,0
187280,0
192668,0
99043,0
86131,0
195418,0
82304,0
48008,0
105499,0
134107,0
56504,0
93494,0
136925,0
100349,0
152293,0
26218,0
100503,0
180445,0
35587,0
39971,0
95538,0
169643,0
158352,0
105331,0
182124,0
149152,0
130254,0
33090,0
122314,0
162312,0
80483,0
62133,0
70522,0
193284,0
58875,0
3811,0
43045,0
19953,0
64792,0
10291,0
83378,0
114122,0
165251,0
103033,0
41303,0
101918,0
136542,0
188507,0
60297,0
33226,0
128431,0
178881,0
130253,0
106049,0
45623,0
89475,0
22128,0
92151,0
99236,0
179917,0
176164,0
16591,0
62415,0
29130,0
49443,0
82412,0
33274,0
176238,0
57212,0
66384,0
120427,0
110510,0
154469,0
141984,0
146502,0
73799,0
32804,0
193351,0
185723,0
182957,0
68342,0
43872,0
97748,0
170672,0
7380,0
101804,0
74947,0
118702,0
37081,0
193306,0
126378,0
190001,0
91281,0
167380,0
178139,0
114132,0
82134,0
66574,0
112884,0
21474,0
28437,0
168087,0
99097,0
21063,0
62094,0
66267,0
146490,0
175496,0
99341,0
118876,0
56751,0
176056,0
23434,0
139311,0
92323,0
61561,0
71365,0
81374,0
37946,0
8931,0
86764,0
166960,0
3426,0
65830,0
157952,0
153892,0
195977,0
95749,0
121256,0
198429,0
104574,0
180466,0
148953,0
21501,0
49786,0
85139,0
132753,0
92509,0
75029,0
158253,0
173954,0
152182,0
117653,0
11688,0
28862,0
90122,0
115048,0
159088,0
181847,0
124457,0
124945,0
134975,0
84858,0
75868,0
169596,0
174598,0
177068,0
1145,0
22005,0
6108,0
33789,0
54355,0
14068,0
195017,0
96311,0
181570,0
98344,0
172089,0
40796,0
174713,0
158734,0
197717,0
71899,0
24577,0
8223,0
22327,0
29235,0
159501,0
75338,0
177393,0
169393,0
76499,0
47390,0
75620,0
14289,0
199062,0
184188,0
158648,0
83910,0
80575,0
82002,0
6118,0
174996,0
91956,0
164729,0
139082,0
102356,0
19594,0
197970,0
108937,0
164826,0
62888,0
15516,0
91092,0
108582,0
85481,0
50580,0
194957,0
165794,0
18016,0
123919,0
99667,0
17929,0
116390,0
18529,0
43085,0
91993,0
48430,0
154306,0
174287,0
55856,0
2788,0
162423,0
128591,0
72625,0
80594,0
168686,0
37404,0
51533,0
141757,0
136264,0
125409,0
61399,0
78816,0
85467,0
81658,0
109903,0
57901,0
192162,0
33095,0
119335,0
71888,0
108666,0
144403,0
114937,0
44229,0
140464,0
169543,0
18468,0
194310,0
65179,0
111204,0
57928,0
48116,0
110927,0
66937,0
194465,0
14735,0
176926,0
132442,0
187377,0
191987,0
53989,0
150211,0
2712,0
41882,0
77800,0
102505,0
49033,0
67693,0
23703,0
124490,0
67965,0
51380,0
46400,0
135874,0
63869,0
84463,0
171786,0
136185,0
170521,0
108682,0
160639,0
193718,0
25380,0
121030,0
35154,0
137239,0
192737,0
149057,0
10414,0
106169,0
73803,0
97918,0
39303,0
48232,0
178373,0
158639,0
62972,0
88929,0
76585,0
13221,0
138442,0
120925,0
11329,0
83875,0
108720,0
113729,0
83027,0
2277,0
152322,0
156287,0
153354,0
133257,0
116178,0
42472,0
72527,0
194926,0
37214,0
153335,0
95158,0
161373,0
153326,0
112209,0
186371,0
47673,0
17867,0
184458,0
187557,0
196775,0
131230,0
61488,0
96553,0
181433,0
72605,0
127357,0
158299,0
138485,0
57990,0
88012,0
115927,0
118292,0
15047,0
198534,0
127005,0
85039,0
107258,0
131814,0
45753,0
193089,0
197017,0
162445,0
167572,0
50768,0
171199,0
114491,0
56983,0
119768,0
42571,0
58885,0
110480,0
39596,0
139191,0
79799,0
124200,0
2280,0
117616,0
176219,0
106837,0
199825,0
5226,0
82400,0
114207,0
130812,0
103508,0
121725,0
90582,0
100628,0
70960,0
150335,0
70955,0
91439,0
74419,0
197096,0
167284,0
185344,0
90186,0
102756,0
36502,0
75821,0
119841,0
52408,0
13647,0
37527,0
80029,0
85695,0
187475,0
30201,0
149325,0
171341,0
69954,0
34308,0
10957,0
109942,0
5878,0
25857,0
121563,0
85322,0
162921,0
123926,0
87838,0
65661,0
186078,0
88255,0
39630,0
13478,0
160865,0
63153,0
150293,0
133652,0
199124,0
32114,0
131560,0
56454,0
16838,0
131481,0
170058,0
185034,0
92569,0
147370,0
1172,0
34680,0
84549,0
122645,0
69075,0
157745,0
78866,0
92659,0
155047,0
67571,0
170204,0
148519,0
88314,0
140526,0
118749,0
143265,0
181363,0
151135,0
107863,0
6864,0
119382,0
71642,0
66796,0
104802,0
118684,0
180183,0
137144,0
99961,0
132150,0
25172,0
53603,0
193017,0
169258,0
113324,0
104150,0
44890,0
61156,0
15265,0
35861,0
17853,0
154663,0
133741,0
133578,0
193924,0
150001,0
69502,0
102881,0
133704,0
25704,0
27532,0
57544,0
192263,0
99348,0
152791,0
20294,0
115082,0
122212,0
73462,0
151836,0
188221,0
82334,0
84065,0
197867,0
47083,0
69620,0
81019,0
79331,0
126048,0
72774,0
106434,0
191300,0
28312,0
95110,0
185380,0
29205,0
191297,0
159545,0
75150,0
26701,0
96660,0
181878,0
70133,0
158818,0
160478,0
196710,0
94707,0
57726,0
44423,0
102573,0
77940,0
101440,0
57497,0
126747,0
61109,0
88713,0
127497,0
35084,0
185237,0
104489,0
54079,0
173430,0
50160,0
34741,0
24502,0
187144,0
122422,0
96253,0
131213,0
51499,0
46437,0
159446,0
142313,0
5849,0
133582,0
194845,0
78791,0
189810,0
63239,0
174885,0
185841,0
25162,0
100743,0
126548,0
27006,0
184981,0
22893,0
137521,0
118942,0
74268,0
145982,0
42439,0
153170,0
196973,0
109034,0
44111,0
118565,0
12458,0
2349,0
106510,0
141963,0
113164,0
188916,0
124653,0
23905,0
37694,0
7731,0
150618,0
114797,0
14970,0
81459,0
145688,0
94166,0
41504,0
175330,0
46446,0
95631,0
63499,0
195060,0
129928,0
187612,0
151348,0
70752,0
170631,0
161187,0
103996,0
104092,0
50261,0
197748,0
184183,0
57859,0
181511,0
37547,0
140153,0
16042,0
14979,0
133510,0
63515,0
27713,0
98220,0
94336,0
58350,0
41426,0
140516,0
168761,0
125027,0
85011,0
82442,0
131808,0
193068,0
159987,0
12232,0
190331,0
128686,0
45131,0
164271,0
163101,0
35893,0
87833,0
176852,0
14355,0
21447,0
117787,0
87973,0
75818,0
155646,0
111112,0
127696,0
174769,0
177048,0
150665,0
128280,0
10018,0
115869,0
188502,0
114033,0
149346,0
158514,0
137728,0
34895,0
153306,0
149963,0
79511,0
61934,0
174207,0
75955,0
32863,0
56264,0
128345,0
30532,0
189064,0
134637,0
71615,0
146259,0
187644,0
98551,0
41461,0
121140,0
131274,0
14274,0
130977,0
52647,0
157731,0
61015,0
28587,0
171220,0
144987,0
195856,0
75262,0
18768,0
43083,0
135550,0
161381,0
25246,0
132586,0
163481,0
101927,0
63586,0
150801,0
93313,0
193269,0
28663,0
190863,0
98190,0
68458,0
60866,0
65059,0
23757,0
55807,0
80149,0
76188,0
172358,0
27704,0
161664,0
7768,0
55819,0
98603,0
115207,0
7614,0
32029,0
11633,0
124584,0
115900,0
66079,0
131221,0
78370,0
123026,0
16762,0
192898,0
147958,0
7578,0
103355,0
125602,0
127727,0
51494,0
27920,0
176450,0
74974,0
107426,0
170658,0
158422,0
125334,0
53800,0
154384,0
167978,0
63176,0
13891,0
103357,0
194188,0
54602,0
57158,0
95935,0
33025,0
125675,0
50066,0
176451,0
721,0
88146,0
132321,0
191265,0
148439,0
88508,0
48183,0
74984,0
168191,0
131132,0
128487,0
189324,0
123399,0
183473,0
36967,0
137037,0
92119,0
10363,0
35141,0
162713,0
70385,0
100962,0
130239,0
185060,0
67478,0
27337,0
147814,0
110128,0
55177,0
127742,0
128060,0
11435,0
108266,0
151719,0
172440,0
176328,0
37813,0
165089,0
9111,0
175494,0
182709,0
168007,0
123694,0
1957,0
189323,0
111926,0
196316,0
199839,0
49925,0
63241,0
52055,0
53783,0
106668,0
11559,0
161423,0
118875,0
141018,0
132505,0
47480,0
139928,0
131146,0
22547,0
50589,0
152805,0
23144,0
134614,0
25854,0
61812,0
81629,0
35029,0
179135,0
139762,0
142170,0
166761,0
80880,0
15087,0
49740,0
185006,0
75063,0
92193,0
23427,0
99425,0
75739,0
24456,0
104805,0
87024,0
153658,0
127074,0
178081,0
140399,0
12435,0
110475,0
77854,0
23531,0
117814,0
199751,0
125764,0
128790,0
99801,0
132702,0
148264,0
63974,0
10527,0
158103,0
118787,0
151539,0
34087,0
158492,0
44915,0
18341,0
75328,0
80688,0
89829,0
76299,0
104452,0
13141,0
63891,0
33692,0
177837,0
179893,0
33089,0
75810,0
62761,0
108449,0
197013,0
64945,0
178194,0
89198,0
195833,0
167494,0
61991,0
150074,0
65702,0
9857,0
27026,0
134082,0
104310,0
184485,0
151868,0
59796,0
37442,0
64023,0
157236,0
58502,0
24919,0
27309,0
183017,0
79284,0
166083,0
18359,0
107667,0
48182,0
99224,0
38448,0
163294,0
63757,0
5212,0
151414,0
134804,0
157145,0
58221,0
158588,0
84193,0
106633,0
18522,0
103958,0
9106,0
158973,0
180017,0
92570,0
183331,0
76814,0
17817,0
44262,0
8731,0
148182,0
184473,0
159377,0
106612,0
150580,0
4125,0
103438,0
36793,0
59415,0
45632,0
38157,0
26004,0
176312,0
113425,0
79495,0
11366,0
60518,0
26429,0
107642,0
41559,0
87536,0
31045,0
199510,0
95876,0
117526,0
68151,0
96534,0
34713,0
25376,0
135181,0
67208,0
14422,0
126717,0
31493,0
168636,0
72425,0
39879,0
29093,0
28117,0
28490,0
50053,0
188240,0
50096,0
146169,0
155596,0
53976,0
94276,0
29011,0
170712,0
199312,0
185581,0
12563,0
25318,0
3598,0
129701,0
172534,0
138153,0
61245,0
129254,0
110011,0
138526,0
152828,0
188821,0
111246,0
60897,0
171866,0
167934,0
145135,0
29026,0
139081,0
39885,0
109721,0
147467,0
15185,0
138789,0
147473,0
35136,0
51885,0
86846,0
71278,0
116457,0
39400,0
140756,0
81284,0
180945,0
170673,0
123403,0
7332,0
170274,0
56610,0
113695,0
86632,0
73171,0
191362,0
66805,0
107078,0
12732,0
72048,0
123569,0
71429,0
186269,0
154502,0
192001,0
35979,0
42850,0
168855,0
145425,0
70591,0
70546,0
73493,0
96252,0
136101,0
128619,0
144200,0
67173,0
177626,0
145786,0
21002,0
129762,0
8802,0
168266,0
17356,0
57399,0
52329,0
145276,0
160082,0
46104,0
81294,0
46770,0
129814,0
112960,0
67351,0
195421,0
51628,0
2854,0
34628,0
11456,0
187819,0
122842,0
180377,0
63605,0
8142,0
120009,0
158497,0
196251,0
182342,0
33168,0
160344,0
137148,0
124236,0
107897,0
42885,0
131041,0
110113,0
187834,0
36270,0
166397,0
196621,0
180361,0
43863,0
128868,0
73914,0
46965,0
133670,0
190202,0
37819,0
172994,0
51030,0
166559,0
4278,0
16879,0
119064,0
241,0
146309,0
57421,0
25656,0
26627,0
1549,0
105138,0
16686,0
72022,0
28845,0
153203,0
152532,0
8476,0
163798,0
190683,0
32376,0
55448,0
3421,0
19228,0
90063,0
147515,0
195904,0
32190,0
69158,0
114040,0
145254,0
105305,0
159481,0
16492,0
137204,0
125744,0
177654,0
65901,0
134952,0
127748,0
69388,0
127694,0
5710,0
100676,0
2553,0
46135,0
184328,0
58481,0
81567,0
64048,0
108640,0
159368,0
137255,0
142069,0
100182,0
23967,0
93913,0
33309,0
18482,0
101909,0
114626,0
134151,0
147172,0
26261,0
197049,0
8490,0
165789,0
101755,0
98452,0
177555,0
192684,0
46511,0
51918,0
74207,0
79053,0
130937,0
114221,0
131793,0
44510,0
68663,0
131424,0
136050,0
87404,0
16498,0
29710,0
179300,0
39370,0
54828,0
131308,0
86818,0
100771,0
107313,0
92018,0
22379,0
52466,0
151689,0
107151,0
143017,0
131031,0
1708,0
168210,0
196128,0
168309,0
47966,0
145691,0
53106,0
122528,0
78013,0
114159,0
194523,0
187496,0
179541,0
169624,0
126165,0
26272,0
185025,0
116243,0
118948,0
29074,0
21199,0
29483,0
57874,0
144762,0
135010,0
122893,0
23328,0
181241,0
165869,0
112290,0
169485,0
106838,0
69587,0
88695,0
71441,0
169698,0
26622,0
88911,0
121105,0
24029,0
154869,0
122156,0
157784,0
140423,0
194199,0
96076,0
144058,0
36835,0
169488,0
97081,0
90534,0
19706,0
118494,0
36437,0
169994,0
57543,0
77292,0
57188,0
128820,0
34943,0
142446,0
105531,0
45094,0
14911,0
118522,0
72223,0
73355,0
64087,0
117511,0
1591,0
53332,0
70101,0
65768,0
131743,0
145969,0
128541,0
102441,0
118019,0
38789,0
70645,0
141761,0
53631,0
157451,0
104135,0
130209,0
157865,0
66399,0
132980,0
71374,0
156158,0
126942,0
149110,0
142853,0
152618,0
139604,0
65848,0
188871,0
22618,0
93848,0
13601,0
100999,0
157625,0
88485,0
197036,0
68023,0
5520,0
99470,0
96997,0
20826,0
114360,0
13399,0
153565,0
107033,0
180984,0
44893,0
135805,0
37190,0
92977,0
37189,0
12900,0
182804,0
21615,0
173150,0
96550,0
120947,0
98505,0
50746,0
26771,0
84440,0
86835,0
5648,0
192974,0
185302,0
13870,0
118125,0
96589,0
34567,0
105950,0
31640,0
149254,0
33606,0
141483,0
48228,0
40696,0
40424,0
16263,0
57966,0
113369,0
104037,0
186348,0
24783,0
130713,0
4315,0
198372,0
134837,0
44585,0
126945,0
193313,0
70889,0
109497,0
82124,0
140039,0
71647,0
104181,0
125147,0
1438,0
2226,0
145273,0
169255,0
154180,0
70419,0
191091,0
54812,0
158976,0
14085,0
185071,0
159938,0
185256,0
126358,0
194243,0
29237,0
199838,0
127288,0
84077,0
130416,0
73120,0
35316,0
181127,0
34899,0
138357,0
78256,0
127235,0
82606,0
84643,0
41412,0
53486,0
138482,0
114601,0
161044,0
74940,0
183225,0
73301,0
32655,0
69373,0
146439,0
122373,0
10748,0
6266,0
135851,0
85895,0
119376,0
131005,0
10882,0
102826,0
47020,0
76716,0
101098,0
1801,0
21477,0
50195,0
108676,0
155587,0
20845,0
178672,0
60320,0
80317,0
186946,0
65662,0
93,0
159416,0
51653,0
86320,0
182672,0
182159,0
55423,0
164815,0
58700,0
90921,0
87152,0
137381,0
90842,0
113585,0
5930,0
188002,0
123980,0
151939,0
185088,0
10461,0
109608,0
93292,0
61106,0
100910,0
53259,0
6580,0
64130,0
131456,0
172761,0
139862,0
98446,0
109148,0
30562,0
101577,0
41654,0
34584,0
170154,0
186986,0
185865,0
133135,0
180348,0
93810,0
1097,0
53190,0
141039,0
136230,0
164555,0
132012,0
162730,0
117821,0
171431,0
82370,0
62287,0
49275,0
145534,0
6635,0
26067,0
43295,0
135063,0
10133,0
55852,0
29665,0
182393,0
180797,0
61528,0
133797,0
119027,0
117303,0
80202,0
187556,0
163581,0
27052,0
159329,0
12940,0
23935,0
141852,0
117429,0
181751,0
178456,0
177302,0
83306,0
134518,0
135390,0
87260,0
31764,0
101087,0
133394,0
92963,0
170405,0
79794,0
158896,0
108245,0
119592,0
47736,0
81361,0
127297,0
13424,0
93986,0
127420,0
171125,0
72925,0
116324,0
129502,0
17085,0
23296,0
108932,0
119836,0
113142,0
9208,0
33282,0
140445,0
43257,0
115923,0
11225,0
52771,0
37237,0
144433,0
57781,0
54677,0
18194,0
131692,0
189673,0
17391,0
192965,0
74025,0
172871,0
25501,0
127416,0
172549,0
30052,0
47891,0
174975,0
28529,0
149372,0
176913,0
183032,0
44332,0
197114,0
43287,0
62298,0
120228,0
95418,0
106058,0
143045,0
106488,0
76931,0
88129,0
79948,0
54319,0
128796,0
72224,0
141254,0
186663,0
35164,0
185773,0
129508,0
123383,0
192761,0
31952,0
98826,0
125838,0
151777,0
54126,0
175253,0
14667,0
62469,0
107273,0
43769,0
34521,0
172726,0
187177,0
90622,0
55211,0
119759,0
92792,0
119121,0
143990,0
12089,0
173086,0
86079,0
85257,0
185796,0
192717,0
47388,0
101848,0
132348,0
10203,0
104920,0
60020,0
60688,0
185698,0
75439,0
7010,0
56168,0
1748,0
129390,0
89695,0
19448,0
50398,0
44947,0
152776,0
186620,0
124717,0
66394,0
88538,0
9079,0
87466,0
195658,0
132957,0
85981,0
105746,0
134677,0
114745,0
152894,0
18226,0
14311,0
79023,0
14695,0
96746,0
195274,0
23140,0
177054,0
48632,0
195000,0
32180,0
57794,0
111988,0
27456,0
139675,0
141466,0
96821,0
134727,0
47623,0
174356,0
48021,0
5005,0
144208,0
137155,0
16572,0
121610,0
162549,0
42772,0
89827,0
7219,0
76843,0
161584,0
42242,0
42835,0
143020,0
162683,0
25145,0
176840,0
121869,0
125561,0
11932,0
32414,0
37898,0
51588,0
169443,0
82260,0
186836,0
29012,0
165236,0
38579,0
138008,0
95306,0
23860,0
47585,0
36397,0
68775,0
31641,0
186829,0
127189,0
142821,0
101521,0
24095,0
81790,0
69928,0
48682,0
141013,0
58235,0
171857,0
118405,0
49336,0
82460,0
183603,0
18405,0
192589,0
187993,0
199306,0
185638,0
190057,0
152396,0
2613,0
84973,0
104009,0
32562,0
183029,0
20402,0
99400,0
118777,0
127395,0
44461,0
171695,0
178833,0
16644,0
84893,0
182737,0
181061,0
17149,0
122264,0
6327,0
158101,0
183348,0
188595,0
77587,0
87890,0
106437,0
7649,0
133885,0
115724,0
182128,0
123556,0
82935,0
150891,0
170357,0
16295,0
167713,0
157835,0
38000,0
170354,0
118856,0
29144,0
196138,0
35127,0
157872,0
127603,0
115882,0
70829,0
51933,0
73570,0
96053,0
17904,0
179730,0
190011,0
145376,0
13407,0
97222,0
77317,0
51875,0
94803,0
92561,0
28081,0
92311,0
175857,0
6969,0
11369,0
146753,0
180063,0
179837,0
100266,0
80800,0
107613,0
15270,0
29449,0
193480,0
128916,0
137323,0
197254,0
104869,0
170702,0
58562,0
95957,0
112110,0
128499,0
185498,0
124938,0
55044,0
123618,0
43473,0
109307,0
160675,0
8035,0
70436,0
54647,0
90290,0
59690,0
132480,0
37838,0
41002,0
7008,0
7864,0
141998,0
102642,0
117610,0
139302,0
142274,0
90243,0
163006,0
181084,0
43948,0
36634,0
131393,0
168469,0
41202,0
13461,0
19916,0
191595,0
116726,0
127475,0
115972,0
133934,0
154843,0
144596,0
40280,0
98153,0
191462,0
74616,0
73859,0
104278,0
22983,0
52235,0
156490,0
21547,0
9418,0
115781,0
151382,0
198333,0
90203,0
67388,0
26297,0
121198,0
42664,0
57582,0
123670,0
77855,0
159870,0
147775,0
91696,0
162456,0
192113,0
183396,0
4151,0
177507,0
167897,0
115597,0
132369,0
436,0
181590,0
161283,0
197260,0
66414,0
53794,0
124413,0
101761,0
181489,0
122787,0
83473,0
151466,0
121021,0
103916,0
147133,0
123496,0
44985,0
19995,0
165423,0
55864,0
145216,0
17210,0
28222,0
153304,0
161274,0
114169,0
63599,0
155489,0
90060,0
31281,0
33895,0
133657,0
19320,0
156510,0
28981,0
192741,0
138568,0
192776,0
47717,0
38087,0
69200,0
108314,0
103377,0
73838,0
54544,0
33328,0
28003,0
132603,0
47108,0
191024,0
130014,0
177060,0
191032,0
136709,0
58651,0
87145,0
62256,0
21842,0
87958,0
197483,0
166822,0
10022,0
56257,0
191985,0
6396,0
27227,0
16345,0
198695,0
66559,0
86938,0
50682,0
36433,0
107134,0
10575,0
33684,0
110883,0
144423,0
30606,0
199874,0
163308,0
114393,0
158602,0
85030,0
9166,0
89356,0
152615,0
155686,0
157659,0
82285,0
122208,0
150437,0
26665,0
50129,0
45639,0
174315,0
178828,0
25341,0
28931,0
116037,0
100229,0
91629,0
195616,0
152202,0
95307,0
192482,0
162286,0
158974,0
74943,0
189897,0
156492,0
27252,0
112054,0
65749,0
98059,0
19775,0
702,0
82894,0
160759,0
109477,0
117324,0
121895,0
36204,0
41425,0
7372,0
83877,0
40810,0
22999,0
25395,0
166512,0
26199,0
24335,0
51299,0
171851,0
31909,0
150875,0
45064,0
28693,0
53461,0
11673,0
88671,0
18696,0
135817,0
17315,0
9226,0
24881,0
20985,0
17415,0
23420,0
3080,0
69688,0
138871,0
7087,0
118365,0
546,0
115496,0
153396,0
196566,0
109841,0
4977,0
86809,0
96715,0
174946,0
166295,0
110657,0
154156,0
173372,0
62722,0
3815,0
199517,0
184577,0
86703,0
20327,0
16867,0
187415,0
66999,0
153319,0
42640,0
167786,0
178587,0
38351,0
55949,0
161029,0
180873,0
163451,0
168714,0
28301,0
194315,0
11018,0
186367,0
149181,0
75655,0
123657,0
139176,0
149550,0
73965,0
149390,0
124834,0
143054,0
9927,0
74060,0
148091,0
32617,0
175199,0
162180,0
188629,0
181996,0
167573,0
38690,0
67006,0
50822,0
55836,0
121948,0
117354,0
36291,0
76043,0
95396,0
98002,0
182852,0
59338,0
115871,0
97888,0
71809,0
39132,0
155923,0
191166,0
181223,0
109605,0
140132,0
11370,0
78996,0
171642,0
72051,0
125760,0
3939,0
168083,0
128843,0
147443,0
33576,0
88458,0
162838,0
193672,0
97739,0
76593,0
36961,0
124892,0
69591,0
18381,0
8130,0
127795,0
60753,0
70293,0
90017,0
115281,0
80741,0
43364,0
140904,0
172432,0
12105,0
161467,0
146792,0
134607,0
94917,0
46688,0
180200,0
129300,0
110223,0
188019,0
44569,0
5055,0
177785,0
136444,0
160098,0
14394,0
46941,0
22578,0
98498,0
136054,0
97680,0
127709,0
157649,0
162742,0
17695,0
7304,0
64423,0
144972,0
183855,0
126071,0
2008,0
28406,0
182133,0
71578,0
122162,0
61210,0
22869,0
5759,0
26023,0
90495,0
186815,0
82483,0
57391,0
174433,0
120537,0
133902,0
168202,0
92616,0
187217,0
84345,0
100256,0
5992,0
141167,0
42229,0
108843,0
189111,0
27650,0
127032,0
4439,0
153942,0
165322,0
142239,0
74707,0
92166,0
34877,0
6218,0
24805,0
57155,0
30550,0
177413,0
161861,0
195054,0
154205,0
91657,0
121755,0
28330,0
94063,0
173894,0
158740,0
23264,0
23644,0
186655,0
179748,0
77823,0
22464,0
17114,0
44473,0
121362,0
29866,0
180733,0
183368,0
151420,0
153685,0
147078,0
90345,0
61188,0
22179,0
83074,0
81328,0
84122,0
186998,0
134331,0
82725,0
91718,0
191842,0
81640,0
67520,0
116985,0
164939,0
100029,0
107877,0
51582,0
163863,0
160186,0
188075,0
145497,0
63039,0
19933,0
58092,0
197781,0
177783,0
334,0
102242,0
71910,0
71757,0
186894,0
47081,0
103699,0
155133,0
139972,0
83315,0
113707,0
166006,0
121489,0
35955,0
179171,0
135792,0
137073,0
68726,0
76239,0
60414,0
179253,0
178505,0
11480,0
27656,0
183519,0
106867,0
182706,0
145588,0
187155,0
75968,0
55628,0
115998,0
90415,0
124532,0
174021,0
179398,0
162963,0
86571,0
119675,0
42207,0
173715,0
196744,0
39708,0
138944,0
72200,0
47383,0
126121,0
151562,0
165229,0
99062,0
187514,0
106083,0
83265,0
191310,0
169719,0
171811,0
189370,0
171109,0
4534,0
127522,0
148527,0
127393,0
150736,0
47816,0
58984,0
42089,0
173742,0
163212,0
105281,0
82107,0
186772,0
140090,0
171509,0
26940,0
22940,0
171841,0
140686,0
136816,0
43797,0
6088,0
59803,0
178110,0
69927,0
165808,0
22118,0
23268,0
56881,0
15322,0
113990,0
166929,0
38146,0
31616,0
37808,0
185700,0
119821,0
166155,0
97934,0
111039,0
193651,0
175585,0
125399,0
109396,0
43507,0
56076,0
144163,0
109544,0
193427,0
193631,0
21221,0
181927,0
144230,0
107140,0
62626,0
43368,0
44462,0
26175,0
5,0
82365,0
8944,0
3960,0
179692,0
107566,0
65325,0
31513,0
122243,0
167377,0
38744,0
30492,0
57675,0
100166,0
176812,0
140805,0
27144,0
107671,0
48378,0
54072,0
192063,0
153969,0
117525,0
32212,0
180380,0
79960,0
11890,0
105692,0
60823,0
120336,0
158886,0
160708,0
81894,0
197938,0
14229,0
93917,0
34383,0
32374,0
124034,0
106643,0
56282,0
175353,0
25633,0
170034,0
47889,0
117426,0
17988,0
76963,0
24579,0
20040,0
794,0
87290,0
162836,0
41077,0
141750,0
51623,0
92281,0
195135,0
147556,0
47666,0
164934,0
30567,0
152431,0
82346,0
18251,0
161740,0
42336,0
45442,0
163771,0
49630,0
199715,0
3826,0
26393,0
183861,0
136253,0
9235,0
179525,0
109107,0
102313,0
39826,0
33588,0
195491,0
42324,0
113863,0
52547,0
175189,0
113957,0
79016,0
122908,0
5829,0
118895,0
12330,0
149910,0
139994,0
69062,0
106014,0
181319,0
162483,0
193460,0
32108,0
66605,0
22588,0
136445,0
43683,0
109991,0
79417,0
114054,0
170093,0
90795,0
122042,0
185245,0
100267,0
94047,0
76262,0
27831,0
43088,0
74034,0
84468,0
120862,0
76640,0
71668,0
7615,0
108293,0
193037,0
141158,0
59887,0
91483,0
4207,0
84121,0
26550,0
44668,0
190277,0
152789,0
118413,0
43678,0
164448,0
28544,0
79567,0
99143,0
34573,0
197139,0
105958,0
141596,0
170687,0
124723,0
33389,0
52283,0
171479,0
74892,0
29171,0
75081,0
124492,0
157840,0
69146,0
99246,0
22054,0
54912,0
35593,0
11134,0
20507,0
136655,0
2785,0
114461,0
55975,0
111686,0
81535,0
184031,0
51969,0
173149,0
1499,0
38573,0
123096,0
133794,0
154640,0
64440,0
3711,0
134398,0
168460,0
88818,0
45349,0
59171,0
39666,0
194512,0
53841,0
18912,0
36716,0
59,0
197897,0
63320,0
75222,0
124314,0
175769,0
174019,0
49262,0
9144,0
151270,0
134586,0
19013,0
46045,0
28591,0
83786,0
117711,0
27784,0
192412,0
11179,0
126636,0
66978,0
162087,0
186084,0
157758,0
160237,0
24908,0
147506,0
33735,0
198140,0
80060,0
91706,0
185264,0
17411,0
29027,0
183098,0
164764,0
1537,0
55466,0
15839,0
181572,0
158498,0
81335,0
133192,0
137043,0
124093,0
18614,0
126769,0
92277,0
148205,0
160717,0
123292,0
190038,0
83965,0
36269,0
127254,0
33275,0
6787,0
35245,0
97950,0
149199,0
80118,0
103203,0
94041,0
92041,0
56131,0
20862,0
166540,0
41489,0
29292,0
100674,0
186999,0
140235,0
150159,0
89335,0
95282,0
163978,0
143239,0
140527,0
6279,0
193478,0
57648,0
81287,0
47190,0
151504,0
49674,0
45891,0
163017,0
167655,0
56303,0
61067,0
31295,0
55346,0
64890,0
116706,0
32536,0
175697,0
174376,0
14273,0
177799,0
123119,0
144160,0
16807,0
20252,0
19382,0
88513,0
16884,0
175336,0
195559,0
156448,0
128145,0
139291,0
94141,0
166680,0
162089,0
148335,0
76875,0
32763,0
143706,0
116220,0
127783,0
30102,0
1767,0
69573,0
197642,0
49695,0
170842,0
143931,0
197622,0
34955,0
183128,0
102548,0
52941,0
10469,0
64681,0
189318,0
184814,0
7450,0
35834,0
3345,0
178418,0
77754,0
44978,0
7131,0
160467,0
77006,0
118835,0
120247,0
66832,0
50430,0
175226,0
22537,0
117433,0
49599,0
69142,0
12992,0
199757,0
31491,0
162499,0
137908,0
28346,0
3543,0
170818,0
52956,0
62416,0
111605,0
109765,0
158384,0
90664,0
108569,0
155848,0
66820,0
117630,0
170037,0
177392,0
185943,0
41868,0
113550,0
12383,0
86851,0
180522,0
174058,0
94985,0
172108,0
139324,0
91899,0
71174,0
122287,0
129860,0
71211,0
16646,0
24814,0
180725,0
161947,0
18550,0
120819,0
116351,0
12191,0
48901,0
131458,0
2097,0
178075,0
198202,0
68286,0
136385,0
66067,0
88308,0
30619,0
6058,0
19344,0
80187,0
1040,0
39545,0
103624,0
99991,0
37799,0
191934,0
170513,0
36555,0
116533,0
137340,0
182084,0
150240,0
137984,0
157889,0
34223,0
48036,0
10875,0
92508,0
35150,0
85724,0
69731,0
2746,0
191971,0
110348,0
14197,0
94641,0
72781,0
101636,0
55214,0
120357,0
184467,0
108926,0
195969,0
139512,0
28018,0
183312,0
194867,0
176395,0
24080,0
70175,0
99672,0
110839,0
41748,0
102332,0
118930,0
132252,0
26377,0
137109,0
33509,0
31425,0
148779,0
94561,0
166741,0
8036,0
20042,0
40564,0
144146,0
49585,0
170893,0
91021,0
13362,0
120494,0
155208,0
100980,0
95150,0
642,0
44737,0
58368,0
10486,0
115990,0
104804,0
197942,0
24077,0
147621,0
38841,0
153210,0
62081,0
65916,0
44057,0
28656,0
194040,0
66028,0
67801,0
184173,0
76727,0
71746,0
64471,0
11875,0
159913,0
70146,0
184489,0
105672,0
61554,0
193616,0
46251,0
3088,0
72290,0
31052,0
187534,0
69376,0
2692,0
89815,0
108211,0
4624,0
13196,0
142633,0
90784,0
55518,0
40544,0
172817,0
173312,0
140973,0
63476,0
133917,0
183878,0
124292,0
43243,0
190158,0
27210,0
171753,0
88185,0
98471,0
140595,0
16895,0
134860,0
24105,0
82764,0
27453,0
33350,0
35169,0
177091,0
102515,0
41960,0
57939,0
119851,0
112305,0
195183,0
170984,0
34942,0
156666,0
88908,0
37635,0
32599,0
46580,0
112770,0
192680,0
130771,0
63860,0
172740,0
28705,0
138451,0
182361,0
56735,0
158981,0
163861,0
5393,0
16897,0
103322,0
196147,0
158708,0
67906,0
37330,0
103242,0
146187,0
181639,0
26683,0
86212,0
172220,0
14706,0
79676,0
166794,0
150478,0
161578,0
66594,0
177317,0
60492,0
35627,0
12869,0
110813,0
128401,0
5848,0
104990,0
64182,0
178794,0
48559,0
81353,0
126399,0
62908,0
89946,0
100331,0
169371,0
1742,0
138554,0
178632,0
134641,0
168097,0
190117,0
162438,0
67162,0
164560,0
75219,0
39806,0
18653,0
3842,0
88212,0
129932,0
49248,0
122371,0
115754,0
183158,0
176860,0
194865,0
27419,0
53434,0
78613,0
181423,0
121165,0
121795,0
165504,0
45296,0
52972,0
121628,0
154178,0
181713,0
8248,0
58628,0
14843,0
13555,0
23421,0
104510,0
29381,0
158655,0
190810,0
16987,0
156702,0
125942,0
36789,0
104221,0
13137,0
135425,0
155748,0
8871,0
195780,0
137334,0
167149,0
63538,0
91872,0
173233,0
46114,0
97971,0
182889,0
53813,0
35794,0
68478,0
50174,0
122659,0
138297,0
135672,0
15990,0
49743,0
108014,0
155254,0
10599,0
150400,0
192700,0
168294,0
144441,0
10654,0
120705,0
153144,0
174204,0
160607,0
86134,0
197641,0
153777,0
155207,0
174403,0
65333,0
38923,0
183433,0
22770,0
24391,0
167110,0
39141,0
19032,0
173188,0
193092,0
192848,0
132008,0
159922,0
153145,0
148614,0
103239,0
104888,0
146547,0
137887,0
76151,0
180648,0
170431,0
142149,0
59867,0
165624,0
198237,0
107590,0
97713,0
116043,0
153920,0
152368,0
137190,0
29873,0
43041,0
18001,0
52110,0
57052,0
118476,0
100835,0
80284,0
55848,0
145451,0
48155,0
30071,0
22625,0
163020,0
88307,0
44678,0
160159,0
13968,0
51078,0
70207,0
90535,0
15457,0
161835,0
39653,0
132396,0
61942,0
152529,0
23621,0
169771,0
46894,0
139521,0
81241,0
177169,0
31607,0
132444,0
121194,0
119399,0
196578,0
183733,0
180753,0
181085,0
138654,0
110833,0
54769,0
18458,0
187594,0
111884,0
151156,0
104355,0
64816,0
10816,0
101943,0
176791,0
37414,0
89947,0
98389,0
156968,0
183926,0
35918,0
41730,0
144557,0
131043,0
128922,0
38322,0
68719,0
40510,0
136341,0
49960,0
25981,0
107761,0
39797,0
174272,0
3350,0
151487,0
59419,0
64239,0
41736,0
134774,0
16880,0
124069,0
154341,0
83128,0
13359,0
141629,0
32802,0
137319,0
195947,0
14476,0
15510,0
193060,0
48501,0
48845,0
13937,0
188569,0
88846,0
160332,0
1185,0
147747,0
59551,0
65117,0
92188,0
166136,0
115744,0
58079,0
168046,0
23445,0
155172,0
199301,0
117173,0
183546,0
1786,0
77996,0
128021,0
107603,0
63768,0
185906,0
159270,0
107831,0
47528,0
167667,0
56361,0
134880,0
185241,0
85381,0
14051,0
114542,0
23880,0
146224,0
172160,0
80616,0
84990,0
23824,0
195515,0
60794,0
76392,0
14458,0
25529,0
156057,0
102153,0
114529,0
51418,0
196236,0
135659,0
17559,0
102478,0
30301,0
29919,0
42184,0
93441,0
111481,0
65882,0
99742,0
22035,0
189522,0
64324,0
64326,0
60203,0
45259,0
117880,0
107329,0
190591,0
48786,0
148674,0
81623,0
119963,0
81833,0
93340,0
173856,0
123987,0
157770,0
12466,0
41727,0
173206,0
37793,0
58730,0
7852,0
183275,0
108340,0
28169,0
170271,0
190637,0
15624,0
149019,0
144134,0
25620,0
94367,0
192455,0
26439,0
17914,0
148662,0
79523,0
3020,0
15913,0
112104,0
167867,0
102314,0
197314,0
104544,0
116784,0
124527,0
8485,0
95615,0
40305,0
101560,0
76874,0
30145,0
149955,0
67837,0
69520,0
123200,0
124454,0
112287,0
162024,0
99775,0
27618,0
40376,0
196115,0
43510,0
81205,0
29062,0
61289,0
138371,0
98481,0
39490,0
68659,0
131418,0
109733,0
126772,0
85874,0
32727,0
103082,0
83105,0
95668,0
35332,0
144307,0
75482,0
152145,0
186501,0
165580,0
191589,0
154618,0
170961,0
82000,0
90544,0
46023,0
196970,0
32901,0
188575,0
56016,0
17946,0
76249,0
27277,0
98156,0
128267,0
127424,0
180018,0
13832,0
110509,0
92002,0
42663,0
125609,0
140041,0
10848,0
143834,0
80854,0
1360,0
38029,0
83207,0
122450,0
1370,0
79812,0
50634,0
33922,0
141588,0
121984,0
19788,0
113225,0
163404,0
168908,0
74395,0
38740,0
144305,0
37899,0
100524,0
182231,0
113462,0
163473,0
56893,0
47219,0
189993,0
78987,0
34937,0
89438,0
179404,0
136783,0
52430,0
56672,0
759,0
181650,0
97820,0
104027,0
122112,0
112121,0
179423,0
199484,0
136364,0
52441,0
621,0
136528,0
131937,0
91520,0
182895,0
155380,0
21989,0
65077,0
158788,0
34718,0
84240,0
167785,0
35987,0
165806,0
95692,0
183122,0
149319,0
30682,0
111855,0
106830,0
16286,0
75632,0
138299,0
47792,0
140253,0
139249,0
65418,0
155635,0
181861,0
135739,0
87487,0
188566,0
166773,0
56187,0
126700,0
176920,0
91275,0
151648,0
102090,0
91723,0
58222,0
27424,0
102095,0
117386,0
108588,0
25883,0
184807,0
76971,0
61774,0
188778,0
99290,0
162502,0
17637,0
153317,0
96670,0
2267,0
80492,0
83368,0
48462,0
34912,0
172257,0
170062,0
137213,0
77022,0
160353,0
86708,0
130392,0
66215,0
49780,0
112040,0
180267,0
141373,0
89512,0
192069,0
120583,0
7510,0
157763,0
154147,0
77185,0
109473,0
56126,0
172875,0
143007,0
173347,0
49954,0
137809,0
79972,0
151041,0
154135,0
53108,0
36440,0
20459,0
180042,0
165786,0
65861,0
97567,0
118138,0
162366,0
135579,0
175164,0
47878,0
73862,0
142958,0
31961,0
113197,0
123248,0
18047,0
41792,0
161358,0
139914,0
53858,0
155613,0
149690,0
98881,0
48811,0
172834,0
135540,0
65227,0
177923,0
192153,0
18520,0
138099,0
91582,0
69860,0
64185,0
39711,0
76141,0
45479,0
13902,0
33313,0
10512,0
169435,0
121822,0
131472,0
196814,0
105581,0
110328,0
190548,0
128163,0
168171,0
172472,0
41685,0
81260,0
56854,0
198129,0
193582,0
80871,0
113641,0
106183,0
9476,0
22725,0
127190,0
152350,0
168838,0
75090,0
154230,0
2013,0
59087,0
118491,0
196267,0
44652,0
166483,0
195226,0
173539,0
186724,0
45071,0
132074,0
65477,0
156596,0
144875,0
71014,0
191065,0
97789,0
28868,0
54556,0
133520,0
139783,0
42276,0
72053,0
149408,0
79508,0
24440,0
41901,0
155884,0
100430,0
122382,0
62897,0
60663,0
116470,0
157507,0
57837,0
45009,0
19873,0
171294,0
13446,0
168358,0
86051,0
124126,0
29384,0
121712,0
25461,0
9009,0
63663,0
107803,0
175273,0
41803,0
158068,0
48619,0
75080,0
158509,0
117510,0
44367,0
194522,0
103233,0
120711,0
168951,0
111155,0
129666,0
4631,0
190475,0
17857,0
196252,0
194055,0
83039,0
175192,0
6539,0
155776,0
175873,0
37939,0
155602,0
166248,0
97197,0
87509,0
188511,0
70460,0
96182,0
176296,0
12642,0
41478,0
162420,0
116025,0
81466,0
81492,0
185279,0
12019,0
153482,0
70601,0
154484,0
120961,0
101264,0
67926,0
71585,0
100934,0
81959,0
108046,0
84600,0
19918,0
110840,0
5390,0
39248,0
174493,0
105820,0
91518,0
193382,0
189255,0
79367,0
76037,0
67950,0
180194,0
104628,0
195492,0
129180,0
155590,0
193995,0
59325,0
178344,0
35757,0
54440,0
147462,0
95208,0
157519,0
119437,0
158641,0
45450,0
61291,0
113818,0
199023,0
4458,0
15307,0
47801,0
175531,0
182106,0
116445,0
17156,0
101194,0
109021,0
174880,0
161233,0
124378,0
28512,0
20394,0
144335,0
146595,0
134517,0
84593,0
140392,0
139280,0
67081,0
60078,0
175691,0
43555,0
28414,0
24949,0
108713,0
75193,0
127273,0
101369,0
131468,0
161477,0
32204,0
146349,0
196618,0
2885,0
199113,0
181308,0
58507,0
123938,0
64750,0
119226,0
45932,0
128012,0
177491,0
114042,0
83318,0
172297,0
82624,0
195772,0
47570,0
134152,0
184051,0
98480,0
84289,0
112797,0
119749,0
85773,0
154848,0
8023,0
31876,0
168603,0
145836,0
172519,0
22587,0
186598,0
176075,0
124926,0
151226,0
168831,0
163151,0
167301,0
32686,0
92682,0
29971,0
102093,0
32054,0
35963,0
89901,0
107453,0
50555,0
69529,0
84504,0
45728,0
198154,0
119394,0
167157,0
145114,0
1567,0
23337,0
38837,0
176947,0
73499,0
14157,0
138116,0
63036,0
7735,0
125262,0
126902,0
181614,0
69415,0
173858,0
166337,0
29015,0
110808,0
186163,0
144869,0
47617,0
13284,0
130518,0
103279,0
75695,0
41978,0
159101,0
113771,0
156410,0
113902,0
175478,0
48387,0
53588,0
114173,0
123969,0
157279,0
50739,0
77559,0
155445,0
14340,0
123247,0
90949,0
12795,0
102176,0
125018,0
132501,0
4378,0
139015,0
118204,0
83897,0
34893,0
91182,0
121681,0
46543,0
109555,0
127575,0
130731,0
16128,0
66109,0
179925,0
180822,0
34807,0
115983,0
103787,0
80280,0
128645,0
187772,0
199714,0
75887,0
59619,0
21784,0
154877,0
183363,0
127346,0
13081,0
190370,0
30806,0
180783,0
1425,0
130838,0
160973,0
100146,0
72639,0
65786,0
18377,0
100603,0
77391,0
4517,0
25626,0
21072,0
120224,0
19200,0
125436,0
136000,0
54675,0
196191,0
175019,0
84348,0
14544,0
140965,0
137778,0
139906,0
188246,0
68679,0
19069,0
18839,0
58790,0
89259,0
70671,0
16972,0
99229,0
54189,0
83100,0
151985,0
34273,0
74705,0
104617,0
43453,0
37981,0
103482,0
10646,0
137448,0
196466,0
110793,0
84017,0
49139,0
110922,0
90997,0
183236,0
104706,0
96281,0
38773,0
32920,0
117138,0
121265,0
195662,0
93596,0
81722,0
148486,0
99444,0
124614,0
144941,0
56878,0
2636,0
84046,0
174744,0
26533,0
91533,0
74402,0
73170,0
88057,0
170048,0
182052,0
24464,0
14257,0
33084,0
182996,0
53824,0
71078,0
64639,0
64537,0
159809,0
16975,0
166592,0
173101,0
109096,0
181516,0
20056,0
161806,0
56320,0
103473,0
120540,0
135904,0
59118,0
111416,0
145920,0
84886,0
47206,0
44132,0
105494,0
164888,0
11902,0
17331,0
141204,0
125876,0
197225,0
33757,0
15353,0
99025,0
28618,0
126791,0
33746,0
8970,0
135135,0
158618,0
177585,0
70980,0
63727,0
150775,0
88505,0
178901,0
35053,0
164611,0
25334,0
56174,0
115415,0
107908,0
125955,0
102773,0
55831,0
183036,0
165622,0
8748,0
138505,0
57972,0
54790,0
181678,0
94601,0
39260,0
185242,0
20332,0
162371,0
53122,0
87273,0
100585,0
151161,0
139709,0
123571,0
165698,0
106247,0
89121,0
123659,0
199501,0
86866,0
21397,0
96163,0
69346,0
145031,0
160924,0
53447,0
6340,0
135285,0
124038,0
173359,0
156705,0
146047,0
188180,0
195828,0
13748,0
126330,0
40606,0
3729,0
38757,0
77304,0
129960,0
27632,0
198018,0
30264,0
119148,0
31293,0
172679,0
125892,0
49263,0
43036,0
83042,0
111410,0
161783,0
183332,0
26817,0
136151,0
81513,0
57147,0
146440,0
2682,0
105014,0
141342,0
117629,0
103368,0
197194,0
120650,0
80826,0
106327,0
14799,0
104049,0
118886,0
190323,0
86889,0
31051,0
173648,0
167541,0
199729,0
86934,0
173649,0
78672,0
148792,0
170696,0
6446,0
42005,0
89040,0
41051,0
178759,0
130223,0
198381,0
62185,0
70848,0
113965,0
62456,0
131341,0
53983,0
179002,0
99115,0
163708,0
43384,0
124031,0
46330,0
56713,0
60463,0
199978,0
163364,0
148935,0
157968,0
77555,0
55078,0
106432,0
145242,0
70706,0
92320,0
140061,0
37889,0
112702,0
36229,0
16777,0
138616,0
16652,0
130913,0
16910,0
129791,0
3608,0
24380,0
184492,0
166861,0
95268,0
105702,0
6290,0
30167,0
177672,0
164418,0
165028,0
96116,0
159549,0
31724,0
127760,0
108532,0
21184,0
41543,0
1219,0
84311,0
106267,0
186463,0
78916,0
75996,0
18791,0
103981,0
122007,0
106738,0
88318,0
51754,0
133725,0
41731,0
127667,0
176463,0
57393,0
169157,0
42296,0
31865,0
76278,0
191962,0
190779,0
85342,0
110806,0
179146,0
135421,0
82868,0
39690,0
133562,0
157527,0
174425,0
97588,0
162363,0
128601,0
172174,0
145825,0
185063,0
104671,0
114605,0
83845,0
55345,0
136627,0
103094,0
51246,0
30838,0
132922,0
43214,0
64600,0
180242,0
118629,0
97840,0
72572,0
494,0
177534,0
93771,0
197515,0
183474,0
21420,0
126398,0
135342,0
89913,0
11049,0
186313,0
175411,0
134900,0
61748,0
50394,0
18593,0
6011,0
47366,0
161278,0
166042,0
53438,0
186712,0
33747,0
46487,0
126089,0
97692,0
117038,0
184641,0
172931,0
14304,0
28573,0
22220,0
6085,0
10324,0
139909,0
80895,0
144330,0
131746,0
111224,0
64027,0
30794,0
105001,0
16858,0
41477,0
3712,0
43056,0
60659,0
175406,0
139642,0
194913,0
6523,0
38001,0
84020,0
102857,0
62676,0
133650,0
193921,0
190184,0
160588,0
185267,0
184156,0
130998,0
115811,0
8615,0
30669,0
198122,0
78909,0
112766,0
183833,0
85644,0
94527,0
138031,0
193029,0
144708,0
73443,0
135105,0
75147,0
108650,0
80476,0
22450,0
12750,0
70063,0
93291,0
170991,0
37690,0
75980,0
195247,0
169611,0
123116,0
97329,0
133969,0
31993,0
116297,0
41590,0
2299,0
92777,0
89439,0
24264,0
128802,0
176130,0
61048,0
96643,0
97768,0
56680,0
78222,0
181294,0
16034,0
13018,0
121687,0
94748,0
55644,0
102615,0
185658,0
7561,0
119036,0
22790,0
40658,0
73426,0
88631,0
191051,0
113674,0
187513,0
104743,0
140746,0
43288,0
4063,0
26420,0
76738,0
62877,0
134897,0
191084,0
103523,0
22451,0
124359,0
21537,0
39912,0
161517,0
64648,0
44614,0
49236,0
135944,0
160224,0
198488,0
129772,0
153296,0
10578,0
182568,0
26616,0
187866,0
194285,0
178817,0
159557,0
23007,0
58104,0
51853,0
65156,0
88296,0
172412,0
143633,0
128033,0
22610,0
106509,0
55106,0
112874,0
176049,0
45595,0
30225,0
106918,0
195948,0
39561,0
116832,0
72829,0
11383,0
161683,0
189751,0
31398,0
96697,0
109640,0
143513,0
116960,0
192641,0
62716,0
149161,0
182704,0
199100,0
76110,0
167935,0
175954,0
43496,0
153512,0
20324,0
142375,0
141082,0
178184,0
149893,0
1717,0
121972,0
166036,0
98135,0
21494,0
184293,0
163309,0
98830,0
108041,0
18388,0
162906,0
16724,0
29786,0
104497,0
42496,0
139437,0
199913,0
179007,0
187736,0
18822,0
73584,0
27086,0
188997,0
30946,0
20236,0
15335,0
99992,0
106371,0
155552,0
75405,0
45734,0
157334,0
68352,0
163187,0
142573,0
132184,0
118408,0
117673,0
9555,0
8033,0
119923,0
109170,0
39363,0
40015,0
190853,0
8716,0
89570,0
2977,0
100389,0
164554,0
9322,0
190919,0
9257,0
62517,0
23176,0
180667,0
5008,0
178776,0
195859,0
192957,0
149159,0
137118,0
100385,0
146268,0
20521,0
155535,0
66785,0
87703,0
122723,0
187600,0
136777,0
165615,0
117270,0
61710,0
176836,0
158208,0
11934,0
53295,0
167394,0
15458,0
134500,0
8126,0
165394,0
27050,0
122725,0
169144,0
124133,0
99673,0
120861,0
152241,0
7286,0
144270,0
84510,0
37403,0
137147,0
119585,0
130877,0
138513,0
78044,0
22816,0
36527,0
195012,0
51203,0
192123,0
165482,0
194221,0
168585,0
119341,0
8220,0
187789,0
20080,0
132510,0
6016,0
96880,0
105582,0
116123,0
38028,0
193209,0
63572,0
17919,0
189861,0
8227,0
61381,0
130572,0
108852,0
37604,0
32363,0
72140,0
95955,0
18828,0
121298,0
129415,0
3449,0
170139,0
168214,0
195805,0
170695,0
30505,0
51739,0
188963,0
23706,0
6903,0
189758,0
177970,0
35488,0
152306,0
45233,0
109183,0
131004,0
119275,0
68561,0
176206,0
189312,0
52683,0
47010,0
5499,0
65644,0
141499,0
84261,0
191838,0
158347,0
10327,0
23844,0
178423,0
58561,0
11162,0
32629,0
115713,0
75792,0
159050,0
164284,0
190525,0
61903,0
150819,0
32223,0
69019,0
161914,0
109545,0
109580,0
58857,0
146381,0
119104,0
3919,0
65129,0
113259,0
95706,0
22058,0
46189,0
46568,0
120656,0
97159,0
82153,0
147730,0
197271,0
42501,0
84306,0
141169,0
125845,0
83566,0
2473,0
51854,0
190596,0
112867,0
4690,0
164094,0
106519,0
65115,0
127546,0
122881,0
71848,0
3854,0
17120,0
79346,0
191092,0
64492,0
73396,0
185980,0
79348,0
169758,0
16218,0
184894,0
21152,0
158662,0
104666,0
2017,0
47295,0
198351,0
156474,0
180332,0
184001,0
104511,0
89805,0
118492,0
156212,0
157003,0
166494,0
195362,0
37804,0
99894,0
79030,0
54921,0
53466,0
142756,0
199601,0
163509,0
167481,0
161598,0
1159,0
61220,0
1450,0
174423,0
59506,0
19161,0
11520,0
184465,0
153776,0
38985,0
39116,0
75185,0
16479,0
87274,0
9240,0
167448,0
165718,0
184332,0
20677,0
156291,0
72651,0
16628,0
67060,0
13044,0
2101,0
144483,0
147187,0
66199,0
127931,0
110859,0
157031,0
182318,0
7750,0
156984,0
84325,0
143148,0
140578,0
187762,0
106030,0
167417,0
33064,0
184369,0
16285,0
108899,0
58002,0
87340,0
192047,0
50795,0
80974,0
91020,0
6113,0
132612,0
50509,0
126763,0
173463,0
171153,0
9854,0
68391,0
174897,0
42834,0
147616,0
7280,0
197944,0
151681,0
119270,0
69017,0
39192,0
87655,0
182855,0
26929,0
28865,0
138600,0
46979,0
147392,0
50117,0
48763,0
15341,0
161309,0
75005,0
82852,0
103845,0
141394,0
145234,0
51676,0
188475,0
103525,0
178407,0
71671,0
45484,0
180843,0
106373,0
169950,0
38517,0
31651,0
130477,0
198758,0
54966,0
132062,0
145261,0
181214,0
105479,0
68044,0
73945,0
65909,0
75170,0
8971,0
21611,0
42597,0
69391,0
111611,0
190966,0
7516,0
186783,0
142544,0
40866,0
25775,0
196313,0
141770,0
56572,0
36071,0
190517,0
185129,0
137277,0
192681,0
63951,0
131419,0
13919,0
124007,0
66429,0
151053,0
148652,0
37852,0
151116,0
190558,0
15916,0
11338,0
198859,0
6285,0
59538,0
123759,0
168132,0
133314,0
16344,0
108329,0
145219,0
163016,0
123398,0
123747,0
145057,0
94346,0
24987,0
125776,0
26152,0
93387,0
57273,0
58390,0
96319,0
104526,0
199560,0
45955,0
119587,0
121715,0
69356,0
83984,0
51230,0
150248,0
131963,0
125317,0
74460,0
61263,0
106471,0
124693,0
189612,0
75325,0
36968,0
22885,0
80470,0
95815,0
146196,0
168697,0
62835,0
45597,0
130870,0
167686,0
131888,0
113756,0
124384,0
2837,0
99830,0
177370,0
161064,0
113951,0
171372,0
191358,0
175822,0
76511,0
23021,0
19695,0
98318,0
169708,0
44632,0
194058,0
197189,0
135669,0
139790,0
196635,0
180216,0
60648,0
128812,0
145914,0
165057,0
108239,0
64519,0
18774,0
90325,0
32205,0
155202,0
114146,0
17836,0
146275,0
145789,0
60308,0
87616,0
163225,0
38212,0
87348,0
188486,0
160014,0
18182,0
171988,0
103949,0
173280,0
12344,0
187783,0
45359,0
38177,0
32524,0
100742,0
189150,0
145816,0
153576,0
28776,0
150805,0
69404,0
23396,0
158819,0
62555,0
189210,0
171306,0
199917,0
79540,0
110976,0
119359,0
163145,0
141387,0
90580,0
158388,0
13784,0
68717,0
120011,0
123810,0
107685,0
107914,0
197967,0
53722,0
158703,0
171796,0
20743,0
141866,0
127685,0
142141,0
86778,0
175743,0
108738,0
104475,0
73079,0
178532,0
176752,0
164931,0
20259,0
98426,0
136489,0
43828,0
23211,0
77865,0
101638,0
169931,0
80390,0
22222,0
187488,0
51296,0
70896,0
147231,0
140955,0
75586,0
147684,0
136977,0
6645,0
8139,0
55654,0
46984,0
140642,0
52448,0
12084,0
45969,0
147691,0
83940,0
142779,0
61154,0
43985,0
183089,0
169546,0
176644,0
38503,0
25524,0
183501,0
176464,0
154898,0
11668,0
18986,0
16075,0
122254,0
166996,0
83504,0
18750,0
55187,0
17366,0
143555,0
181390,0
60566,0
196287,0
134982,0
183518,0
170303,0
58739,0
136846,0
190211,0
152483,0
77781,0
186972,0
36128,0
195844,0
144988,0
73296,0
109101,0
48658,0
115017,0
91634,0
142481,0
151163,0
71558,0
24951,0
16317,0
184907,0
191375,0
181391,0
112594,0
94039,0
174979,0
115170,0
134798,0
56954,0
93977,0
101916,0
122958,0
143864,0
14814,0
138849,0
74136,0
143876,0
112188,0
165850,0
50628,0
78273,0
123,0
119936,0
84302,0
27847,0
122840,0
27836,0
119704,0
168871,0
169501,0
122824,0
194785,0
130590,0
144451,0
133627,0
37673,0
176962,0
21271,0
191447,0
123559,0
144539,0
17204,0
192351,0
101198,0
175407,0
35797,0
39225,0
149647,0
186345,0
131555,0
192393,0
54091,0
64317,0
134117,0
3434,0
89399,0
129310,0
31899,0
149010,0
160612,0
199511,0
93269,0
195774,0
59810,0
124159,0
54064,0
130740,0
100206,0
6292,0
116522,0
130735,0
97575,0
122901,0
156644,0
64979,0
164166,0
109912,0
15064,0
63872,0
55910,0
71281,0
37880,0
82681,0
137241,0
3593,0
126065,0
132285,0
155533,0
145627,0
127920,0
89646,0
121434,0
4577,0
114575,0
156710,0
139178,0
72750,0
136203,0
74986,0
112901,0
712,0
27842,0
111854,0
152960,0
194948,0
195027,0
39179,0
95498,0
125387,0
56113,0
22558,0
155755,0
181920,0
154070,0
48260,0
66488,0
51024,0
20323,0
115423,0
179548,0
194370,0
144780,0
157053,0
48227,0
58230,0
47530,0
16137,0
130560,0
191287,0
31805,0
195116,0
161115,0
58257,0
81052,0
140574,0
153680,0
57758,0
75554,0
186312,0
113368,0
62694,0
142600,0
168712,0
157291,0
122753,0
191001,0
99687,0
22332,0
17230,0
23453,0
67608,0
44217,0
111949,0
169960,0
199403,0
15965,0
40800,0
12787,0
174328,0
80944,0
39695,0
144860,0
157565,0
97882,0
169763,0
44156,0
40751,0
16693,0
137874,0
114712,0
19684,0
186548,0
79416,0
168614,0
165503,0
2063,0
95333,0
112438,0
31775,0
31851,0
179353,0
260,0
22101,0
142164,0
173805,0
52846,0
157977,0
43009,0
175997,0
153237,0
143911,0
63748,0
78406,0
74371,0
23993,0
173549,0
117595,0
37274,0
196980,0
129971,0
159085,0
8642,0
97157,0
85210,0
80126,0
35320,0
12896,0
178934,0
142054,0
16306,0
4425,0
84859,0
28454,0
49841,0
182093,0
199221,0
42058,0
6990,0
178692,0
4775,0
131304,0
196544,0
10812,0
26182,0
158028,0
190360,0
122392,0
187807,0
9675,0
6403,0
99881,0
112113,0
15778,0
143577,0
128245,0
26849,0
176268,0
147746,0
86961,0
91845,0
40079,0
2679,0
16471,0
11013,0
141840,0
9056,0
36626,0
60683,0
128917,0
35767,0
128001,0
144881,0
141436,0
44781,0
60980,0
34616,0
46853,0
169925,0
62655,0
27159,0
152143,0
144944,0
110807,0
61000,0
121272,0
76985,0
102384,0
87622,0
18349,0
197228,0
65859,0
69913,0
194038,0
114996,0
49354,0
186030,0
130922,0
126477,0
116289,0
25030,0
157683,0
195784,0
194484,0
11041,0
195920,0
151290,0
139204,0
94159,0
20932,0
130836,0
98361,0
119332,0
88098,0
101764,0
162527,0
75514,0
22413,0
118446,0
199089,0
89026,0
128595,0
4225,0
102830,0
194401,0
47334,0
175760,0
38344,0
86794,0
198349,0
37918,0
195239,0
97924,0
184025,0
184040,0
148327,0
188134,0
125906,0
156494,0
18904,0
79430,0
137250,0
185369,0
70079,0
58459,0
17176,0
198899,0
91856,0
95045,0
131339,0
136945,0
175722,0
130062,0
15829,0
101779,0
142065,0
188887,0
198231,0
191080,0
75422,0
92314,0
72033,0
10616,0
152546,0
751,0
180208,0
88748,0
31685,0
41925,0
33822,0
50208,0
38159,0
24602,0
164106,0
110321,0
120374,0
85374,0
151899,0
119794,0
19066,0
174117,0
148195,0
58970,0
121435,0
145078,0
127926,0
88938,0
148561,0
150170,0
186361,0
106522,0
92283,0
69454,0
189855,0
51817,0
70656,0
120976,0
42809,0
183406,0
172456,0
59594,0
37127,0
38104,0
116140,0
187285,0
185439,0
42492,0
145959,0
37097,0
113149,0
74296,0
97005,0
78235,0
109192,0
105928,0
41126,0
62524,0
52087,0
14462,0
154503,0
92975,0
100937,0
159727,0
58781,0
36328,0
153719,0
111470,0
91403,0
20769,0
102557,0
152455,0
173336,0
129498,0
171653,0
58680,0
30539,0
48663,0
155555,0
83386,0
88896,0
128936,0
47848,0
66670,0
196855,0
176576,0
181138,0
125202,0
142320,0
44451,0
166541,0
186985,0
81576,0
166649,0
60457,0
196881,0
69129,0
72598,0
119829,0
3829,0
138075,0
76190,0
31144,0
185777,0
144164,0
191874,0
70176,0
85042,0
18663,0
109670,0
73463,0
63888,0
99971,0
65823,0
175975,0
106055,0
27801,0
49461,0
53981,0
181249,0
36494,0
113632,0
124340,0
20530,0
150319,0
156342,0
123069,0
126841,0
183069,0
181588,0
58226,0
54703,0
91105,0
174978,0
181966,0
34834,0
126740,0
53346,0
100824,0
42689,0
118938,0
159933,0
157033,0
29696,0
47604,0
181461,0
169380,0
69012,0
62858,0
121164,0
149443,0
156391,0
12903,0
129391,0
23468,0
174814,0
139128,0
171293,0
127986,0
7540,0
198994,0
38328,0
74108,0
11505,0
114045,0
175895,0
70670,0
103611,0
14086,0
106152,0
101705,0
163426,0
160073,0
191972,0
116649,0
194617,0
141150,0
194896,0
32731,0
26773,0
191389,0
62707,0
17018,0
67012,0
47702,0
89140,0
43698,0
72492,0
4109,0
131188,0
19248,0
94461,0
62391,0
459,0
6243,0
66890,0
157730,0
55365,0
46505,0
173360,0
74718,0
110237,0
185203,0
143501,0
170089,0
56588,0
150378,0
194029,0
80683,0
113237,0
73309,0
62468,0
11722,0
152345,0
112066,0
25101,0
37506,0
29998,0
111427,0
29163,0
121545,0
1119,0
67735,0
101843,0
99373,0
189425,0
198169,0
122663,0
93354,0
173922,0
111256,0
14256,0
91639,0
66622,0
75070,0
196110,0
60189,0
137665,0
158982,0
192444,0
101576,0
63100,0
185169,0
142467,0
101181,0
63096,0
16830,0
152015,0
153048,0
37322,0
46720,0
197441,0
89376,0
179048,0
170469,0
134223,0
185940,0
161840,0
35778,0
34472,0
3516,0
118115,0
86607,0
8097,0
103868,0
190084,0
190075,0
193398,0
191194,0
61226,0
150495,0
109255,0
133807,0
79058,0
64569,0
158696,0
1245,0
5608,0
27013,0
183092,0
14612,0
84776,0
5954,0
109793,0
160936,0
51480,0
79672,0
43014,0
24810,0
156512,0
58460,0
57099,0
66845,0
115652,0
199338,0
100778,0
20772,0
147944,0
63865,0
147812,0
75388,0
11830,0
6824,0
63286,0
65028,0
150384,0
124065,0
65770,0
192586,0
6507,0
26612,0
179447,0
74949,0
40695,0
145966,0
166906,0
91498,0
192531,0
42421,0
85337,0
157147,0
144034,0
188576,0
30331,0
35681,0
97313,0
49518,0
22439,0
191807,0
199213,0
147848,0
66371,0
198040,0
176748,0
107181,0
44392,0
176753,0
181924,0
100653,0
19512,0
100156,0
53986,0
114936,0
147704,0
60250,0
103014,0
128611,0
39906,0
141490,0
109505,0
34307,0
53545,0
149810,0
62381,0
20029,0
118060,0
8422,0
35668,0
69342,0
149582,0
137293,0
101632,0
168930,0
87499,0
50621,0
162336,0
14260,0
155694,0
8588,0
48609,0
27962,0
79944,0
73297,0
153755,0
140894,0
199132,0
167721,0
85491,0
48503,0
3986,0
36748,0
107414,0
180839,0
155325,0
81397,0
70082,0
46141,0
16130,0
146791,0
196071,0
150577,0
157394,0
149929,0
12390,0
153647,0
53073,0
13244,0
64650,0
114349,0
94543,0
197197,0
83241,0
196034,0
47571,0
90184,0
106396,0
150172,0
14028,0
180211,0
136969,0
30200,0
127448,0
113227,0
134304,0
58777,0
153671,0
187185,0
130279,0
189541,0
24229,0
46478,0
190378,0
13591,0
174507,0
154806,0
42889,0
139938,0
87887,0
111486,0
181722,0
83864,0
110372,0
154253,0
158669,0
3361,0
43941,0
153142,0
46279,0
29372,0
92788,0
153520,0
153189,0
40538,0
19743,0
123402,0
22145,0
68004,0
9431,0
151354,0
59774,0
189530,0
68584,0
118893,0
152950,0
157594,0
35158,0
121175,0
18930,0
61168,0
98094,0
169139,0
157645,0
169143,0
10798,0
110834,0
64941,0
99186,0
78171,0
39390,0
170021,0
68281,0
83060,0
8243,0
189359,0
165701,0
39945,0
115663,0
59660,0
44063,0
3440,0
137000,0
151186,0
196849,0
137609,0
105433,0
72585,0
79147,0
177322,0
95669,0
139854,0
864,0
22585,0
43069,0
163319,0
1138,0
67258,0
21687,0
138493,0
8025,0
146912,0
29758,0
110267,0
165775,0
198716,0
846,0
124746,0
13834,0
111608,0
41973,0
92926,0
170103,0
71301,0
193689,0
101226,0
116532,0
121484,0
13571,0
16203,0
12166,0
87883,0
178059,0
166804,0
149787,0
152670,0
164416,0
14145,0
64067,0
128141,0
181939,0
54446,0
61105,0
82062,0
26872,0
19826,0
176553,0
90422,0
119537,0
156011,0
151172,0
124585,0
37044,0
7934,0
11176,0
126238,0
193890,0
98731,0
80090,0
190479,0
87850,0
170703,0
89281,0
13451,0
193247,0
123558,0
125056,0
126814,0
132689,0
103004,0
90210,0
8795,0
125938,0
161766,0
59463,0
108198,0
70868,0
192904,0
78072,0
16937,0
32677,0
30739,0
93570,0
197109,0
42399,0
185470,0
188538,0
21134,0
95151,0
188549,0
94659,0
39559,0
90858,0
113167,0
30709,0
115916,0
95137,0
91680,0
178697,0
118943,0
426,0
66242,0
26229,0
153297,0
4542,0
49803,0
105962,0
82111,0
190274,0
77700,0
160655,0
190345,0
91540,0
166984,0
147774,0
192695,0
161446,0
126343,0
185122,0
137172,0
190405,0
126987,0
81289,0
100252,0
161863,0
33413,0
120306,0
105221,0
145307,0
199333,0
109514,0
54945,0
193449,0
146447,0
188731,0
176223,0
135658,0
179771,0
36021,0
77833,0
24458,0
117818,0
98918,0
84846,0
12250,0
183736,0
60315,0
26496,0
129780,0
182483,0
175165,0
141203,0
22228,0
191241,0
195286,0
42706,0
151404,0
75572,0
68829,0
184090,0
60741,0
103820,0
143162,0
192056,0
5475,0
88498,0
56118,0
137634,0
11430,0
112732,0
67467,0
103087,0
51390,0
28570,0
39972,0
23533,0
144817,0
90930,0
133911,0
80622,0
166237,0
86152,0
41597,0
156946,0
60396,0
197946,0
40570,0
139723,0
111116,0
130687,0
69812,0
186354,0
42859,0
157201,0
169030,0
177087,0
10858,0
134843,0
181575,0
93992,0
108906,0
177161,0
82694,0
121807,0
140397,0
84131,0
13621,0
103817,0
138703,0
186285,0
184201,0
197729,0
38601,0
51166,0
194503,0
102404,0
121965,0
134250,0
57820,0
161045,0
30790,0
149673,0
14352,0
21755,0
184642,0
33661,0
505,0
51635,0
147331,0
174321,0
75284,0
65445,0
71903,0
64336,0
125636,0
190886,0
159250,0
194074,0
1126,0
164940,0
158608,0
67569,0
157633,0
88092,0
142892,0
11785,0
186597,0
138979,0
74544,0
178571,0
614,0
158130,0
35730,0
15488,0
32377,0
102256,0
175107,0
21289,0
25277,0
141875,0
180297,0
84524,0
63650,0
86733,0
99280,0
167128,0
17481,0
54968,0
111071,0
51181,0
60229,0
95363,0
66712,0
88718,0
18145,0
66352,0
117620,0
88111,0
65450,0
46120,0
101905,0
60541,0
77888,0
135052,0
76397,0
161209,0
13332,0
161424,0
96597,0
4131,0
143366,0
198461,0
71600,0
50257,0
75829,0
123202,0
12287,0
84138,0
185564,0
115367,0
113357,0
119243,0
85912,0
163213,0
30886,0
45264,0
129964,0
81470,0
90249,0
186470,0
104391,0
150049,0
111000,0
20994,0
52656,0
84169,0
17326,0
2641,0
29264,0
10561,0
81772,0
30377,0
130070,0
108837,0
49280,0
144653,0
104485,0
80794,0
169362,0
159480,0
195008,0
199061,0
132999,0
149575,0
106431,0
198374,0
34870,0
66274,0
127414,0
22599,0
31562,0
199963,0
189939,0
176616,0
174333,0
71549,0
95468,0
189800,0
155814,0
126765,0
188411,0
80316,0
56498,0
169824,0
64444,0
117073,0
173977,0
33170,0
156621,0
65783,0
166935,0
147162,0
94452,0
44061,0
110772,0
64442,0
55148,0
16154,0
19602,0
61570,0
108715,0
93859,0
68665,0
13915,0
146955,0
185858,0
50455,0
66571,0
48832,0
156681,0
25827,0
15561,0
171813,0
111495,0
108395,0
179038,0
179033,0
184756,0
74936,0
99354,0
121374,0
182693,0
89926,0
148973,0
151070,0
42700,0
140620,0
25275,0
184774,0
168611,0
93381,0
121408,0
162953,0
170784,0
103041,0
179545,0
186431,0
95105,0
130178,0
143620,0
127120,0
162327,0
160248,0
58289,0
148720,0
188542,0
114509,0
134615,0
11454,0
20779,0
119974,0
69699,0
134844,0
76464,0
140469,0
107184,0
171455,0
81170,0
192809,0
40266,0
21883,0
77729,0
128034,0
139293,0
107192,0
173950,0
47283,0
177774,0
146714,0
111938,0
171510,0
34965,0
37125,0
165123,0
196351,0
122317,0
176690,0
124011,0
82046,0
51881,0
189737,0
20601,0
124640,0
86234,0
2895,0
10253,0
24395,0
92421,0
138010,0
158467,0
52780,0
179933,0
159148,0
120259,0
10935,0
180021,0
43522,0
181142,0
198923,0
181942,0
103664,0
160081,0
149925,0
10990,0
43169,0
113635,0
106767,0
99906,0
199085,0
90871,0
107386,0
161593,0
126512,0
29690,0
80707,0
61933,0
10674,0
81928,0
60409,0
137441,0
18970,0
129159,0
163787,0
36051,0
63695,0
150582,0
163203,0
141661,0
125958,0
123046,0
170547,0
49054,0
123051,0
86560,0
190488,0
170427,0
147669,0
146774,0
90493,0
193287,0
175539,0
97379,0
52000,0
46572,0
49039,0
66547,0
156814,0
174604,0
186530,0
101835,0
48699,0
110525,0
70914,0
110501,0
75028,0
135654,0
110489,0
155423,0
31282,0
32049,0
187437,0
27711,0
106569,0
28328,0
84785,0
52221,0
150813,0
176598,0
113042,0
16506,0
36548,0
132737,0
83451,0
157932,0
74063,0
32078,0
196320,0
192989,0
6843,0
30012,0
98849,0
162970,0
93589,0
77634,0
135126,0
78673,0
155186,0
13907,0
178421,0
49636,0
110135,0
71546,0
66145,0
123186,0
49364,0
122418,0
179187,0
137796,0
9646,0
34353,0
49807,0
89104,0
49794,0
178936,0
179145,0
83012,0
16919,0
126073,0
144926,0
59650,0
71795,0
49742,0
8703,0
142333,0
10023,0
131598,0
178972,0
54777,0
198185,0
192099,0
157209,0
155651,0
109797,0
11995,0
101381,0
87267,0
103126,0
50428,0
154155,0
188199,0
47989,0
50344,0
101928,0
95465,0
46013,0
121936,0
175301,0
145867,0
165638,0
142757,0
8369,0
29480,0
36928,0
191947,0
47535,0
90769,0
22235,0
58266,0
72955,0
135921,0
153638,0
2135,0
123970,0
177508,0
142875,0
44340,0
6019,0
22487,0
151476,0
89687,0
177284,0
153784,0
13065,0
9463,0
101272,0
145576,0
47105,0
130709,0
155949,0
45994,0
146570,0
144574,0
123630,0
87943,0
68490,0
151766,0
76959,0
15402,0
27936,0
58533,0
115944,0
15379,0
62699,0
103509,0
179521,0
129792,0
76709,0
102346,0
79425,0
162169,0
121613,0
13064,0
128737,0
164731,0
173583,0
75696,0
132085,0
75694,0
75689,0
187915,0
19108,0
8619,0
144181,0
50065,0
39120,0
131024,0
143962,0
140021,0
72960,0
152565,0
77923,0
66874,0
118894,0
175706,0
341,0
50352,0
96906,0
88948,0
10969,0
65871,0
193412,0
108313,0
164691,0
90922,0
4300,0
194293,0
134910,0
65223,0
126836,0
143120,0
42570,0
75817,0
165907,0
75856,0
92738,0
75357,0
47962,0
133504,0
161026,0
118510,0
194959,0
131886,0
64570,0
5961,0
195055,0
139743,0
195119,0
184065,0
195150,0
18068,0
157499,0
20444,0
84525,0
30300,0
147586,0
143857,0
114538,0
49503,0
112937,0
120292,0
117716,0
34373,0
113653,0
58828,0
11760,0
97372,0
196077,0
166465,0
193348,0
80775,0
65866,0
46706,0
105898,0
48964,0
193664,0
16824,0
8914,0
125228,0
166747,0
31901,0
81921,0
128127,0
167220,0
25029,0
105647,0
47499,0
52120,0
123837,0
5546,0
162068,0
82683,0
100369,0
94210,0
42114,0
78680,0
181213,0
67514,0
117050,0
126037,0
123849,0
153707,0
86156,0
15901,0
144797,0
198120,0
14809,0
17044,0
172075,0
100477,0
19394,0
171937,0
197390,0
10086,0
35023,0
96083,0
197637,0
96134,0
71543,0
94781,0
67761,0
130337,0
100822,0
145628,0
67759,0
135777,0
171681,0
38055,0
45202,0
127108,0
67754,0
87175,0
159825,0
173091,0
100931,0
162809,0
106529,0
140470,0
162833,0
12709,0
72166,0
10792,0
63297,0
71108,0
50883,0
30702,0
67385,0
144544,0
172328,0
169107,0
79168,0
13522,0
137612,0
107497,0
12495,0
10123,0
26292,0
52363,0
129497,0
80981,0
110993,0
35727,0
191902,0
68255,0
139766,0
196852,0
150003,0
79787,0
140768,0
5628,0
188313,0
70720,0
3077,0
162349,0
128788,0
135875,0
19400,0
147060,0
119253,0
130653,0
145878,0
178832,0
86001,0
120833,0
126140,0
8207,0
99785,0
191482,0
179743,0
133764,0
54158,0
158342,0
101545,0
43556,0
143319,0
123622,0
176813,0
176814,0
65467,0
124351,0
70731,0
70760,0
7742,0
153443,0
110673,0
102585,0
30783,0
166210,0
138636,0
153881,0
141015,0
103701,0
27179,0
172364,0
36914,0
47580,0
69562,0
172298,0
69644,0
165450,0
30862,0
134806,0
129657,0
7477,0
188265,0
31706,0
86994,0
171518,0
81382,0
53199,0
95528,0
189618,0
75759,0
105141,0
57861,0
57947,0
118281,0
38648,0
84199,0
2812,0
131541,0
130809,0
93329,0
93687,0
139315,0
72254,0
168053,0
128453,0
56507,0
3758,0
26757,0
43367,0
25949,0
56602,0
72128,0
34452,0
73953,0
186738,0
136294,0
39000,0
25326,0
66232,0
117542,0
139308,0
36423,0
126469,0
50595,0
55997,0
186192,0
160530,0
155638,0
102842,0
169009,0
8397,0
152525,0
67561,0
36318,0
88814,0
11916,0
174960,0
39128,0
94011,0
128727,0
96962,0
105755,0
85937,0
186370,0
7065,0
26834,0
86250,0
115093,0
24741,0
38886,0
173887,0
143592,0
111446,0
65789,0
88141,0
138073,0
16734,0
65779,0
52273,0
138894,0
48831,0
89342,0
75004,0
18643,0
25918,0
149580,0
65864,0
129051,0
186290,0
101649,0
51573,0
36124,0
186990,0
180393,0
71616,0
185427,0
15236,0
66080,0
150055,0
125083,0
11767,0
91152,0
199679,0
105863,0
86435,0
190512,0
93496,0
154832,0
24727,0
19000,0
41039,0
131379,0
41308,0
21541,0
90171,0
21903,0
46679,0
198454,0
32005,0
182521,0
47249,0
23638,0
100964,0
31910,0
62320,0
159287,0
163587,0
90367,0
151242,0
108178,0
46716,0
132133,0
44720,0
76889,0
163799,0
19884,0
142349,0
196183,0
20264,0
162860,0
164307,0
182398,0
25251,0
76674,0
90126,0
83559,0
137606,0
126045,0
183200,0
62979,0
79917,0
100723,0
46108,0
183983,0
59964,0
125698,0
15931,0
103407,0
125974,0
44216,0
119458,0
92623,0
89951,0
182993,0
45681,0
45821,0
158863,0
38126,0
127095,0
80165,0
150135,0
161624,0
163536,0
83028,0
133434,0
799,0
101203,0
32237,0
10786,0
154996,0
32542,0
196103,0
188309,0
170720,0
123286,0
127609,0
46531,0
63050,0
64265,0
20566,0
113866,0
37085,0
55329,0
105842,0
83530,0
171714,0
138978,0
161853,0
147865,0
103802,0
195928,0
51977,0
43894,0
53647,0
159403,0
171637,0
142465,0
57268,0
97296,0
93435,0
308,0
190516,0
164594,0
84848,0
86489,0
174131,0
140889,0
183565,0
182528,0
41078,0
138104,0
156593,0
146839,0
84652,0
48748,0
11651,0
112826,0
58915,0
91262,0
80842,0
66939,0
27402,0
140,0
163557,0
169557,0
96805,0
29520,0
137502,0
136392,0
110076,0
158432,0
100007,0
155224,0
16178,0
60519,0
168842,0
78032,0
2132,0
119016,0
22514,0
55867,0
22522,0
87695,0
149239,0
181291,0
102526,0
147098,0
191506,0
82138,0
36314,0
155424,0
85953,0
50619,0
96707,0
174698,0
45238,0
182163,0
46018,0
1611,0
1886,0
169955,0
13239,0
77746,0
164032,0
192953,0
144914,0
86317,0
144935,0
192994,0
6880,0
127055,0
130388,0
124144,0
190980,0
20722,0
185706,0
19502,0
191079,0
66649,0
99736,0
106656,0
22443,0
168123,0
9755,0
111220,0
83293,0
128473,0
30448,0
20926,0
43118,0
49842,0
175649,0
86222,0
56646,0
174849,0
82335,0
75986,0
127156,0
188679,0
116767,0
181992,0
143145,0
171420,0
23851,0
138835,0
34093,0
71020,0
170805,0
179455,0
1416,0
76048,0
143133,0
143083,0
112624,0
194177,0
79225,0
112608,0
38682,0
133533,0
143174,0
59865,0
138880,0
19610,0
171181,0
101332,0
94655,0
90989,0
9416,0
4687,0
90806,0
120386,0
154441,0
44912,0
19314,0
195308,0
172705,0
103175,0
171614,0
57519,0
87403,0
165593,0
179473,0
98177,0
133558,0
194904,0
65104,0
23167,0
70754,0
160235,0
35935,0
79835,0
89564,0
160234,0
47197,0
184248,0
44975,0
199068,0
10158,0
179355,0
153840,0
24829,0
30955,0
14044,0
151550,0
98110,0
143387,0
18207,0
9428,0
81524,0
97096,0
59869,0
109573,0
135160,0
34430,0
15951,0
37974,0
36145,0
6471,0
60419,0
123173,0
164613,0
45323,0
134021,0
116653,0
26619,0
179984,0
16015,0
10167,0
72838,0
174741,0
77797,0
64495,0
56574,0
94211,0
167919,0
194643,0
156223,0
81543,0
83310,0
163468,0
113830,0
47939,0
152861,0
51374,0
79533,0
135741,0
169718,0
172061,0
163005,0
183963,0
9442,0
47303,0
88777,0
93940,0
160577,0
79970,0
72906,0
38620,0
72174,0
45900,0
20693,0
45884,0
147025,0
131872,0
72984,0
87764,0
66952,0
16141,0
132001,0
28211,0
3628,0
163796,0
98050,0
118269,0
172683,0
151591,0
163500,0
40506,0
20112,0
187810,0
94942,0
165054,0
68760,0
168290,0
38548,0
132511,0
86179,0
192370,0
182731,0
191090,0
47855,0
168853,0
168374,0
25585,0
188953,0
34900,0
162184,0
160197,0
79029,0
187968,0
91009,0
48988,0
170518,0
193604,0
32739,0
170488,0
70180,0
125179,0
13448,0
68145,0
95239,0
44298,0
31119,0
33069,0
132906,0
76340,0
193430,0
71512,0
130104,0
17530,0
5746,0
121437,0
160142,0
82040,0
76386,0
94482,0
75313,0
170746,0
8979,0
79123,0
88601,0
131579,0
97756,0
83700,0
68028,0
121505,0
25570,0
116824,0
70370,0
80617,0
86633,0
101547,0
57439,0
38595,0
43531,0
22933,0
30147,0
98267,0
55869,0
69122,0
24580,0
23583,0
151965,0
177948,0
110302,0
182537,0
180052,0
46530,0
65211,0
43430,0
61877,0
129514,0
37357,0
107146,0
4616,0
46506,0
35077,0
70805,0
141216,0
84047,0
46485,0
48125,0
16031,0
78867,0
119925,0
28507,0
76303,0
193082,0
159981,0
125831,0
61407,0
134043,0
129157,0
30056,0
87023,0
61255,0
31569,0
161389,0
92704,0
114577,0
167317,0
13501,0
167326,0
148065,0
128952,0
21258,0
154057,0
143178,0
79190,0
80818,0
22867,0
70853,0
46410,0
141043,0
42623,0
2465,0
109451,0
191466,0
181935,0
130595,0
191504,0
122969,0
60477,0
173391,0
162242,0
60068,0
108033,0
91319,0
12332,0
13837,0
85939,0
32821,0
137018,0
129913,0
79465,0
101975,0
163167,0
38047,0
191279,0
120530,0
95793,0
20902,0
14832,0
197531,0
52473,0
100865,0
120934,0
120932,0
154942,0
82257,0
99721,0
11004,0
71458,0
7045,0
7044,0
62951,0
133888,0
19024,0
53087,0
70218,0
173925,0
28449,0
135553,0
111430,0
114259,0
5461,0
182493,0
161519,0
62916,0
67903,0
153245,0
186671,0
190755,0
51684,0
132725,0
5409,0
54346,0
51365,0
81115,0
104722,0
136096,0
119487,0
169786,0
119307,0
12548,0
137133,0
162973,0
40507,0
3491,0
40502,0
102553,0
189913,0
21645,0
70779,0
198612,0
117029,0
18261,0
129813,0
182245,0
160372,0
134375,0
52618,0
62780,0
171185,0
99608,0
197370,0
140712,0
182166,0
28065,0
65236,0
199343,0
108281,0
9123,0
12492,0
48307,0
150976,0
163941,0
177802,0
128391,0
7278,0
135129,0
164041,0
15589,0
5718,0
105781,0
114925,0
46140,0
29761,0
20046,0
147314,0
100550,0
8475,0
30868,0
158142,0
138228,0
109678,0
44256,0
113958,0
23557,0
127724,0
117533,0
74798,0
21440,0
137290,0
113562,0
183744,0
41056,0
11387,0
156459,0
130669,0
180370,0
196017,0
172293,0
23924,0
195915,0
152028,0
13184,0
152021,0
153756,0
104464,0
157752,0
100212,0
183074,0
17266,0
84614,0
92669,0
65473,0
36719,0
100095,0
175921,0
101129,0
147918,0
194046,0
13204,0
48650,0
156352,0
93306,0
147892,0
23956,0
41794,0
147885,0
48110,0
48979,0
163505,0
36948,0
50630,0
127951,0
184049,0
50531,0
72970,0
198921,0
40682,0
130764,0
198976,0
93935,0
88675,0
160551,0
188195,0
64937,0
134824,0
85668,0
84137,0
92725,0
142029,0
106439,0
114724,0
148832,0
87240,0
24322,0
76641,0
117313,0
152628,0
33926,0
61305,0
101936,0
78299,0
106453,0
135360,0
73059,0
106782,0
160065,0
192213,0
157364,0
37661,0
172687,0
133653,0
165890,0
71286,0
166631,0
75136,0
190249,0
142897,0
193945,0
26998,0
161061,0
149169,0
165331,0
70389,0
164593,0
146690,0
61139,0
161550,0
156733,0
113502,0
14685,0
119212,0
109197,0
48882,0
125204,0
150315,0
87906,0
47455,0
158689,0
166923,0
126402,0
116814,0
6249,0
148415,0
4330,0
123624,0
141549,0
30690,0
199040,0
90983,0
59903,0
183854,0
114917,0
98434,0
42796,0
33712,0
133513,0
164889,0
165005,0
194598,0
22813,0
157081,0
104928,0
125426,0
54887,0
76523,0
88077,0
120601,0
134734,0
127683,0
111288,0
81292,0
68111,0
38787,0
162446,0
153787,0
158839,0
143259,0
148388,0
137211,0
109037,0
134925,0
105012,0
84452,0
41318,0
184400,0
41325,0
154493,0
194420,0
83097,0
13789,0
175218,0
126023,0
88770,0
178630,0
128818,0
3519,0
135257,0
93855,0
66802,0
59259,0
146250,0
37199,0
146248,0
39328,0
67504,0
114056,0
178559,0
150937,0
180966,0
77920,0
43120,0
77862,0
14698,0
185740,0
25940,0
168637,0
152940,0
43163,0
107629,0
149994,0
5297,0
169320,0
18840,0
130756,0
148905,0
132598,0
178708,0
115467,0
133936,0
158325,0
72813,0
161387,0
181004,0
45609,0
26626,0
5653,0
110026,0
16780,0
40561,0
51190,0
118919,0
163561,0
168716,0
117140,0
130869,0
11833,0
19162,0
73912,0
61574,0
119775,0
126199,0
77517,0
101130,0
3844,0
17272,0
26721,0
185435,0
195998,0
11359,0
171730,0
164276,0
46537,0
53609,0
61588,0
78908,0
176053,0
110915,0
145040,0
146840,0
56815,0
57094,0
167183,0
71659,0
179072,0
162187,0
66330,0
147562,0
174357,0
66291,0
45300,0
104524,0
167605,0
180674,0
142278,0
107158,0
195993,0
136512,0
125079,0
149375,0
46431,0
2733,0
62397,0
150451,0
198090,0
138687,0
69887,0
110924,0
172637,0
70341,0
171696,0
44337,0
119480,0
22731,0
189480,0
87879,0
129652,0
134187,0
12428,0
91830,0
103513,0
2801,0
154261,0
181970,0
116529,0
7387,0
120675,0
140593,0
53250,0
69694,0
2853,0
129296,0
173114,0
69524,0
142848,0
63514,0
52933,0
20215,0
127611,0
156432,0
176080,0
183542,0
108443,0
92580,0
57079,0
138097,0
103019,0
133589,0
21908,0
193556,0
108496,0
13676,0
74373,0
15304,0
175946,0
193039,0
196665,0
196644,0
50077,0
185910,0
31992,0
118865,0
167933,0
92397,0
37148,0
83354,0
33431,0
73978,0
16188,0
98832,0
167621,0
104097,0
37047,0
161189,0
131493,0
157516,0
9205,0
75872,0
157135,0
159494,0
194725,0
108907,0
143010,0
194984,0
165509,0
114737,0
47380,0
98218,0
80467,0
195137,0
33997,0
57766,0
142669,0
93132,0
164570,0
48698,0
160886,0
181671,0
93251,0
9041,0
118657,0
122676,0
194151,0
166313,0
19599,0
157623,0
180177,0
118107,0
29226,0
27918,0
164749,0
138528,0
66707,0
135214,0
149738,0
90833,0
86462,0
146805,0
45174,0
181171,0
155017,0
43087,0
3457,0
138379,0
96287,0
169861,0
33190,0
67509,0
174488,0
62913,0
135481,0
190402,0
55088,0
135747,0
173427,0
70549,0
145474,0
146530,0
95733,0
146592,0
61501,0
32154,0
94559,0
153267,0
68139,0
55005,0
130158,0
80013,0
2543,0
128828,0
78630,0
51307,0
152658,0
50670,0
155660,0
32035,0
59292,0
22482,0
175131,0
121186,0
39174,0
8415,0
66803,0
50347,0
186100,0
118897,0
168485,0
26144,0
128698,0
99173,0
72520,0
123105,0
108008,0
362,0
81069,0
768,0
191341,0
72267,0
92339,0
67288,0
72320,0
67278,0
181807,0
130599,0
181802,0
4982,0
59405,0
4991,0
119461,0
